ID,"ANY_MOVIMENT","MES_MOVIMENT","CODI_MOVIMENT","DESCRIPCIO_MOVIMENT",TOTAL_MOVIMENTS,"CODI_ENS","NOM_ENS"
"1","2026","01","AM","Alta per Canvi de Residència","263","818460009","Ajuntament de Rubí"
"2","2026","01","AN","Alta per Naixement","6","818460009","Ajuntament de Rubí"
"3","2026","01","AO","Alta per Omisió","6","818460009","Ajuntament de Rubí"
"4","2026","01","BD","Baixa per Defunció","1","818460009","Ajuntament de Rubí"
"5","2026","01","BM","Baixa per Canvi Residència","8","818460009","Ajuntament de Rubí"
"6","2026","01","CD","Canvi de Domicili","163","818460009","Ajuntament de Rubí"
"7","2026","01","CO","Confirmacion residencia","17","818460009","Ajuntament de Rubí"
"8","2026","01","MTD","Modificació tipus document","1","818460009","Ajuntament de Rubí"
"9","2026","01","PE","Modificacion Datos Personales","157","818460009","Ajuntament de Rubí"
"10","2026","01","RC","Renovacion Residencia con cambio domicilio","7","818460009","Ajuntament de Rubí"
"11","2026","01","RN","Renovacion Residencia","167","818460009","Ajuntament de Rubí"
"12","2026","01","UI","Unificacion Inscripción","1","818460009","Ajuntament de Rubí"
"13","2025","12","AM","Alta per Canvi de Residència","362","818460009","Ajuntament de Rubí"
"14","2025","12","AN","Alta per Naixement","31","818460009","Ajuntament de Rubí"
"15","2025","12","AO","Alta per Omisió","5","818460009","Ajuntament de Rubí"
"16","2025","12","BD","Baixa per Defunció","53","818460009","Ajuntament de Rubí"
"17","2025","12","BI","Baixa Inclussió Indeguda","62","818460009","Ajuntament de Rubí"
"18","2025","12","BM","Baixa per Canvi Residència","238","818460009","Ajuntament de Rubí"
"19","2025","12","CD","Canvi de Domicili","234","818460009","Ajuntament de Rubí"
"20","2025","12","CO","Confirmacion residencia","20","818460009","Ajuntament de Rubí"
"21","2025","12","MTD","Modificació tipus document","16","818460009","Ajuntament de Rubí"
"22","2025","12","PE","Modificacion Datos Personales","225","818460009","Ajuntament de Rubí"
"23","2025","12","RC","Renovacion Residencia con cambio domicilio","14","818460009","Ajuntament de Rubí"
"24","2025","12","RN","Renovacion Residencia","95","818460009","Ajuntament de Rubí"
"25","2025","12","UI","Unificacion Inscripción","8","818460009","Ajuntament de Rubí"
"26","2025","11","AM","Alta per Canvi de Residència","290","818460009","Ajuntament de Rubí"
"27","2025","11","AN","Alta per Naixement","35","818460009","Ajuntament de Rubí"
"28","2025","11","AO","Alta per Omisió","33","818460009","Ajuntament de Rubí"
"29","2025","11","BD","Baixa per Defunció","41","818460009","Ajuntament de Rubí"
"30","2025","11","BI","Baixa Inclussió Indeguda","88","818460009","Ajuntament de Rubí"
"31","2025","11","BM","Baixa per Canvi Residència","262","818460009","Ajuntament de Rubí"
"32","2025","11","CD","Canvi de Domicili","243","818460009","Ajuntament de Rubí"
"33","2025","11","CO","Confirmacion residencia","26","818460009","Ajuntament de Rubí"
"34","2025","11","MTD","Modificació tipus document","15","818460009","Ajuntament de Rubí"
"35","2025","11","PE","Modificacion Datos Personales","202","818460009","Ajuntament de Rubí"
"36","2025","11","RC","Renovacion Residencia con cambio domicilio","9","818460009","Ajuntament de Rubí"
"37","2025","11","RN","Renovacion Residencia","185","818460009","Ajuntament de Rubí"
"38","2025","10","AM","Alta per Canvi de Residència","421","818460009","Ajuntament de Rubí"
"39","2025","10","AN","Alta per Naixement","37","818460009","Ajuntament de Rubí"
"40","2025","10","AO","Alta per Omisió","15","818460009","Ajuntament de Rubí"
"41","2025","10","BC","Baixa per Caducitat","2","818460009","Ajuntament de Rubí"
"42","2025","10","BD","Baixa per Defunció","51","818460009","Ajuntament de Rubí"
"43","2025","10","BI","Baixa Inclussió Indeguda","3","818460009","Ajuntament de Rubí"
"44","2025","10","BM","Baixa per Canvi Residència","279","818460009","Ajuntament de Rubí"
"45","2025","10","CD","Canvi de Domicili","275","818460009","Ajuntament de Rubí"
"46","2025","10","CO","Confirmacion residencia","28","818460009","Ajuntament de Rubí"
"47","2025","10","CP","Renovació padró","1","818460009","Ajuntament de Rubí"
"48","2025","10","DU","Baixa per Duplicitat","1","818460009","Ajuntament de Rubí"
"49","2025","10","MTD","Modificació tipus document","17","818460009","Ajuntament de Rubí"
"50","2025","10","PE","Modificacion Datos Personales","252","818460009","Ajuntament de Rubí"
"51","2025","10","RC","Renovacion Residencia con cambio domicilio","9","818460009","Ajuntament de Rubí"
"52","2025","10","RN","Renovacion Residencia","180","818460009","Ajuntament de Rubí"
"53","2025","10","UI","Unificacion Inscripción","2","818460009","Ajuntament de Rubí"
"54","2025","09","AM","Alta per Canvi de Residència","478","818460009","Ajuntament de Rubí"
"55","2025","09","AN","Alta per Naixement","42","818460009","Ajuntament de Rubí"
"56","2025","09","AO","Alta per Omisió","11","818460009","Ajuntament de Rubí"
"57","2025","09","BD","Baixa per Defunció","44","818460009","Ajuntament de Rubí"
"58","2025","09","BM","Baixa per Canvi Residència","273","818460009","Ajuntament de Rubí"
"59","2025","09","CD","Canvi de Domicili","296","818460009","Ajuntament de Rubí"
"60","2025","09","CO","Confirmacion residencia","8","818460009","Ajuntament de Rubí"
"61","2025","09","DU","Baixa per Duplicitat","2","818460009","Ajuntament de Rubí"
"62","2025","09","MTD","Modificació tipus document","30","818460009","Ajuntament de Rubí"
"63","2025","09","PE","Modificacion Datos Personales","263","818460009","Ajuntament de Rubí"
"64","2025","09","RC","Renovacion Residencia con cambio domicilio","8","818460009","Ajuntament de Rubí"
"65","2025","09","RN","Renovacion Residencia","130","818460009","Ajuntament de Rubí"
"66","2025","09","UI","Unificacion Inscripción","6","818460009","Ajuntament de Rubí"
"67","2025","08","AM","Alta per Canvi de Residència","392","818460009","Ajuntament de Rubí"
"68","2025","08","AN","Alta per Naixement","60","818460009","Ajuntament de Rubí"
"69","2025","08","AO","Alta per Omisió","6","818460009","Ajuntament de Rubí"
"70","2025","08","BC","Baixa per Caducitat","6","818460009","Ajuntament de Rubí"
"71","2025","08","BD","Baixa per Defunció","50","818460009","Ajuntament de Rubí"
"72","2025","08","BM","Baixa per Canvi Residència","243","818460009","Ajuntament de Rubí"
"73","2025","08","CD","Canvi de Domicili","212","818460009","Ajuntament de Rubí"
"74","2025","08","CO","Confirmacion residencia","10","818460009","Ajuntament de Rubí"
"75","2025","08","DU","Baixa per Duplicitat","1","818460009","Ajuntament de Rubí"
"76","2025","08","MTD","Modificació tipus document","25","818460009","Ajuntament de Rubí"
"77","2025","08","PE","Modificacion Datos Personales","264","818460009","Ajuntament de Rubí"
"78","2025","08","RC","Renovacion Residencia con cambio domicilio","13","818460009","Ajuntament de Rubí"
"79","2025","08","RN","Renovacion Residencia","160","818460009","Ajuntament de Rubí"
"80","2025","08","UI","Unificacion Inscripción","4","818460009","Ajuntament de Rubí"
"81","2025","07","AM","Alta per Canvi de Residència","512","818460009","Ajuntament de Rubí"
"82","2025","07","AN","Alta per Naixement","49","818460009","Ajuntament de Rubí"
"83","2025","07","AO","Alta per Omisió","20","818460009","Ajuntament de Rubí"
"84","2025","07","BC","Baixa per Caducitat","210","818460009","Ajuntament de Rubí"
"85","2025","07","BD","Baixa per Defunció","45","818460009","Ajuntament de Rubí"
"86","2025","07","BM","Baixa per Canvi Residència","327","818460009","Ajuntament de Rubí"
"87","2025","07","CD","Canvi de Domicili","312","818460009","Ajuntament de Rubí"
"88","2025","07","CO","Confirmacion residencia","21","818460009","Ajuntament de Rubí"
"89","2025","07","DU","Baixa per Duplicitat","2","818460009","Ajuntament de Rubí"
"90","2025","07","MTD","Modificació tipus document","34","818460009","Ajuntament de Rubí"
"91","2025","07","PE","Modificacion Datos Personales","378","818460009","Ajuntament de Rubí"
"92","2025","07","RC","Renovacion Residencia con cambio domicilio","5","818460009","Ajuntament de Rubí"
"93","2025","07","RN","Renovacion Residencia","192","818460009","Ajuntament de Rubí"
"94","2025","07","UI","Unificacion Inscripción","3","818460009","Ajuntament de Rubí"
"95","2025","06","AM","Alta per Canvi de Residència","439","818460009","Ajuntament de Rubí"
"96","2025","06","AN","Alta per Naixement","38","818460009","Ajuntament de Rubí"
"97","2025","06","AO","Alta per Omisió","9","818460009","Ajuntament de Rubí"
"98","2025","06","BD","Baixa per Defunció","49","818460009","Ajuntament de Rubí"
"99","2025","06","BI","Baixa Inclussió Indeguda","1","818460009","Ajuntament de Rubí"
"100","2025","06","BM","Baixa per Canvi Residència","264","818460009","Ajuntament de Rubí"
"101","2025","06","CD","Canvi de Domicili","251","818460009","Ajuntament de Rubí"
"102","2025","06","CO","Confirmacion residencia","10","818460009","Ajuntament de Rubí"
"103","2025","06","DU","Baixa per Duplicitat","1","818460009","Ajuntament de Rubí"
"104","2025","06","MTD","Modificació tipus document","33","818460009","Ajuntament de Rubí"
"105","2025","06","PE","Modificacion Datos Personales","547","818460009","Ajuntament de Rubí"
"106","2025","06","RC","Renovacion Residencia con cambio domicilio","13","818460009","Ajuntament de Rubí"
"107","2025","06","RN","Renovacion Residencia","136","818460009","Ajuntament de Rubí"
"108","2025","06","UI","Unificacion Inscripción","7","818460009","Ajuntament de Rubí"
"109","2025","05","AM","Alta per Canvi de Residència","476","818460009","Ajuntament de Rubí"
"110","2025","05","AN","Alta per Naixement","40","818460009","Ajuntament de Rubí"
"111","2025","05","AO","Alta per Omisió","19","818460009","Ajuntament de Rubí"
"112","2025","05","BC","Baixa per Caducitat","28","818460009","Ajuntament de Rubí"
"113","2025","05","BD","Baixa per Defunció","54","818460009","Ajuntament de Rubí"
"114","2025","05","BI","Baixa Inclussió Indeguda","123","818460009","Ajuntament de Rubí"
"115","2025","05","BM","Baixa per Canvi Residència","312","818460009","Ajuntament de Rubí"
"116","2025","05","CD","Canvi de Domicili","345","818460009","Ajuntament de Rubí"
"117","2025","05","CO","Confirmacion residencia","16","818460009","Ajuntament de Rubí"
"118","2025","05","CP","Renovació padró","1","818460009","Ajuntament de Rubí"
"119","2025","05","MTD","Modificació tipus document","37","818460009","Ajuntament de Rubí"
"120","2025","05","PE","Modificacion Datos Personales","445","818460009","Ajuntament de Rubí"
"121","2025","05","RC","Renovacion Residencia con cambio domicilio","8","818460009","Ajuntament de Rubí"
"122","2025","05","RN","Renovacion Residencia","152","818460009","Ajuntament de Rubí"
"123","2025","05","UI","Unificacion Inscripción","2","818460009","Ajuntament de Rubí"
"124","2025","04","AM","Alta per Canvi de Residència","405","818460009","Ajuntament de Rubí"
"125","2025","04","AN","Alta per Naixement","43","818460009","Ajuntament de Rubí"
"126","2025","04","AO","Alta per Omisió","25","818460009","Ajuntament de Rubí"
"127","2025","04","BC","Baixa per Caducitat","77","818460009","Ajuntament de Rubí"
"128","2025","04","BD","Baixa per Defunció","43","818460009","Ajuntament de Rubí"
"129","2025","04","BI","Baixa Inclussió Indeguda","108","818460009","Ajuntament de Rubí"
"130","2025","04","BM","Baixa per Canvi Residència","278","818460009","Ajuntament de Rubí"
"131","2025","04","CD","Canvi de Domicili","285","818460009","Ajuntament de Rubí"
"132","2025","04","CO","Confirmacion residencia","21","818460009","Ajuntament de Rubí"
"133","2025","04","MTD","Modificació tipus document","44","818460009","Ajuntament de Rubí"
"134","2025","04","PE","Modificacion Datos Personales","320","818460009","Ajuntament de Rubí"
"135","2025","04","RC","Renovacion Residencia con cambio domicilio","4","818460009","Ajuntament de Rubí"
"136","2025","04","RN","Renovacion Residencia","160","818460009","Ajuntament de Rubí"
"137","2025","04","UI","Unificacion Inscripción","2","818460009","Ajuntament de Rubí"
"138","2025","03","AM","Alta per Canvi de Residència","431","818460009","Ajuntament de Rubí"
"139","2025","03","AN","Alta per Naixement","47","818460009","Ajuntament de Rubí"
"140","2025","03","AO","Alta per Omisió","8","818460009","Ajuntament de Rubí"
"141","2025","03","BC","Baixa per Caducitat","4","818460009","Ajuntament de Rubí"
"142","2025","03","BD","Baixa per Defunció","48","818460009","Ajuntament de Rubí"
"143","2025","03","BI","Baixa Inclussió Indeguda","1","818460009","Ajuntament de Rubí"
"144","2025","03","BM","Baixa per Canvi Residència","299","818460009","Ajuntament de Rubí"
"145","2025","03","CD","Canvi de Domicili","341","818460009","Ajuntament de Rubí"
"146","2025","03","CO","Confirmacion residencia","15","818460009","Ajuntament de Rubí"
"147","2025","03","DU","Baixa per Duplicitat","4","818460009","Ajuntament de Rubí"
"148","2025","03","MTD","Modificació tipus document","50","818460009","Ajuntament de Rubí"
"149","2025","03","PE","Modificacion Datos Personales","287","818460009","Ajuntament de Rubí"
"150","2025","03","RC","Renovacion Residencia con cambio domicilio","18","818460009","Ajuntament de Rubí"
"151","2025","03","RN","Renovacion Residencia","268","818460009","Ajuntament de Rubí"
"152","2025","03","UI","Unificacion Inscripción","4","818460009","Ajuntament de Rubí"
"153","2025","02","AM","Alta per Canvi de Residència","374","818460009","Ajuntament de Rubí"
"154","2025","02","AN","Alta per Naixement","41","818460009","Ajuntament de Rubí"
"155","2025","02","AO","Alta per Omisió","15","818460009","Ajuntament de Rubí"
"156","2025","02","BC","Baixa per Caducitat","77","818460009","Ajuntament de Rubí"
"157","2025","02","BD","Baixa per Defunció","49","818460009","Ajuntament de Rubí"
"158","2025","02","BM","Baixa per Canvi Residència","278","818460009","Ajuntament de Rubí"
"159","2025","02","CD","Canvi de Domicili","283","818460009","Ajuntament de Rubí"
"160","2025","02","CO","Confirmacion residencia","3","818460009","Ajuntament de Rubí"
"161","2025","02","DU","Baixa per Duplicitat","2","818460009","Ajuntament de Rubí"
"162","2025","02","MTD","Modificació tipus document","39","818460009","Ajuntament de Rubí"
"163","2025","02","PE","Modificacion Datos Personales","301","818460009","Ajuntament de Rubí"
"164","2025","02","RC","Renovacion Residencia con cambio domicilio","21","818460009","Ajuntament de Rubí"
"165","2025","02","RN","Renovacion Residencia","118","818460009","Ajuntament de Rubí"
"166","2025","02","UI","Unificacion Inscripción","11","818460009","Ajuntament de Rubí"
"167","2025","01","AM","Alta per Canvi de Residència","408","818460009","Ajuntament de Rubí"
"168","2025","01","AN","Alta per Naixement","49","818460009","Ajuntament de Rubí"
"169","2025","01","AO","Alta per Omisió","20","818460009","Ajuntament de Rubí"
"170","2025","01","BD","Baixa per Defunció","74","818460009","Ajuntament de Rubí"
"171","2025","01","BM","Baixa per Canvi Residència","274","818460009","Ajuntament de Rubí"
"172","2025","01","CD","Canvi de Domicili","316","818460009","Ajuntament de Rubí"
"173","2025","01","CO","Confirmacion residencia","10","818460009","Ajuntament de Rubí"
"174","2025","01","MTD","Modificació tipus document","39","818460009","Ajuntament de Rubí"
"175","2025","01","PE","Modificacion Datos Personales","299","818460009","Ajuntament de Rubí"
"176","2025","01","RC","Renovacion Residencia con cambio domicilio","13","818460009","Ajuntament de Rubí"
"177","2025","01","RN","Renovacion Residencia","72","818460009","Ajuntament de Rubí"
"178","2025","01","UI","Unificacion Inscripción","1","818460009","Ajuntament de Rubí"
"179","2024","12","AM","Alta per Canvi de Residència","399","818460009","Ajuntament de Rubí"
"180","2024","12","AN","Alta per Naixement","38","818460009","Ajuntament de Rubí"
"181","2024","12","AO","Alta per Omisió","19","818460009","Ajuntament de Rubí"
"182","2024","12","BD","Baixa per Defunció","68","818460009","Ajuntament de Rubí"
"183","2024","12","BI","Baixa Inclussió Indeguda","3","818460009","Ajuntament de Rubí"
"184","2024","12","BM","Baixa per Canvi Residència","216","818460009","Ajuntament de Rubí"
"185","2024","12","CD","Canvi de Domicili","304","818460009","Ajuntament de Rubí"
"186","2024","12","CO","Confirmacion residencia","9","818460009","Ajuntament de Rubí"
"187","2024","12","MTD","Modificació tipus document","59","818460009","Ajuntament de Rubí"
"188","2024","12","PE","Modificacion Datos Personales","285","818460009","Ajuntament de Rubí"
"189","2024","12","RC","Renovacion Residencia con cambio domicilio","9","818460009","Ajuntament de Rubí"
"190","2024","12","RN","Renovacion Residencia","84","818460009","Ajuntament de Rubí"
"191","2024","12","UI","Unificacion Inscripción","2","818460009","Ajuntament de Rubí"
"192","2024","11","AM","Alta per Canvi de Residència","467","818460009","Ajuntament de Rubí"
"193","2024","11","AN","Alta per Naixement","45","818460009","Ajuntament de Rubí"
"194","2024","11","AO","Alta per Omisió","13","818460009","Ajuntament de Rubí"
"195","2024","11","BD","Baixa per Defunció","57","818460009","Ajuntament de Rubí"
"196","2024","11","BM","Baixa per Canvi Residència","236","818460009","Ajuntament de Rubí"
"197","2024","11","CD","Canvi de Domicili","278","818460009","Ajuntament de Rubí"
"198","2024","11","CO","Confirmacion residencia","14","818460009","Ajuntament de Rubí"
"199","2024","11","DU","Baixa per Duplicitat","2","818460009","Ajuntament de Rubí"
"200","2024","11","MTD","Modificació tipus document","46","818460009","Ajuntament de Rubí"
"201","2024","11","PE","Modificacion Datos Personales","278","818460009","Ajuntament de Rubí"
"202","2024","11","RC","Renovacion Residencia con cambio domicilio","11","818460009","Ajuntament de Rubí"
"203","2024","11","RN","Renovacion Residencia","113","818460009","Ajuntament de Rubí"
"204","2024","11","UI","Unificacion Inscripción","2","818460009","Ajuntament de Rubí"
"205","2024","10","AM","Alta per Canvi de Residència","464","818460009","Ajuntament de Rubí"
"206","2024","10","AN","Alta per Naixement","38","818460009","Ajuntament de Rubí"
"207","2024","10","AO","Alta per Omisió","8","818460009","Ajuntament de Rubí"
"208","2024","10","BC","Baixa per Caducitat","18","818460009","Ajuntament de Rubí"
"209","2024","10","BD","Baixa per Defunció","31","818460009","Ajuntament de Rubí"
"210","2024","10","BI","Baixa Inclussió Indeguda","1","818460009","Ajuntament de Rubí"
"211","2024","10","BM","Baixa per Canvi Residència","310","818460009","Ajuntament de Rubí"
"212","2024","10","CD","Canvi de Domicili","312","818460009","Ajuntament de Rubí"
"213","2024","10","CO","Confirmacion residencia","19","818460009","Ajuntament de Rubí"
"214","2024","10","DU","Baixa per Duplicitat","1","818460009","Ajuntament de Rubí"
"215","2024","10","MTD","Modificació tipus document","43","818460009","Ajuntament de Rubí"
"216","2024","10","PE","Modificacion Datos Personales","338","818460009","Ajuntament de Rubí"
"217","2024","10","RC","Renovacion Residencia con cambio domicilio","17","818460009","Ajuntament de Rubí"
"218","2024","10","RN","Renovacion Residencia","168","818460009","Ajuntament de Rubí"
"219","2024","10","UI","Unificacion Inscripción","3","818460009","Ajuntament de Rubí"
"220","2024","09","AM","Alta per Canvi de Residència","449","818460009","Ajuntament de Rubí"
"221","2024","09","AN","Alta per Naixement","44","818460009","Ajuntament de Rubí"
"222","2024","09","AO","Alta per Omisió","9","818460009","Ajuntament de Rubí"
"223","2024","09","BC","Baixa per Caducitat","141","818460009","Ajuntament de Rubí"
"224","2024","09","BD","Baixa per Defunció","42","818460009","Ajuntament de Rubí"
"225","2024","09","BI","Baixa Inclussió Indeguda","101","818460009","Ajuntament de Rubí"
"226","2024","09","BM","Baixa per Canvi Residència","285","818460009","Ajuntament de Rubí"
"227","2024","09","CD","Canvi de Domicili","301","818460009","Ajuntament de Rubí"
"228","2024","09","CO","Confirmacion residencia","25","818460009","Ajuntament de Rubí"
"229","2024","09","DU","Baixa per Duplicitat","2","818460009","Ajuntament de Rubí"
"230","2024","09","MTD","Modificació tipus document","60","818460009","Ajuntament de Rubí"
"231","2024","09","PE","Modificacion Datos Personales","304","818460009","Ajuntament de Rubí"
"232","2024","09","RC","Renovacion Residencia con cambio domicilio","17","818460009","Ajuntament de Rubí"
"233","2024","09","RN","Renovacion Residencia","142","818460009","Ajuntament de Rubí"
"234","2024","09","UI","Unificacion Inscripción","1","818460009","Ajuntament de Rubí"
"235","2024","08","AM","Alta per Canvi de Residència","424","818460009","Ajuntament de Rubí"
"236","2024","08","AN","Alta per Naixement","57","818460009","Ajuntament de Rubí"
"237","2024","08","AO","Alta per Omisió","14","818460009","Ajuntament de Rubí"
"238","2024","08","BD","Baixa per Defunció","53","818460009","Ajuntament de Rubí"
"239","2024","08","BI","Baixa Inclussió Indeguda","1","818460009","Ajuntament de Rubí"
"240","2024","08","BM","Baixa per Canvi Residència","211","818460009","Ajuntament de Rubí"
"241","2024","08","CD","Canvi de Domicili","276","818460009","Ajuntament de Rubí"
"242","2024","08","CO","Confirmacion residencia","3","818460009","Ajuntament de Rubí"
"243","2024","08","DU","Baixa per Duplicitat","3","818460009","Ajuntament de Rubí"
"244","2024","08","MTD","Modificació tipus document","55","818460009","Ajuntament de Rubí"
"245","2024","08","PE","Modificacion Datos Personales","230","818460009","Ajuntament de Rubí"
"246","2024","08","RC","Renovacion Residencia con cambio domicilio","8","818460009","Ajuntament de Rubí"
"247","2024","08","RN","Renovacion Residencia","74","818460009","Ajuntament de Rubí"
"248","2024","08","UI","Unificacion Inscripción","1","818460009","Ajuntament de Rubí"
"249","2024","07","AM","Alta per Canvi de Residència","391","818460009","Ajuntament de Rubí"
"250","2024","07","AN","Alta per Naixement","47","818460009","Ajuntament de Rubí"
"251","2024","07","AO","Alta per Omisió","15","818460009","Ajuntament de Rubí"
"252","2024","07","BD","Baixa per Defunció","41","818460009","Ajuntament de Rubí"
"253","2024","07","BM","Baixa per Canvi Residència","272","818460009","Ajuntament de Rubí"
"254","2024","07","CD","Canvi de Domicili","264","818460009","Ajuntament de Rubí"
"255","2024","07","CO","Confirmacion residencia","20","818460009","Ajuntament de Rubí"
"256","2024","07","DU","Baixa per Duplicitat","2","818460009","Ajuntament de Rubí"
"257","2024","07","MTD","Modificació tipus document","39","818460009","Ajuntament de Rubí"
"258","2024","07","PE","Modificacion Datos Personales","320","818460009","Ajuntament de Rubí"
"259","2024","07","RC","Renovacion Residencia con cambio domicilio","12","818460009","Ajuntament de Rubí"
"260","2024","07","RN","Renovacion Residencia","86","818460009","Ajuntament de Rubí"
"261","2024","07","UI","Unificacion Inscripción","4","818460009","Ajuntament de Rubí"
"262","2024","06","AM","Alta per Canvi de Residència","385","818460009","Ajuntament de Rubí"
"263","2024","06","AN","Alta per Naixement","43","818460009","Ajuntament de Rubí"
"264","2024","06","AO","Alta per Omisió","13","818460009","Ajuntament de Rubí"
"265","2024","06","BD","Baixa per Defunció","38","818460009","Ajuntament de Rubí"
"266","2024","06","BI","Baixa Inclussió Indeguda","151","818460009","Ajuntament de Rubí"
"267","2024","06","BM","Baixa per Canvi Residència","253","818460009","Ajuntament de Rubí"
"268","2024","06","CD","Canvi de Domicili","305","818460009","Ajuntament de Rubí"
"269","2024","06","CO","Confirmacion residencia","23","818460009","Ajuntament de Rubí"
"270","2024","06","DU","Baixa per Duplicitat","2","818460009","Ajuntament de Rubí"
"271","2024","06","MTD","Modificació tipus document","51","818460009","Ajuntament de Rubí"
"272","2024","06","PE","Modificacion Datos Personales","677","818460009","Ajuntament de Rubí"
"273","2024","06","RC","Renovacion Residencia con cambio domicilio","8","818460009","Ajuntament de Rubí"
"274","2024","06","RN","Renovacion Residencia","84","818460009","Ajuntament de Rubí"
"275","2024","06","UI","Unificacion Inscripción","7","818460009","Ajuntament de Rubí"
"276","2024","05","AM","Alta per Canvi de Residència","412","818460009","Ajuntament de Rubí"
"277","2024","05","AN","Alta per Naixement","51","818460009","Ajuntament de Rubí"
"278","2024","05","AO","Alta per Omisió","15","818460009","Ajuntament de Rubí"
"279","2024","05","BD","Baixa per Defunció","47","818460009","Ajuntament de Rubí"
"280","2024","05","BM","Baixa per Canvi Residència","279","818460009","Ajuntament de Rubí"
"281","2024","05","CD","Canvi de Domicili","336","818460009","Ajuntament de Rubí"
"282","2024","05","CO","Confirmacion residencia","17","818460009","Ajuntament de Rubí"
"283","2024","05","DU","Baixa per Duplicitat","1","818460009","Ajuntament de Rubí"
"284","2024","05","MTD","Modificació tipus document","65","818460009","Ajuntament de Rubí"
"285","2024","05","PE","Modificacion Datos Personales","587","818460009","Ajuntament de Rubí"
"286","2024","05","RC","Renovacion Residencia con cambio domicilio","13","818460009","Ajuntament de Rubí"
"287","2024","05","RN","Renovacion Residencia","110","818460009","Ajuntament de Rubí"
"288","2024","04","AM","Alta per Canvi de Residència","462","818460009","Ajuntament de Rubí"
"289","2024","04","AN","Alta per Naixement","36","818460009","Ajuntament de Rubí"
"290","2024","04","AO","Alta per Omisió","11","818460009","Ajuntament de Rubí"
"291","2024","04","BD","Baixa per Defunció","34","818460009","Ajuntament de Rubí"
"292","2024","04","BI","Baixa Inclussió Indeguda","45","818460009","Ajuntament de Rubí"
"293","2024","04","BM","Baixa per Canvi Residència","257","818460009","Ajuntament de Rubí"
"294","2024","04","CD","Canvi de Domicili","339","818460009","Ajuntament de Rubí"
"295","2024","04","CO","Confirmacion residencia","34","818460009","Ajuntament de Rubí"
"296","2024","04","DU","Baixa per Duplicitat","1","818460009","Ajuntament de Rubí"
"297","2024","04","MTD","Modificació tipus document","50","818460009","Ajuntament de Rubí"
"298","2024","04","PE","Modificacion Datos Personales","348","818460009","Ajuntament de Rubí"
"299","2024","04","RC","Renovacion Residencia con cambio domicilio","11","818460009","Ajuntament de Rubí"
"300","2024","04","RN","Renovacion Residencia","133","818460009","Ajuntament de Rubí"
"301","2024","04","UI","Unificacion Inscripción","2","818460009","Ajuntament de Rubí"
"302","2024","03","AM","Alta per Canvi de Residència","476","818460009","Ajuntament de Rubí"
"303","2024","03","AN","Alta per Naixement","29","818460009","Ajuntament de Rubí"
"304","2024","03","AO","Alta per Omisió","20","818460009","Ajuntament de Rubí"
"305","2024","03","BC","Baixa per Caducitat","23","818460009","Ajuntament de Rubí"
"306","2024","03","BD","Baixa per Defunció","41","818460009","Ajuntament de Rubí"
"307","2024","03","BM","Baixa per Canvi Residència","304","818460009","Ajuntament de Rubí"
"308","2024","03","CD","Canvi de Domicili","323","818460009","Ajuntament de Rubí"
"309","2024","03","CO","Confirmacion residencia","23","818460009","Ajuntament de Rubí"
"310","2024","03","DU","Baixa per Duplicitat","1","818460009","Ajuntament de Rubí"
"311","2024","03","MTD","Modificació tipus document","59","818460009","Ajuntament de Rubí"
"312","2024","03","PE","Modificacion Datos Personales","280","818460009","Ajuntament de Rubí"
"313","2024","03","RC","Renovacion Residencia con cambio domicilio","8","818460009","Ajuntament de Rubí"
"314","2024","03","RN","Renovacion Residencia","124","818460009","Ajuntament de Rubí"
"315","2024","03","UI","Unificacion Inscripción","1","818460009","Ajuntament de Rubí"
"316","2024","02","AM","Alta per Canvi de Residència","408","818460009","Ajuntament de Rubí"
"317","2024","02","AN","Alta per Naixement","37","818460009","Ajuntament de Rubí"
"318","2024","02","AO","Alta per Omisió","11","818460009","Ajuntament de Rubí"
"319","2024","02","BC","Baixa per Caducitat","115","818460009","Ajuntament de Rubí"
"320","2024","02","BD","Baixa per Defunció","47","818460009","Ajuntament de Rubí"
"321","2024","02","BI","Baixa Inclussió Indeguda","1","818460009","Ajuntament de Rubí"
"322","2024","02","BM","Baixa per Canvi Residència","290","818460009","Ajuntament de Rubí"
"323","2024","02","CD","Canvi de Domicili","449","818460009","Ajuntament de Rubí"
"324","2024","02","CO","Confirmacion residencia","19","818460009","Ajuntament de Rubí"
"325","2024","02","MTD","Modificació tipus document","62","818460009","Ajuntament de Rubí"
"326","2024","02","PE","Modificacion Datos Personales","281","818460009","Ajuntament de Rubí"
"327","2024","02","RC","Renovacion Residencia con cambio domicilio","15","818460009","Ajuntament de Rubí"
"328","2024","02","RN","Renovacion Residencia","165","818460009","Ajuntament de Rubí"
"329","2024","02","UI","Unificacion Inscripción","2","818460009","Ajuntament de Rubí"
"330","2024","01","AM","Alta per Canvi de Residència","435","818460009","Ajuntament de Rubí"
"331","2024","01","AN","Alta per Naixement","42","818460009","Ajuntament de Rubí"
"332","2024","01","AO","Alta per Omisió","9","818460009","Ajuntament de Rubí"
"333","2024","01","BC","Baixa per Caducitat","78","818460009","Ajuntament de Rubí"
"334","2024","01","BD","Baixa per Defunció","69","818460009","Ajuntament de Rubí"
"335","2024","01","BM","Baixa per Canvi Residència","312","818460009","Ajuntament de Rubí"
"336","2024","01","CD","Canvi de Domicili","322","818460009","Ajuntament de Rubí"
"337","2024","01","CO","Confirmacion residencia","15","818460009","Ajuntament de Rubí"
"338","2024","01","DU","Baixa per Duplicitat","4","818460009","Ajuntament de Rubí"
"339","2024","01","MTD","Modificació tipus document","64","818460009","Ajuntament de Rubí"
"340","2024","01","PE","Modificacion Datos Personales","282","818460009","Ajuntament de Rubí"
"341","2024","01","RC","Renovacion Residencia con cambio domicilio","10","818460009","Ajuntament de Rubí"
"342","2024","01","RN","Renovacion Residencia","127","818460009","Ajuntament de Rubí"
"343","2024","01","UI","Unificacion Inscripción","1","818460009","Ajuntament de Rubí"
"344","2023","12","AM","Alta per Canvi de Residència","320","818460009","Ajuntament de Rubí"
"345","2023","12","AN","Alta per Naixement","38","818460009","Ajuntament de Rubí"
"346","2023","12","AO","Alta per Omisió","8","818460009","Ajuntament de Rubí"
"347","2023","12","BD","Baixa per Defunció","60","818460009","Ajuntament de Rubí"
"348","2023","12","BI","Baixa Inclussió Indeguda","1","818460009","Ajuntament de Rubí"
"349","2023","12","BM","Baixa per Canvi Residència","208","818460009","Ajuntament de Rubí"
"350","2023","12","CD","Canvi de Domicili","257","818460009","Ajuntament de Rubí"
"351","2023","12","CO","Confirmacion residencia","10","818460009","Ajuntament de Rubí"
"352","2023","12","DU","Baixa per Duplicitat","1","818460009","Ajuntament de Rubí"
"353","2023","12","MTD","Modificació tipus document","34","818460009","Ajuntament de Rubí"
"354","2023","12","PE","Modificacion Datos Personales","229","818460009","Ajuntament de Rubí"
"355","2023","12","RC","Renovacion Residencia con cambio domicilio","9","818460009","Ajuntament de Rubí"
"356","2023","12","RN","Renovacion Residencia","85","818460009","Ajuntament de Rubí"
"357","2023","12","UI","Unificacion Inscripción","3","818460009","Ajuntament de Rubí"
"358","2023","11","AM","Alta per Canvi de Residència","437","818460009","Ajuntament de Rubí"
"359","2023","11","AN","Alta per Naixement","39","818460009","Ajuntament de Rubí"
"360","2023","11","AO","Alta per Omisió","20","818460009","Ajuntament de Rubí"
"361","2023","11","BD","Baixa per Defunció","41","818460009","Ajuntament de Rubí"
"362","2023","11","BM","Baixa per Canvi Residència","249","818460009","Ajuntament de Rubí"
"363","2023","11","CD","Canvi de Domicili","205","818460009","Ajuntament de Rubí"
"364","2023","11","CO","Confirmacion residencia","16","818460009","Ajuntament de Rubí"
"365","2023","11","MTD","Modificació tipus document","53","818460009","Ajuntament de Rubí"
"366","2023","11","PE","Modificacion Datos Personales","288","818460009","Ajuntament de Rubí"
"367","2023","11","RC","Renovacion Residencia con cambio domicilio","7","818460009","Ajuntament de Rubí"
"368","2023","11","RN","Renovacion Residencia","79","818460009","Ajuntament de Rubí"
"369","2023","11","UI","Unificacion Inscripción","5","818460009","Ajuntament de Rubí"
"370","2023","10","AM","Alta per Canvi de Residència","411","818460009","Ajuntament de Rubí"
"371","2023","10","AN","Alta per Naixement","58","818460009","Ajuntament de Rubí"
"372","2023","10","AO","Alta per Omisió","15","818460009","Ajuntament de Rubí"
"373","2023","10","BD","Baixa per Defunció","43","818460009","Ajuntament de Rubí"
"374","2023","10","BI","Baixa Inclussió Indeguda","184","818460009","Ajuntament de Rubí"
"375","2023","10","BM","Baixa per Canvi Residència","258","818460009","Ajuntament de Rubí"
"376","2023","10","CD","Canvi de Domicili","287","818460009","Ajuntament de Rubí"
"377","2023","10","CO","Confirmacion residencia","32","818460009","Ajuntament de Rubí"
"378","2023","10","DU","Baixa per Duplicitat","3","818460009","Ajuntament de Rubí"
"379","2023","10","MTD","Modificació tipus document","61","818460009","Ajuntament de Rubí"
"380","2023","10","PE","Modificacion Datos Personales","319","818460009","Ajuntament de Rubí"
"381","2023","10","RC","Renovacion Residencia con cambio domicilio","9","818460009","Ajuntament de Rubí"
"382","2023","10","RN","Renovacion Residencia","184","818460009","Ajuntament de Rubí"
"383","2023","09","AM","Alta per Canvi de Residència","440","818460009","Ajuntament de Rubí"
"384","2023","09","AN","Alta per Naixement","51","818460009","Ajuntament de Rubí"
"385","2023","09","AO","Alta per Omisió","5","818460009","Ajuntament de Rubí"
"386","2023","09","BD","Baixa per Defunció","46","818460009","Ajuntament de Rubí"
"387","2023","09","BM","Baixa per Canvi Residència","279","818460009","Ajuntament de Rubí"
"388","2023","09","CD","Canvi de Domicili","268","818460009","Ajuntament de Rubí"
"389","2023","09","CO","Confirmacion residencia","22","818460009","Ajuntament de Rubí"
"390","2023","09","MTD","Modificació tipus document","54","818460009","Ajuntament de Rubí"
"391","2023","09","PE","Modificacion Datos Personales","330","818460009","Ajuntament de Rubí"
"392","2023","09","RC","Renovacion Residencia con cambio domicilio","10","818460009","Ajuntament de Rubí"
"393","2023","09","RN","Renovacion Residencia","148","818460009","Ajuntament de Rubí"
"394","2023","09","UI","Unificacion Inscripción","9","818460009","Ajuntament de Rubí"
"395","2023","08","AM","Alta per Canvi de Residència","462","818460009","Ajuntament de Rubí"
"396","2023","08","AN","Alta per Naixement","43","818460009","Ajuntament de Rubí"
"397","2023","08","AO","Alta per Omisió","7","818460009","Ajuntament de Rubí"
"398","2023","08","BD","Baixa per Defunció","38","818460009","Ajuntament de Rubí"
"399","2023","08","BM","Baixa per Canvi Residència","220","818460009","Ajuntament de Rubí"
"400","2023","08","CD","Canvi de Domicili","281","818460009","Ajuntament de Rubí"
"401","2023","08","CO","Confirmacion residencia","11","818460009","Ajuntament de Rubí"
"402","2023","08","DU","Baixa per Duplicitat","1","818460009","Ajuntament de Rubí"
"403","2023","08","MTD","Modificació tipus document","47","818460009","Ajuntament de Rubí"
"404","2023","08","PE","Modificacion Datos Personales","227","818460009","Ajuntament de Rubí"
"405","2023","08","RC","Renovacion Residencia con cambio domicilio","9","818460009","Ajuntament de Rubí"
"406","2023","08","RN","Renovacion Residencia","52","818460009","Ajuntament de Rubí"
"407","2023","08","UI","Unificacion Inscripción","5","818460009","Ajuntament de Rubí"
"408","2023","07","AM","Alta per Canvi de Residència","438","818460009","Ajuntament de Rubí"
"409","2023","07","AN","Alta per Naixement","46","818460009","Ajuntament de Rubí"
"410","2023","07","AO","Alta per Omisió","14","818460009","Ajuntament de Rubí"
"411","2023","07","BD","Baixa per Defunció","43","818460009","Ajuntament de Rubí"
"412","2023","07","BM","Baixa per Canvi Residència","275","818460009","Ajuntament de Rubí"
"413","2023","07","CD","Canvi de Domicili","328","818460009","Ajuntament de Rubí"
"414","2023","07","CO","Confirmacion residencia","9","818460009","Ajuntament de Rubí"
"415","2023","07","DU","Baixa per Duplicitat","2","818460009","Ajuntament de Rubí"
"416","2023","07","MTD","Modificació tipus document","56","818460009","Ajuntament de Rubí"
"417","2023","07","PE","Modificacion Datos Personales","351","818460009","Ajuntament de Rubí"
"418","2023","07","RC","Renovacion Residencia con cambio domicilio","6","818460009","Ajuntament de Rubí"
"419","2023","07","RN","Renovacion Residencia","101","818460009","Ajuntament de Rubí"
"420","2023","06","AM","Alta per Canvi de Residència","493","818460009","Ajuntament de Rubí"
"421","2023","06","AN","Alta per Naixement","35","818460009","Ajuntament de Rubí"
"422","2023","06","AO","Alta per Omisió","22","818460009","Ajuntament de Rubí"
"423","2023","06","BD","Baixa per Defunció","39","818460009","Ajuntament de Rubí"
"424","2023","06","BM","Baixa per Canvi Residència","325","818460009","Ajuntament de Rubí"
"425","2023","06","CD","Canvi de Domicili","316","818460009","Ajuntament de Rubí"
"426","2023","06","CO","Confirmacion residencia","18","818460009","Ajuntament de Rubí"
"427","2023","06","DU","Baixa per Duplicitat","2","818460009","Ajuntament de Rubí"
"428","2023","06","MTD","Modificació tipus document","64","818460009","Ajuntament de Rubí"
"429","2023","06","PE","Modificacion Datos Personales","1423","818460009","Ajuntament de Rubí"
"430","2023","06","RC","Renovacion Residencia con cambio domicilio","2","818460009","Ajuntament de Rubí"
"431","2023","06","RN","Renovacion Residencia","96","818460009","Ajuntament de Rubí"
"432","2023","06","UI","Unificacion Inscripción","3","818460009","Ajuntament de Rubí"
"433","2023","05","AM","Alta per Canvi de Residència","411","818460009","Ajuntament de Rubí"
"434","2023","05","AN","Alta per Naixement","63","818460009","Ajuntament de Rubí"
"435","2023","05","AO","Alta per Omisió","13","818460009","Ajuntament de Rubí"
"436","2023","05","BD","Baixa per Defunció","46","818460009","Ajuntament de Rubí"
"437","2023","05","BM","Baixa per Canvi Residència","292","818460009","Ajuntament de Rubí"
"438","2023","05","BO","Baixa Ofici","1","818460009","Ajuntament de Rubí"
"439","2023","05","CD","Canvi de Domicili","348","818460009","Ajuntament de Rubí"
"440","2023","05","CO","Confirmacion residencia","21","818460009","Ajuntament de Rubí"
"441","2023","05","DU","Baixa per Duplicitat","4","818460009","Ajuntament de Rubí"
"442","2023","05","MTD","Modificació tipus document","47","818460009","Ajuntament de Rubí"
"443","2023","05","PE","Modificacion Datos Personales","561","818460009","Ajuntament de Rubí"
"444","2023","05","RC","Renovacion Residencia con cambio domicilio","9","818460009","Ajuntament de Rubí"
"445","2023","05","RN","Renovacion Residencia","118","818460009","Ajuntament de Rubí"
"446","2023","04","AM","Alta per Canvi de Residència","335","818460009","Ajuntament de Rubí"
"447","2023","04","AN","Alta per Naixement","42","818460009","Ajuntament de Rubí"
"448","2023","04","AO","Alta per Omisió","8","818460009","Ajuntament de Rubí"
"449","2023","04","BD","Baixa per Defunció","41","818460009","Ajuntament de Rubí"
"450","2023","04","BM","Baixa per Canvi Residència","217","818460009","Ajuntament de Rubí"
"451","2023","04","CD","Canvi de Domicili","317","818460009","Ajuntament de Rubí"
"452","2023","04","CO","Confirmacion residencia","21","818460009","Ajuntament de Rubí"
"453","2023","04","DU","Baixa per Duplicitat","1","818460009","Ajuntament de Rubí"
"454","2023","04","MTD","Modificació tipus document","20","818460009","Ajuntament de Rubí"
"455","2023","04","PE","Modificacion Datos Personales","246","818460009","Ajuntament de Rubí"
"456","2023","04","RC","Renovacion Residencia con cambio domicilio","7","818460009","Ajuntament de Rubí"
"457","2023","04","RN","Renovacion Residencia","120","818460009","Ajuntament de Rubí"
"458","2023","04","UI","Unificacion Inscripción","2","818460009","Ajuntament de Rubí"
"459","2023","03","AM","Alta per Canvi de Residència","427","818460009","Ajuntament de Rubí"
"460","2023","03","AN","Alta per Naixement","46","818460009","Ajuntament de Rubí"
"461","2023","03","AO","Alta per Omisió","15","818460009","Ajuntament de Rubí"
"462","2023","03","BC","Baixa per Caducitat","23","818460009","Ajuntament de Rubí"
"463","2023","03","BD","Baixa per Defunció","58","818460009","Ajuntament de Rubí"
"464","2023","03","BI","Baixa Inclussió Indeguda","2","818460009","Ajuntament de Rubí"
"465","2023","03","BM","Baixa per Canvi Residència","307","818460009","Ajuntament de Rubí"
"466","2023","03","CD","Canvi de Domicili","357","818460009","Ajuntament de Rubí"
"467","2023","03","CO","Confirmacion residencia","38","818460009","Ajuntament de Rubí"
"468","2023","03","DU","Baixa per Duplicitat","1","818460009","Ajuntament de Rubí"
"469","2023","03","MTD","Modificació tipus document","61","818460009","Ajuntament de Rubí"
"470","2023","03","PE","Modificacion Datos Personales","304","818460009","Ajuntament de Rubí"
"471","2023","03","RC","Renovacion Residencia con cambio domicilio","4","818460009","Ajuntament de Rubí"
"472","2023","03","RN","Renovacion Residencia","111","818460009","Ajuntament de Rubí"
"473","2023","02","AM","Alta per Canvi de Residència","391","818460009","Ajuntament de Rubí"
"474","2023","02","AN","Alta per Naixement","40","818460009","Ajuntament de Rubí"
"475","2023","02","AO","Alta per Omisió","14","818460009","Ajuntament de Rubí"
"476","2023","02","BC","Baixa per Caducitat","54","818460009","Ajuntament de Rubí"
"477","2023","02","BD","Baixa per Defunció","45","818460009","Ajuntament de Rubí"
"478","2023","02","BI","Baixa Inclussió Indeguda","142","818460009","Ajuntament de Rubí"
"479","2023","02","BM","Baixa per Canvi Residència","282","818460009","Ajuntament de Rubí"
"480","2023","02","CD","Canvi de Domicili","341","818460009","Ajuntament de Rubí"
"481","2023","02","CO","Confirmacion residencia","19","818460009","Ajuntament de Rubí"
"482","2023","02","DU","Baixa per Duplicitat","2","818460009","Ajuntament de Rubí"
"483","2023","02","MTD","Modificació tipus document","47","818460009","Ajuntament de Rubí"
"484","2023","02","PE","Modificacion Datos Personales","338","818460009","Ajuntament de Rubí"
"485","2023","02","RC","Renovacion Residencia con cambio domicilio","7","818460009","Ajuntament de Rubí"
"486","2023","02","RN","Renovacion Residencia","62","818460009","Ajuntament de Rubí"
"487","2023","02","UI","Unificacion Inscripción","1","818460009","Ajuntament de Rubí"
"488","2023","01","AM","Alta per Canvi de Residència","419","818460009","Ajuntament de Rubí"
"489","2023","01","AN","Alta per Naixement","42","818460009","Ajuntament de Rubí"
"490","2023","01","AO","Alta per Omisió","17","818460009","Ajuntament de Rubí"
"491","2023","01","BD","Baixa per Defunció","57","818460009","Ajuntament de Rubí"
"492","2023","01","BM","Baixa per Canvi Residència","286","818460009","Ajuntament de Rubí"
"493","2023","01","CD","Canvi de Domicili","336","818460009","Ajuntament de Rubí"
"494","2023","01","CO","Confirmacion residencia","24","818460009","Ajuntament de Rubí"
"495","2023","01","MTD","Modificació tipus document","36","818460009","Ajuntament de Rubí"
"496","2023","01","PE","Modificacion Datos Personales","303","818460009","Ajuntament de Rubí"
"497","2023","01","RC","Renovacion Residencia con cambio domicilio","6","818460009","Ajuntament de Rubí"
"498","2023","01","RN","Renovacion Residencia","57","818460009","Ajuntament de Rubí"
"499","2023","01","UI","Unificacion Inscripción","3","818460009","Ajuntament de Rubí"
"500","2022","12","AM","Alta per Canvi de Residència","403","818460009","Ajuntament de Rubí"
"501","2022","12","AN","Alta per Naixement","55","818460009","Ajuntament de Rubí"
"502","2022","12","AO","Alta per Omisió","11","818460009","Ajuntament de Rubí"
"503","2022","12","BD","Baixa per Defunció","69","818460009","Ajuntament de Rubí"
"504","2022","12","BM","Baixa per Canvi Residència","222","818460009","Ajuntament de Rubí"
"505","2022","12","CD","Canvi de Domicili","289","818460009","Ajuntament de Rubí"
"506","2022","12","CO","Confirmacion residencia","27","818460009","Ajuntament de Rubí"
"507","2022","12","MTD","Modificació tipus document","53","818460009","Ajuntament de Rubí"
"508","2022","12","PE","Modificacion Datos Personales","200","818460009","Ajuntament de Rubí"
"509","2022","12","RC","Renovacion Residencia con cambio domicilio","3","818460009","Ajuntament de Rubí"
"510","2022","12","RN","Renovacion Residencia","78","818460009","Ajuntament de Rubí"
"511","2022","11","AM","Alta per Canvi de Residència","471","818460009","Ajuntament de Rubí"
"512","2022","11","AN","Alta per Naixement","42","818460009","Ajuntament de Rubí"
"513","2022","11","AO","Alta per Omisió","10","818460009","Ajuntament de Rubí"
"514","2022","11","BC","Baixa per Caducitat","1","818460009","Ajuntament de Rubí"
"515","2022","11","BD","Baixa per Defunció","43","818460009","Ajuntament de Rubí"
"516","2022","11","BI","Baixa Inclussió Indeguda","2","818460009","Ajuntament de Rubí"
"517","2022","11","BM","Baixa per Canvi Residència","260","818460009","Ajuntament de Rubí"
"518","2022","11","CD","Canvi de Domicili","365","818460009","Ajuntament de Rubí"
"519","2022","11","CO","Confirmacion residencia","34","818460009","Ajuntament de Rubí"
"520","2022","11","DU","Baixa per Duplicitat","1","818460009","Ajuntament de Rubí"
"521","2022","11","MTD","Modificació tipus document","54","818460009","Ajuntament de Rubí"
"522","2022","11","PE","Modificacion Datos Personales","294","818460009","Ajuntament de Rubí"
"523","2022","11","RC","Renovacion Residencia con cambio domicilio","5","818460009","Ajuntament de Rubí"
"524","2022","11","RN","Renovacion Residencia","118","818460009","Ajuntament de Rubí"
"525","2022","11","UI","Unificacion Inscripción","6","818460009","Ajuntament de Rubí"
"526","2022","10","AM","Alta per Canvi de Residència","403","818460009","Ajuntament de Rubí"
"527","2022","10","AN","Alta per Naixement","41","818460009","Ajuntament de Rubí"
"528","2022","10","AO","Alta per Omisió","13","818460009","Ajuntament de Rubí"
"529","2022","10","BD","Baixa per Defunció","45","818460009","Ajuntament de Rubí"
"530","2022","10","BM","Baixa per Canvi Residència","312","818460009","Ajuntament de Rubí"
"531","2022","10","CD","Canvi de Domicili","353","818460009","Ajuntament de Rubí"
"532","2022","10","CO","Confirmacion residencia","14","818460009","Ajuntament de Rubí"
"533","2022","10","MTD","Modificació tipus document","40","818460009","Ajuntament de Rubí"
"534","2022","10","PE","Modificacion Datos Personales","255","818460009","Ajuntament de Rubí"
"535","2022","10","RC","Renovacion Residencia con cambio domicilio","7","818460009","Ajuntament de Rubí"
"536","2022","10","RN","Renovacion Residencia","52","818460009","Ajuntament de Rubí"
"537","2022","10","UI","Unificacion Inscripción","3","818460009","Ajuntament de Rubí"
"538","2022","09","AM","Alta per Canvi de Residència","394","818460009","Ajuntament de Rubí"
"539","2022","09","AN","Alta per Naixement","34","818460009","Ajuntament de Rubí"
"540","2022","09","AO","Alta per Omisió","10","818460009","Ajuntament de Rubí"
"541","2022","09","BD","Baixa per Defunció","53","818460009","Ajuntament de Rubí"
"542","2022","09","BM","Baixa per Canvi Residència","273","818460009","Ajuntament de Rubí"
"543","2022","09","CD","Canvi de Domicili","340","818460009","Ajuntament de Rubí"
"544","2022","09","CO","Confirmacion residencia","19","818460009","Ajuntament de Rubí"
"545","2022","09","MTD","Modificació tipus document","54","818460009","Ajuntament de Rubí"
"546","2022","09","PE","Modificacion Datos Personales","258","818460009","Ajuntament de Rubí"
"547","2022","09","RC","Renovacion Residencia con cambio domicilio","6","818460009","Ajuntament de Rubí"
"548","2022","09","RN","Renovacion Residencia","71","818460009","Ajuntament de Rubí"
"549","2022","09","UI","Unificacion Inscripción","1","818460009","Ajuntament de Rubí"
"550","2022","08","AM","Alta per Canvi de Residència","287","818460009","Ajuntament de Rubí"
"551","2022","08","AN","Alta per Naixement","49","818460009","Ajuntament de Rubí"
"552","2022","08","AO","Alta per Omisió","14","818460009","Ajuntament de Rubí"
"553","2022","08","BC","Baixa per Caducitat","72","818460009","Ajuntament de Rubí"
"554","2022","08","BD","Baixa per Defunció","40","818460009","Ajuntament de Rubí"
"555","2022","08","BM","Baixa per Canvi Residència","226","818460009","Ajuntament de Rubí"
"556","2022","08","CD","Canvi de Domicili","242","818460009","Ajuntament de Rubí"
"557","2022","08","CO","Confirmacion residencia","19","818460009","Ajuntament de Rubí"
"558","2022","08","MTD","Modificació tipus document","35","818460009","Ajuntament de Rubí"
"559","2022","08","PE","Modificacion Datos Personales","265","818460009","Ajuntament de Rubí"
"560","2022","08","RC","Renovacion Residencia con cambio domicilio","7","818460009","Ajuntament de Rubí"
"561","2022","08","RN","Renovacion Residencia","86","818460009","Ajuntament de Rubí"
"562","2022","08","UI","Unificacion Inscripción","3","818460009","Ajuntament de Rubí"
"563","2022","07","AM","Alta per Canvi de Residència","351","818460009","Ajuntament de Rubí"
"564","2022","07","AN","Alta per Naixement","46","818460009","Ajuntament de Rubí"
"565","2022","07","AO","Alta per Omisió","3","818460009","Ajuntament de Rubí"
"566","2022","07","BC","Baixa per Caducitat","168","818460009","Ajuntament de Rubí"
"567","2022","07","BD","Baixa per Defunció","59","818460009","Ajuntament de Rubí"
"568","2022","07","BI","Baixa Inclussió Indeguda","117","818460009","Ajuntament de Rubí"
"569","2022","07","BM","Baixa per Canvi Residència","229","818460009","Ajuntament de Rubí"
"570","2022","07","CD","Canvi de Domicili","321","818460009","Ajuntament de Rubí"
"571","2022","07","CO","Confirmacion residencia","16","818460009","Ajuntament de Rubí"
"572","2022","07","DU","Baixa per Duplicitat","1","818460009","Ajuntament de Rubí"
"573","2022","07","MTD","Modificació tipus document","62","818460009","Ajuntament de Rubí"
"574","2022","07","PE","Modificacion Datos Personales","352","818460009","Ajuntament de Rubí"
"575","2022","07","RC","Renovacion Residencia con cambio domicilio","7","818460009","Ajuntament de Rubí"
"576","2022","07","RN","Renovacion Residencia","89","818460009","Ajuntament de Rubí"
"577","2022","07","UI","Unificacion Inscripción","1","818460009","Ajuntament de Rubí"
"578","2022","06","AM","Alta per Canvi de Residència","355","818460009","Ajuntament de Rubí"
"579","2022","06","AN","Alta per Naixement","50","818460009","Ajuntament de Rubí"
"580","2022","06","AO","Alta per Omisió","3","818460009","Ajuntament de Rubí"
"581","2022","06","BD","Baixa per Defunció","43","818460009","Ajuntament de Rubí"
"582","2022","06","BI","Baixa Inclussió Indeguda","2","818460009","Ajuntament de Rubí"
"583","2022","06","BM","Baixa per Canvi Residència","256","818460009","Ajuntament de Rubí"
"584","2022","06","CD","Canvi de Domicili","321","818460009","Ajuntament de Rubí"
"585","2022","06","CO","Confirmacion residencia","22","818460009","Ajuntament de Rubí"
"586","2022","06","MTD","Modificació tipus document","54","818460009","Ajuntament de Rubí"
"587","2022","06","PE","Modificacion Datos Personales","1452","818460009","Ajuntament de Rubí"
"588","2022","06","RC","Renovacion Residencia con cambio domicilio","7","818460009","Ajuntament de Rubí"
"589","2022","06","RN","Renovacion Residencia","90","818460009","Ajuntament de Rubí"
"590","2022","06","UI","Unificacion Inscripción","3","818460009","Ajuntament de Rubí"
"591","2022","05","AM","Alta per Canvi de Residència","361","818460009","Ajuntament de Rubí"
"592","2022","05","AN","Alta per Naixement","54","818460009","Ajuntament de Rubí"
"593","2022","05","AO","Alta per Omisió","8","818460009","Ajuntament de Rubí"
"594","2022","05","BD","Baixa per Defunció","51","818460009","Ajuntament de Rubí"
"595","2022","05","BM","Baixa per Canvi Residència","298","818460009","Ajuntament de Rubí"
"596","2022","05","CD","Canvi de Domicili","320","818460009","Ajuntament de Rubí"
"597","2022","05","CO","Confirmacion residencia","23","818460009","Ajuntament de Rubí"
"598","2022","05","MTD","Modificació tipus document","51","818460009","Ajuntament de Rubí"
"599","2022","05","PE","Modificacion Datos Personales","560","818460009","Ajuntament de Rubí"
"600","2022","05","RC","Renovacion Residencia con cambio domicilio","4","818460009","Ajuntament de Rubí"
"601","2022","05","RN","Renovacion Residencia","76","818460009","Ajuntament de Rubí"
"602","2022","04","AM","Alta per Canvi de Residència","348","818460009","Ajuntament de Rubí"
"603","2022","04","AN","Alta per Naixement","36","818460009","Ajuntament de Rubí"
"604","2022","04","AO","Alta per Omisió","11","818460009","Ajuntament de Rubí"
"605","2022","04","BD","Baixa per Defunció","39","818460009","Ajuntament de Rubí"
"606","2022","04","BM","Baixa per Canvi Residència","251","818460009","Ajuntament de Rubí"
"607","2022","04","CD","Canvi de Domicili","330","818460009","Ajuntament de Rubí"
"608","2022","04","CO","Confirmacion residencia","21","818460009","Ajuntament de Rubí"
"609","2022","04","CP","Renovació padró","1","818460009","Ajuntament de Rubí"
"610","2022","04","DU","Baixa per Duplicitat","1","818460009","Ajuntament de Rubí"
"611","2022","04","MTD","Modificació tipus document","46","818460009","Ajuntament de Rubí"
"612","2022","04","PE","Modificacion Datos Personales","240","818460009","Ajuntament de Rubí"
"613","2022","04","RC","Renovacion Residencia con cambio domicilio","7","818460009","Ajuntament de Rubí"
"614","2022","04","RN","Renovacion Residencia","48","818460009","Ajuntament de Rubí"
"615","2022","04","UI","Unificacion Inscripción","1","818460009","Ajuntament de Rubí"
"616","2022","03","AM","Alta per Canvi de Residència","466","818460009","Ajuntament de Rubí"
"617","2022","03","AN","Alta per Naixement","36","818460009","Ajuntament de Rubí"
"618","2022","03","AO","Alta per Omisió","20","818460009","Ajuntament de Rubí"
"619","2022","03","BD","Baixa per Defunció","31","818460009","Ajuntament de Rubí"
"620","2022","03","BM","Baixa per Canvi Residència","329","818460009","Ajuntament de Rubí"
"621","2022","03","CD","Canvi de Domicili","449","818460009","Ajuntament de Rubí"
"622","2022","03","CO","Confirmacion residencia","40","818460009","Ajuntament de Rubí"
"623","2022","03","MTD","Modificació tipus document","44","818460009","Ajuntament de Rubí"
"624","2022","03","PE","Modificacion Datos Personales","293","818460009","Ajuntament de Rubí"
"625","2022","03","RC","Renovacion Residencia con cambio domicilio","9","818460009","Ajuntament de Rubí"
"626","2022","03","RN","Renovacion Residencia","85","818460009","Ajuntament de Rubí"
"627","2022","03","UI","Unificacion Inscripción","6","818460009","Ajuntament de Rubí"
"628","2022","02","AM","Alta per Canvi de Residència","361","818460009","Ajuntament de Rubí"
"629","2022","02","AN","Alta per Naixement","47","818460009","Ajuntament de Rubí"
"630","2022","02","AO","Alta per Omisió","17","818460009","Ajuntament de Rubí"
"631","2022","02","BD","Baixa per Defunció","50","818460009","Ajuntament de Rubí"
"632","2022","02","BI","Baixa Inclussió Indeguda","81","818460009","Ajuntament de Rubí"
"633","2022","02","BM","Baixa per Canvi Residència","257","818460009","Ajuntament de Rubí"
"634","2022","02","CD","Canvi de Domicili","453","818460009","Ajuntament de Rubí"
"635","2022","02","CO","Confirmacion residencia","27","818460009","Ajuntament de Rubí"
"636","2022","02","DU","Baixa per Duplicitat","4","818460009","Ajuntament de Rubí"
"637","2022","02","MTD","Modificació tipus document","65","818460009","Ajuntament de Rubí"
"638","2022","02","PE","Modificacion Datos Personales","278","818460009","Ajuntament de Rubí"
"639","2022","02","RC","Renovacion Residencia con cambio domicilio","12","818460009","Ajuntament de Rubí"
"640","2022","02","RN","Renovacion Residencia","48","818460009","Ajuntament de Rubí"
"641","2022","02","UI","Unificacion Inscripción","1","818460009","Ajuntament de Rubí"
"642","2022","01","AM","Alta per Canvi de Residència","299","818460009","Ajuntament de Rubí"
"643","2022","01","AN","Alta per Naixement","41","818460009","Ajuntament de Rubí"
"644","2022","01","AO","Alta per Omisió","15","818460009","Ajuntament de Rubí"
"645","2022","01","BD","Baixa per Defunció","62","818460009","Ajuntament de Rubí"
"646","2022","01","BM","Baixa per Canvi Residència","214","818460009","Ajuntament de Rubí"
"647","2022","01","CD","Canvi de Domicili","295","818460009","Ajuntament de Rubí"
"648","2022","01","CO","Confirmacion residencia","19","818460009","Ajuntament de Rubí"
"649","2022","01","MTD","Modificació tipus document","59","818460009","Ajuntament de Rubí"
"650","2022","01","PE","Modificacion Datos Personales","233","818460009","Ajuntament de Rubí"
"651","2022","01","RC","Renovacion Residencia con cambio domicilio","5","818460009","Ajuntament de Rubí"
"652","2022","01","RN","Renovacion Residencia","57","818460009","Ajuntament de Rubí"
"653","2022","01","UI","Unificacion Inscripción","1","818460009","Ajuntament de Rubí"
