ID_APLICACIO,"APLICACIO","DESC_APLICACIO",EXERCICI,"ORGANIC","ALIAS_PROGRAMA","ECONOMIC",ORG_COD_AREA_ORGANIC,"ORG_AREA_ORGANIC","ORG_COD_ORGANIC","ORG_ORGANIC","ECO_COD_CAPITOL","ECO_CAPITOL","ECO_COD_ARTICLE","ECO_ARTICLE","ECO_COD_CONCEPTE","ECO_CONCEPTE","ECO_COD_SUB_CONCEPTE","ECO_SUB_CONCEPTE",PREVISIONS_INICIALS,PREVISIONS_DEFINITIVES,MODIFICACIO_PREVISIONS,AUGMENT_PREVISIONS,DISMINUCIO_PREVISIONS,DRETS_RECONEGUTS_TOTALS,DRETS_RECONEGUTS_NETS,DRETS_ANULATS,RECAUDACIO_LIQUIDA,DEVOLUCIONS_INGRES,PERCENTATGE_EXECUCIO,DATA_ACTUALITZACIO,"CODI_ENS","NOM_ENS"
"4133084450","2014-1320-30902","Prestació de serveis de policia local","2014","1320","111","30902","0","-","-","-","3","TAXES, PREUS PÚBLICS I ALTRES INGRESSOS.","30","TAXES PER LA PRESTACIÓ DE SERVEIS PÚBLICS BÀSICS.","309","ALTRES TAXES PER PRESTACIÓ DE SERVEIS BÀSICS.","30902","PRESTACIÓ DE SERVEIS DE POLICIA LOCAL","500.00","500.00","0.00","0.00","0.00","0.00","0.00","0.00","0.00","0.00","0","2024/09/04 02:37:57.550","818460009","Ajuntament de Rubí"
"3141832161","2014-1320-32500","Expedició de documents,","2014","1320","111","32500","0","-","-","-","3","TAXES, PREUS PÚBLICS I ALTRES INGRESSOS.","32","TAXES PER LA REALIZAC DE ACTIVID DE COMPETÈNCIA LOCAL.","325","TAXA PER EXPEDICIÓ DE DOCUMENTS.","32500","EXPEDICIÓ DE DOCUMENTS","40315.00","40315.00","0.00","0.00","0.00","15066.30","14948.80","117.50","14823.80","117.50","37.1","2024/09/04 02:37:57.550","818460009","Ajuntament de Rubí"
"1501216958","2014-1320-39120","Multes per infraccions de circulació","2014","1320","111","39120","0","-","-","-","3","TAXES, PREUS PÚBLICS I ALTRES INGRESSOS.","39","ALTRES INGRESSOS.","391","MULTES.","39120","MULTES PER INFRACCIONS DE L'ORDENANÇA DE CIRCULACIÓ.","1200000.00","1200000.00","0.00","0.00","0.00","1857839.36","1252617.36","605222.00","513292.90","1772.00","104.4","2024/09/04 02:37:57.550","818460009","Ajuntament de Rubí"
"1973957414","2014-1330-32600","Servei de grua","2014","1330","111","32600","0","-","-","-","3","TAXES, PREUS PÚBLICS I ALTRES INGRESSOS.","32","TAXES PER LA REALIZAC DE ACTIVID DE COMPETÈNCIA LOCAL.","326","TAXA PER RETIRADA DE VEHICLES.","32600","SERVEI DE GRUA","279000.00","279000.00","0.00","0.00","0.00","214590.50","210450.81","4139.69","210430.81","4139.69","75.4","2024/09/04 02:37:57.550","818460009","Ajuntament de Rubí"
"2129949723","2014-1330-32900","Elements publicitaris a la via pública","2014","1330","111","32900","0","-","-","-","3","TAXES, PREUS PÚBLICS I ALTRES INGRESSOS.","32","TAXES PER LA REALIZAC DE ACTIVID DE COMPETÈNCIA LOCAL.","329","ALTRES TAXES PER LA REALIZAC DE ACTIVID DE COMPET LOCAL","32900","ELEMENTS PUBLICITARIS A LA VIA PÚBLICA","30000.00","30000.00","0.00","0.00","0.00","32751.00","32751.00","0.00","32751.00","0.00","109.2","2024/09/04 02:37:57.550","818460009","Ajuntament de Rubí"
"2432308535","2014-1330-32902","Llicències d'autotaxis i vehicles de lloguer,","2014","1330","111","32902","0","-","-","-","3","TAXES, PREUS PÚBLICS I ALTRES INGRESSOS.","32","TAXES PER LA REALIZAC DE ACTIVID DE COMPETÈNCIA LOCAL.","329","ALTRES TAXES PER LA REALIZAC DE ACTIVID DE COMPET LOCAL","32902","LLICÈNCIES D'AUTOTAXIS I VEHICLES DE LLOGUER","0.00","0.00","0.00","0.00","0.00","3156.20","3156.20","0.00","3156.20","0.00","0","2024/09/04 02:37:57.550","818460009","Ajuntament de Rubí"
"3382257905","2014-1330-33000","Taxa dipòsit de vehicles","2014","1330","111","33000","0","-","-","-","3","TAXES, PREUS PÚBLICS I ALTRES INGRESSOS.","33","TAXES PER UTILIZAC PRIVAT O EL APROVECH ESP DEL DOM PÚB LOC","330","TAXA D'ESTACIONAMENT DE VEHICLES.","33000","TAXA DIPÒSIT DE VEHICLES","9000.00","9000.00","0.00","0.00","0.00","5367.00","5367.00","0.00","5367.00","0.00","59.6","2024/09/04 02:37:57.550","818460009","Ajuntament de Rubí"
"3198031975","2014-1330-33001","Reserves per estacionament","2014","1330","111","33001","0","-","-","-","3","TAXES, PREUS PÚBLICS I ALTRES INGRESSOS.","33","TAXES PER UTILIZAC PRIVAT O EL APROVECH ESP DEL DOM PÚB LOC","330","TAXA D'ESTACIONAMENT DE VEHICLES.","33001","RESERVES PER ESTACIONAMENT","24000.00","24000.00","0.00","0.00","0.00","38544.50","38544.50","0.00","38544.50","0.00","160.6","2024/09/04 02:37:57.550","818460009","Ajuntament de Rubí"
"3361424070","2014-1330-33100","Entrada de vehicles en edificis","2014","1330","111","33100","0","-","-","-","3","TAXES, PREUS PÚBLICS I ALTRES INGRESSOS.","33","TAXES PER UTILIZAC PRIVAT O EL APROVECH ESP DEL DOM PÚB LOC","331","TAXA PER ENTRADA DE VEHICLES.","33100","ENTRADA DE VEHICLES EN EDIFICIS","1012068.00","1012068.00","0.00","0.00","0.00","1053562.45","1020141.05","33421.40","935017.95","2627.62","100.8","2024/09/04 02:37:57.550","818460009","Ajuntament de Rubí"
"3210506832","2014-1330-33101","Altes guals inspecció","2014","1330","111","33101","0","-","-","-","3","TAXES, PREUS PÚBLICS I ALTRES INGRESSOS.","33","TAXES PER UTILIZAC PRIVAT O EL APROVECH ESP DEL DOM PÚB LOC","331","TAXA PER ENTRADA DE VEHICLES.","33101","ALTES GUALS INSPECCIÓ","15628.00","15628.00","0.00","0.00","0.00","164.67","164.67","0.00","164.67","0.00","1.1","2024/09/04 02:37:57.550","818460009","Ajuntament de Rubí"
"643113962","2014-1330-33102","Plaques de gual","2014","1330","111","33102","0","-","-","-","3","TAXES, PREUS PÚBLICS I ALTRES INGRESSOS.","33","TAXES PER UTILIZAC PRIVAT O EL APROVECH ESP DEL DOM PÚB LOC","331","TAXA PER ENTRADA DE VEHICLES.","33102","PLAQUES DE GUAL","3000.00","3000.00","0.00","0.00","0.00","1245.00","1245.00","0.00","1245.00","0.00","41.5","2024/09/04 02:37:57.550","818460009","Ajuntament de Rubí"
"3478317594","2014-1330-33500","Ocupació via pública taules i cadires","2014","1330","111","33500","0","-","-","-","3","TAXES, PREUS PÚBLICS I ALTRES INGRESSOS.","33","TAXES PER UTILIZAC PRIVAT O EL APROVECH ESP DEL DOM PÚB LOC","335","TAXA PER OCUPACIÓ DE LA VIA PÚBLICA AMB TERRASSES.","33500","OCUPACIÓ VIA PÚBLICA TAULES I CADIRES","86000.00","86000.00","0.00","0.00","0.00","101301.03","101301.03","0.00","101097.03","0.00","117.8","2024/09/04 02:37:57.550","818460009","Ajuntament de Rubí"
"3440661571","2014-1330-33600","Talls de trànsit","2014","1330","111","33600","0","-","-","-","3","TAXES, PREUS PÚBLICS I ALTRES INGRESSOS.","33","TAXES PER UTILIZAC PRIVAT O EL APROVECH ESP DEL DOM PÚB LOC","336","TAXA PER OCUP VIA PÚB AMB SUSPENS TEMP DEL TRÀFIC RODAT","33600","TALLS DE TRÀNSIT","5000.00","5000.00","0.00","0.00","0.00","50756.30","50091.60","664.70","50091.60","664.70","1001.8","2024/09/04 02:37:57.550","818460009","Ajuntament de Rubí"
"2974753768","2014-1330-33901","Taxes ocupació via pública per construcció","2014","1330","111","33901","0","-","-","-","3","TAXES, PREUS PÚBLICS I ALTRES INGRESSOS.","33","TAXES PER UTILIZAC PRIVAT O EL APROVECH ESP DEL DOM PÚB LOC","339","ALTRES TAXES PER UTILITZACIÓ PRIVATIVA DEL DOMINI PÚBLIC.","33901","TAXES OCUPACIÓ VIA PÚBLICA PER CONSTRUCCIÓ","16000.00","16000.00","0.00","0.00","0.00","20747.52","20747.52","0.00","15301.86","0.00","129.7","2024/09/04 02:37:57.550","818460009","Ajuntament de Rubí"
"3240482663","2014-1330-33904","Parades i fires","2014","1330","111","33904","0","-","-","-","3","TAXES, PREUS PÚBLICS I ALTRES INGRESSOS.","33","TAXES PER UTILIZAC PRIVAT O EL APROVECH ESP DEL DOM PÚB LOC","339","ALTRES TAXES PER UTILITZACIÓ PRIVATIVA DEL DOMINI PÚBLIC.","33904","PARADES I FIRES","60000.00","60000.00","0.00","0.00","0.00","78988.01","76750.76","2237.25","74904.76","2237.25","127.9","2024/09/04 02:37:57.550","818460009","Ajuntament de Rubí"
"210419163","2014-1340-46129","DIBA - Ajuts per prevenció d'incendis forestals","2014","1340","111","46129","0","-","-","-","4","TRANSFERÈNCIA CORRENTS.","46","D'ENTITATS LOCALS.","461","DE DIPUTACIONS, CONSELLS O CABILDOS.","46129","DIBA - AJUTS POLÍTICA D'IGUALTAT","0.00","0.00","0.00","0.00","0.00","5291.00","5291.00","0.00","5291.00","0.00","0","2024/09/04 02:37:57.550","818460009","Ajuntament de Rubí"
"4077346601","2014-15001-39610","Quotes d'urbanització PERI 22.1","2014","15001","111","39610","0","-","-","-","3","TAXES, PREUS PÚBLICS I ALTRES INGRESSOS.","39","ALTRES INGRESSOS.","396","INGRESSOS PER ACTUACIONS D'URBANITZACIÓ.","39610","QUOTES D'URBANITZACIÓ.","0.00","456168.86","456168.86","456168.86","0.00","0.00","-147.37","147.37","-147.37","147.37","-0","2024/09/04 02:37:57.550","818460009","Ajuntament de Rubí"
"3270460852","2014-15002-39610","Quotes urbanístiques Sector A4","2014","15002","111","39610","0","-","-","-","3","TAXES, PREUS PÚBLICS I ALTRES INGRESSOS.","39","ALTRES INGRESSOS.","396","INGRESSOS PER ACTUACIONS D'URBANITZACIÓ.","39610","QUOTES D'URBANITZACIÓ.","0.00","274558.92","274558.92","274558.92","0.00","0.00","0.00","0.00","0.00","0.00","0","2024/09/04 02:37:57.550","818460009","Ajuntament de Rubí"
"1687703040","2014-15003-39610","Quotes urbanístiques Immobiliaria Tamara","2014","15003","111","39610","0","-","-","-","3","TAXES, PREUS PÚBLICS I ALTRES INGRESSOS.","39","ALTRES INGRESSOS.","396","INGRESSOS PER ACTUACIONS D'URBANITZACIÓ.","39610","QUOTES D'URBANITZACIÓ.","0.00","0.00","0.00","0.00","0.00","38136.74","38136.74","0.00","30949.55","0.00","0","2024/09/04 02:37:57.550","818460009","Ajuntament de Rubí"
"2288933118","2014-1500-35003","Contribucions especials La Perla","2014","1500","111","35003","0","-","-","-","3","TAXES, PREUS PÚBLICS I ALTRES INGRESSOS.","35","CONTRIBUCIONS ESPECIALS.","350","PER A L'EXECUCIÓ D'OBRES.","35003","CONTRIBUCIONS ESPECIALS","0.00","0.00","0.00","0.00","0.00","1269.42","1269.42","0.00","1269.42","0.00","0","2024/09/04 02:37:57.550","818460009","Ajuntament de Rubí"
"2705289358","2014-15004-39610","Quotes d'urbanització Sant Muç","2014","15004","111","39610","0","-","-","-","3","TAXES, PREUS PÚBLICS I ALTRES INGRESSOS.","39","ALTRES INGRESSOS.","396","INGRESSOS PER ACTUACIONS D'URBANITZACIÓ.","39610","QUOTES D'URBANITZACIÓ.","0.00","2356529.16","2356529.16","2356529.16","0.00","3125.80","3125.80","0.00","3125.80","0.00","0.1","2024/09/04 02:37:57.550","818460009","Ajuntament de Rubí"
"122190650","2014-15005-39610","Quotes d'urbanització Polígon 2 Subsector D-1","2014","15005","111","39610","0","-","-","-","3","TAXES, PREUS PÚBLICS I ALTRES INGRESSOS.","39","ALTRES INGRESSOS.","396","INGRESSOS PER ACTUACIONS D'URBANITZACIÓ.","39610","QUOTES D'URBANITZACIÓ.","0.00","975.51","975.51","975.51","0.00","0.00","0.00","0.00","0.00","0.00","0","2024/09/04 02:37:57.550","818460009","Ajuntament de Rubí"
"2389022185","2014-15101-75080","PUOSC - Manteniment instal·lacions i entorn CEIP","2014","15101","111","75080","0","-","-","-","7","TRANSFERÈNCIES DE CAPITAL.","75","DE COMUNITATS AUTÒNOMES.","750","DE L'ADMINISTRACIÓ GENERAL DE LES COMUNITATS AUTÒNOMES.","75080","ALTRES TRANSFERÈNCIES DE CAPITAL DE LA ADMÓN GNRAL DE LA C.A","66365.01","66365.01","0.00","0.00","0.00","0.00","0.00","0.00","0.00","0.00","0","2024/09/04 02:37:57.550","818460009","Ajuntament de Rubí"
"3213725556","2014-15102-75080","PUOSC - Millora accessibilitat equipaments","2014","15102","111","75080","0","-","-","-","7","TRANSFERÈNCIES DE CAPITAL.","75","DE COMUNITATS AUTÒNOMES.","750","DE L'ADMINISTRACIÓ GENERAL DE LES COMUNITATS AUTÒNOMES.","75080","ALTRES TRANSFERÈNCIES DE CAPITAL DE LA ADMÓN GNRAL DE LA C.A","222260.94","222260.94","0.00","0.00","0.00","0.00","0.00","0.00","0.00","0.00","0","2024/09/04 02:37:57.550","818460009","Ajuntament de Rubí"
"1188164488","2014-1510-32500","Expedicio de documents","2014","1510","111","32500","0","-","-","-","3","TAXES, PREUS PÚBLICS I ALTRES INGRESSOS.","32","TAXES PER LA REALIZAC DE ACTIVID DE COMPETÈNCIA LOCAL.","325","TAXA PER EXPEDICIÓ DE DOCUMENTS.","32500","EXPEDICIÓ DE DOCUMENTS","700.00","700.00","0.00","0.00","0.00","29777.41","29777.41","0.00","29777.41","0.00","4253.9","2024/09/04 02:37:57.550","818460009","Ajuntament de Rubí"
"2805227458","2014-1510-45080","PUOSC - Manteniment Instal·lacions CEIP Pau Casals","2014","1510","111","45080","0","-","-","-","4","TRANSFERÈNCIA CORRENTS.","45","DE COMUNITATS AUTÒNOMES.","450","DE L'ADMINISTRACIÓ GENERAL DE LES COMUNITATS AUTÒNOMES.","45080","SUBV CORRENTS DE LA ADMÓN GENERAL DE LA C.A","0.00","0.00","0.00","0.00","0.00","0.00","0.00","0.00","0.00","0.00","0","2024/09/04 02:37:57.550","818460009","Ajuntament de Rubí"
"880962608","2014-15111-39100","Multes per infraccions urbanístiques.,","2014","15111","111","39100","0","-","-","-","3","TAXES, PREUS PÚBLICS I ALTRES INGRESSOS.","39","ALTRES INGRESSOS.","391","MULTES.","39100","MULTES PER INFRACCIONS URBANÍSTIQUES.","20000.00","20000.00","0.00","0.00","0.00","0.00","0.00","0.00","0.00","0.00","0","2024/09/04 02:37:57.550","818460009","Ajuntament de Rubí"
"90863277","2014-15112-39100","Multes coercitives urbanisme","2014","15112","111","39100","0","-","-","-","3","TAXES, PREUS PÚBLICS I ALTRES INGRESSOS.","39","ALTRES INGRESSOS.","391","MULTES.","39100","MULTES PER INFRACCIONS URBANÍSTIQUES.","20000.00","20000.00","0.00","0.00","0.00","96500.00","93200.00","3300.00","8683.67","0.00","466","2024/09/04 02:37:57.550","818460009","Ajuntament de Rubí"
"3887026400","2014-1511-32100","Taxes per llicències urbanístiques","2014","1511","111","32100","0","-","-","-","3","TAXES, PREUS PÚBLICS I ALTRES INGRESSOS.","32","TAXES PER LA REALIZAC DE ACTIVID DE COMPETÈNCIA LOCAL.","321","LLICÈNCIES URBANÍSTIQUES.","32100","MERCADAL","170000.00","170000.00","0.00","0.00","0.00","318642.35","299464.26","19178.09","283655.06","13809.64","176.2","2024/09/04 02:37:57.550","818460009","Ajuntament de Rubí"
"1890930914","2014-1511-32903","Llicència d'obertures d'establiments","2014","1511","111","32903","0","-","-","-","3","TAXES, PREUS PÚBLICS I ALTRES INGRESSOS.","32","TAXES PER LA REALIZAC DE ACTIVID DE COMPETÈNCIA LOCAL.","329","ALTRES TAXES PER LA REALIZAC DE ACTIVID DE COMPET LOCAL","32903","LLICÈNCIA D'OBERTURES D'ESTABLIMENTS","188870.00","188870.00","0.00","0.00","0.00","364011.33","355422.96","8588.37","305564.35","1947.51","188.2","2024/09/04 02:37:57.550","818460009","Ajuntament de Rubí"
"2736618777","2014-15113-39100","Multes de protecció de la legalitat","2014","15113","111","39100","0","-","-","-","3","TAXES, PREUS PÚBLICS I ALTRES INGRESSOS.","39","ALTRES INGRESSOS.","391","MULTES.","39100","MULTES PER INFRACCIONS URBANÍSTIQUES.","15000.00","15000.00","0.00","0.00","0.00","0.00","0.00","0.00","0.00","0.00","0","2024/09/04 02:37:57.550","818460009","Ajuntament de Rubí"
"3781979304","2014-1511-39190","Multes infraccions activitats","2014","1511","111","39190","0","-","-","-","3","TAXES, PREUS PÚBLICS I ALTRES INGRESSOS.","39","ALTRES INGRESSOS.","391","MULTES.","39190","ALTRES MULTES I SANCIONS.","20000.00","20000.00","0.00","0.00","0.00","59467.49","59467.49","0.00","18285.96","0.00","297.3","2024/09/04 02:37:57.550","818460009","Ajuntament de Rubí"
"969949760","2014-1511-39904","Execucions subsidiàries (relacionada amb despesa)","2014","1511","111","39904","0","-","-","-","3","TAXES, PREUS PÚBLICS I ALTRES INGRESSOS.","39","ALTRES INGRESSOS.","399","ALTRES INGRESSOS DIVERSOS.","39904","EXECUCIONS SUBSIDIÀRIES (RELACIONADA AMB DESPESA)","0.00","0.00","0.00","0.00","0.00","424.80","424.80","0.00","424.80","0.00","0","2024/09/04 02:37:57.550","818460009","Ajuntament de Rubí"
"3344786951","2014-1511-46149","DIBA, Adquisició de sonòmetres, Masia Can Serra","2014","1511","111","46149","0","-","-","-","4","TRANSFERÈNCIA CORRENTS.","46","D'ENTITATS LOCALS.","461","DE DIPUTACIONS, CONSELLS O CABILDOS.","46149","SUBVENCIONS DIPUTACIÓ","0.00","0.00","0.00","0.00","0.00","0.00","0.00","0.00","0.00","0.00","0","2024/09/04 02:37:57.550","818460009","Ajuntament de Rubí"
"2639094135","2014-1511-76100","DIBA - adquisició de sonòmetres Masia Can Serra","2014","1511","111","76100","0","-","-","-","7","TRANSFERÈNCIES DE CAPITAL.","76","D'ENTITATS LOCALS.","761","DE DIPUTACIONS, CONSELLS O CABILDOS.","76100","SUBVENCIÓ DIPUTACIÓ PLA XARXA DE GOVERNS LOCALS","0.00","9594.00","9594.00","9594.00","0.00","0.00","0.00","0.00","0.00","0.00","0","2024/09/04 02:37:57.550","818460009","Ajuntament de Rubí"
"1847272177","2014-1520-75080","GENCAT - Llei de Barris El Pinar","2014","1520","111","75080","0","-","-","-","7","TRANSFERÈNCIES DE CAPITAL.","75","DE COMUNITATS AUTÒNOMES.","750","DE L'ADMINISTRACIÓ GENERAL DE LES COMUNITATS AUTÒNOMES.","75080","ALTRES TRANSFERÈNCIES DE CAPITAL DE LA ADMÓN GNRAL DE LA C.A","0.00","331781.30","331781.30","331781.30","0.00","67959.00","67959.00","0.00","0.00","0.00","20.5","2024/09/04 02:37:57.550","818460009","Ajuntament de Rubí"
"3048566048","2014-1520-76100","DIBA, Adequació habitatge per a situacions d'emergència","2014","1520","111","76100","0","-","-","-","7","TRANSFERÈNCIES DE CAPITAL.","76","D'ENTITATS LOCALS.","761","DE DIPUTACIONS, CONSELLS O CABILDOS.","76100","SUBVENCIÓ DIPUTACIÓ PLA XARXA DE GOVERNS LOCALS","0.00","10000.00","10000.00","10000.00","0.00","0.00","0.00","0.00","0.00","0.00","0","2024/09/04 02:37:57.550","818460009","Ajuntament de Rubí"
"775000360","2014-1550-29000","Impost sobre construccions, instal·lacions i obres","2014","1550","111","29000","0","-","-","-","2","IMPOSTOS INDIRECTES.","29","ALTRES IMPOSTOS INDIRECTES.","290","IMPOST SOBRE CONSTRUCCIONS, INSTAL·LACIONS I OBRES.","29000","IMPTO.S/CONSTRUCCIONES, INSTALAC. Y OBRA","22000.00","22000.00","0.00","0.00","0.00","14923.89","14923.89","0.00","7133.03","0.00","67.8","2024/09/04 02:37:57.550","818460009","Ajuntament de Rubí"
"2078666784","2014-1550-33400","Taxa obertura de rases","2014","1550","111","33400","0","-","-","-","3","TAXES, PREUS PÚBLICS I ALTRES INGRESSOS.","33","TAXES PER UTILIZAC PRIVAT O EL APROVECH ESP DEL DOM PÚB LOC","334","TAXA PER OBERTURA DE CALES I RASES.","33400","OBERTURA DE RASES (CANALITZACIONS)","70000.00","70000.00","0.00","0.00","0.00","54660.00","54660.00","0.00","18243.50","0.00","78.1","2024/09/04 02:37:57.550","818460009","Ajuntament de Rubí"
"1692281832","2014-1550-75080","PUOSC-Urbanització C. Nou","2014","1550","111","75080","0","-","-","-","7","TRANSFERÈNCIES DE CAPITAL.","75","DE COMUNITATS AUTÒNOMES.","750","DE L'ADMINISTRACIÓ GENERAL DE LES COMUNITATS AUTÒNOMES.","75080","ALTRES TRANSFERÈNCIES DE CAPITAL DE LA ADMÓN GNRAL DE LA C.A","103967.01","103967.01","0.00","0.00","0.00","0.00","0.00","0.00","0.00","0.00","0","2024/09/04 02:37:57.550","818460009","Ajuntament de Rubí"
"3211813945","2014-1550-76100","Subvenció Diputació Pla Xarxa de Governs Locals","2014","1550","111","76100","0","-","-","-","7","TRANSFERÈNCIES DE CAPITAL.","76","D'ENTITATS LOCALS.","761","DE DIPUTACIONS, CONSELLS O CABILDOS.","76100","SUBVENCIÓ DIPUTACIÓ PLA XARXA DE GOVERNS LOCALS","789110.00","1069818.34","280708.34","280708.34","0.00","0.00","0.00","0.00","0.00","0.00","0","2024/09/04 02:37:57.550","818460009","Ajuntament de Rubí"
"3363263663","2014-1550-76101","DIBA - Programa complementari inversions financ. sostenibles","2014","1550","111","76101","0","-","-","-","7","TRANSFERÈNCIES DE CAPITAL.","76","D'ENTITATS LOCALS.","761","DE DIPUTACIONS, CONSELLS O CABILDOS.","76101","SUBVENCIÓ","0.00","181595.72","181595.72","181595.72","0.00","90797.86","90797.86","0.00","90797.86","0.00","50","2024/09/04 02:37:57.550","818460009","Ajuntament de Rubí"
"1367213333","2014-1550-76102","DIBA - Programa complementari inversions financ. sostenibles","2014","1550","111","76102","0","-","-","-","7","TRANSFERÈNCIES DE CAPITAL.","76","D'ENTITATS LOCALS.","761","DE DIPUTACIONS, CONSELLS O CABILDOS.","76102","SUBVENCIÓ REFORMA MASIA CAN SERRA","0.00","119512.35","119512.35","119512.35","0.00","59756.18","59756.18","0.00","59756.18","0.00","50","2024/09/04 02:37:57.550","818460009","Ajuntament de Rubí"
"645477763","2014-1550-76103","DIBA - Programa complementari inversions financ. sostenibles","2014","1550","111","76103","0","-","-","-","7","TRANSFERÈNCIES DE CAPITAL.","76","D'ENTITATS LOCALS.","761","DE DIPUTACIONS, CONSELLS O CABILDOS.","76103","DE DIPUTACIONS, CONSELLS O CABILDOS.","0.00","191154.64","191154.64","191154.64","0.00","95577.32","95577.32","0.00","95577.32","0.00","50","2024/09/04 02:37:57.550","818460009","Ajuntament de Rubí"
"2214096526","2014-1551-32902","Llicències d'autotaxis i vehicles de lloguer,,","2014","1551","111","32902","0","-","-","-","3","TAXES, PREUS PÚBLICS I ALTRES INGRESSOS.","32","TAXES PER LA REALIZAC DE ACTIVID DE COMPETÈNCIA LOCAL.","329","ALTRES TAXES PER LA REALIZAC DE ACTIVID DE COMPET LOCAL","32902","LLICÈNCIES D'AUTOTAXIS I VEHICLES DE LLOGUER","0.00","0.00","0.00","0.00","0.00","0.00","0.00","0.00","0.00","0.00","0","2024/09/04 02:37:57.550","818460009","Ajuntament de Rubí"
"2297904130","2014-1551-35001","CE Carrer Aneto i Altres","2014","1551","111","35001","0","-","-","-","3","TAXES, PREUS PÚBLICS I ALTRES INGRESSOS.","35","CONTRIBUCIONS ESPECIALS.","350","PER A L'EXECUCIÓ D'OBRES.","35001","CE CARRER ANETO I ALTRES","0.00","60739.58","60739.58","60739.58","0.00","0.00","0.00","0.00","0.00","0.00","0","2024/09/04 02:37:57.550","818460009","Ajuntament de Rubí"
"2763500504","2014-1551-35035","Contribucions especials carrer Guatlla","2014","1551","111","35035","0","-","-","-","3","TAXES, PREUS PÚBLICS I ALTRES INGRESSOS.","35","CONTRIBUCIONS ESPECIALS.","350","PER A L'EXECUCIÓ D'OBRES.","35035","CONTRIBUCIONS ESPECIALS","0.00","50736.04","50736.04","50736.04","0.00","0.00","0.00","0.00","0.00","0.00","0","2024/09/04 02:37:57.550","818460009","Ajuntament de Rubí"
"3797451219","2014-1552-35034","CE sector 38 Ximelis","2014","1552","111","35034","0","-","-","-","3","TAXES, PREUS PÚBLICS I ALTRES INGRESSOS.","35","CONTRIBUCIONS ESPECIALS.","350","PER A L'EXECUCIÓ D'OBRES.","35034","CONTRIBUCIONS ESPECIALS","0.00","401319.26","401319.26","401319.26","0.00","0.00","0.00","0.00","0.00","0.00","0","2024/09/04 02:37:57.550","818460009","Ajuntament de Rubí"
"1586828960","2014-1620-30200","Taxa per recollida domiciliària d'escombraries","2014","1620","111","30200","0","-","-","-","3","TAXES, PREUS PÚBLICS I ALTRES INGRESSOS.","30","TAXES PER LA PRESTACIÓ DE SERVEIS PÚBLICS BÀSICS.","302","SERVEI DE RECOLLIDA D'ESCOMBRARIES.","30200","TAXA PER RECOLLIDA DOMICILIÀRIA D'ESCOMBRARIES","3290880.56","3290880.56","0.00","0.00","0.00","3410336.96","3363503.24","46833.72","3154721.32","10082.07","102.2","2024/09/04 02:37:57.550","818460009","Ajuntament de Rubí"
"697443894","2014-1620-30201","Taxa per recollida d'escombraries industrial i cial.","2014","1620","111","30201","0","-","-","-","3","TAXES, PREUS PÚBLICS I ALTRES INGRESSOS.","30","TAXES PER LA PRESTACIÓ DE SERVEIS PÚBLICS BÀSICS.","302","SERVEI DE RECOLLIDA D'ESCOMBRARIES.","30201","TAXA PER RECOLLIDA D'ESCOMBRARIES INDUSTRIAL I CIAL.","555505.77","555505.77","0.00","0.00","0.00","727175.74","674768.61","52407.13","543595.01","24539.92","121.5","2024/09/04 02:37:57.550","818460009","Ajuntament de Rubí"
"2962978700","2014-1620-30202","Taxa pel servei de deixalleria","2014","1620","111","30202","0","-","-","-","3","TAXES, PREUS PÚBLICS I ALTRES INGRESSOS.","30","TAXES PER LA PRESTACIÓ DE SERVEIS PÚBLICS BÀSICS.","302","SERVEI DE RECOLLIDA D'ESCOMBRARIES.","30202","DESCRIPCIÓN ECONÓMICA","27000.00","27000.00","0.00","0.00","0.00","31877.57","31877.57","0.00","31877.57","0.00","118.1","2024/09/04 02:37:57.550","818460009","Ajuntament de Rubí"
"1599569047","2014-1620-30300","Prestació de servei recollida d'envasos","2014","1620","111","30300","0","-","-","-","3","TAXES, PREUS PÚBLICS I ALTRES INGRESSOS.","30","TAXES PER LA PRESTACIÓ DE SERVEIS PÚBLICS BÀSICS.","303","SERVEI DE TRACTAMENT DE RESIDUS.","30300","PRESTACIÓ DE SERVEI RECOLLIDA D'ENVASOS","260000.00","260000.00","0.00","0.00","0.00","339545.32","339545.32","0.00","339545.32","0.00","130.6","2024/09/04 02:37:57.550","818460009","Ajuntament de Rubí"
"676350977","2014-1620-30301","Recollida residus elèctrics i electrònics","2014","1620","111","30301","0","-","-","-","3","TAXES, PREUS PÚBLICS I ALTRES INGRESSOS.","30","TAXES PER LA PRESTACIÓ DE SERVEIS PÚBLICS BÀSICS.","303","SERVEI DE TRACTAMENT DE RESIDUS.","30301","RECOLLIDA RESIDUS ELÈCTRICS I ELECTRÒNICS","10000.00","10000.00","0.00","0.00","0.00","6849.58","6849.58","0.00","6236.15","0.00","68.5","2024/09/04 02:37:57.550","818460009","Ajuntament de Rubí"
"2975407547","2014-1620-30302","Prestació del servei recollida de vidre","2014","1620","111","30302","0","-","-","-","3","TAXES, PREUS PÚBLICS I ALTRES INGRESSOS.","30","TAXES PER LA PRESTACIÓ DE SERVEIS PÚBLICS BÀSICS.","303","SERVEI DE TRACTAMENT DE RESIDUS.","30302","RECOLLIDA DE RESIDUS OLI VEGETAL","60000.00","60000.00","0.00","0.00","0.00","33424.39","33424.39","0.00","33424.39","0.00","55.7","2024/09/04 02:37:57.550","818460009","Ajuntament de Rubí"
"3328060717","2014-1620-30303","Prestació del servei recollida de paper i cartró","2014","1620","111","30303","0","-","-","-","3","TAXES, PREUS PÚBLICS I ALTRES INGRESSOS.","30","TAXES PER LA PRESTACIÓ DE SERVEIS PÚBLICS BÀSICS.","303","SERVEI DE TRACTAMENT DE RESIDUS.","30303","DESCRIPCIÓN ECONÓMICA","100000.00","100000.00","0.00","0.00","0.00","47181.30","47181.30","0.00","30637.29","0.00","47.2","2024/09/04 02:37:57.550","818460009","Ajuntament de Rubí"
"1511549458","2014-1620-30400","Retorn del cànon","2014","1620","111","30400","0","-","-","-","3","TAXES, PREUS PÚBLICS I ALTRES INGRESSOS.","30","TAXES PER LA PRESTACIÓ DE SERVEIS PÚBLICS BÀSICS.","304","CÀNON DE SANEJAMENT.","30400","RETORN DEL CÀNON","135000.00","135000.00","0.00","0.00","0.00","114511.85","114511.85","0.00","114511.85","0.00","84.8","2024/09/04 02:37:57.550","818460009","Ajuntament de Rubí"
"3782462632","2014-1620-36003","Vendes de material rebutjable antiga Planta de Tritage","2014","1620","111","36003","0","-","-","-","3","TAXES, PREUS PÚBLICS I ALTRES INGRESSOS.","36","VENDES.","360","VENDES","36003","VENDES DE MATERIAL REBUTJABLE","0.00","0.00","0.00","0.00","0.00","79065.00","79065.00","0.00","76565.00","0.00","0","2024/09/04 02:37:57.550","818460009","Ajuntament de Rubí"
"272000228","2014-1620-45080","Gencat - Subvencions diverses de residus i medi ambient","2014","1620","111","45080","0","-","-","-","4","TRANSFERÈNCIA CORRENTS.","45","DE COMUNITATS AUTÒNOMES.","450","DE L'ADMINISTRACIÓ GENERAL DE LES COMUNITATS AUTÒNOMES.","45080","SUBV CORRENTS DE LA ADMÓN GENERAL DE LA C.A","0.00","0.00","0.00","0.00","0.00","0.00","0.00","0.00","0.00","0.00","0","2024/09/04 02:37:57.550","818460009","Ajuntament de Rubí"
"3164543907","2014-1620-46101","DIBA - Programa complementari prestació adequada serveis púb","2014","1620","111","46101","0","-","-","-","4","TRANSFERÈNCIA CORRENTS.","46","D'ENTITATS LOCALS.","461","DE DIPUTACIONS, CONSELLS O CABILDOS.","46101","SUBVENCIONS DIVERSES DIPUTACIÓ","0.00","0.00","0.00","0.00","0.00","105484.87","105484.87","0.00","105484.87","0.00","0","2024/09/04 02:37:57.550","818460009","Ajuntament de Rubí"
"713373233","2014-1620-48000","Aportació Addenda conveni de recollida de roba Humana","2014","1620","111","48000","0","-","-","-","4","TRANSFERÈNCIA CORRENTS.","48","DE FAMÍLIES I INSTITUCIONS SENSE FINS DE LUCRE.","480","DESCRIPCIÓN ECONÓMICA","48000","DESCRIPCIÓN ECONÓMICA","0.00","3100.00","3100.00","3100.00","0.00","3100.00","3100.00","0.00","3100.00","0.00","100","2024/09/04 02:37:57.550","818460009","Ajuntament de Rubí"
"2494558406","2014-1640-30900","Taxes de cementiri municipal","2014","1640","111","30900","0","-","-","-","3","TAXES, PREUS PÚBLICS I ALTRES INGRESSOS.","30","TAXES PER LA PRESTACIÓ DE SERVEIS PÚBLICS BÀSICS.","309","ALTRES TAXES PER PRESTACIÓ DE SERVEIS BÀSICS.","30900","TAXES DE CEMENTIRI MUNICIPAL","20000.00","20000.00","0.00","0.00","0.00","25508.39","25508.39","0.00","24564.48","0.00","127.5","2024/09/04 02:37:57.550","818460009","Ajuntament de Rubí"
"3819487312","2014-1640-30901","Taxes manteniment cementiri municipal","2014","1640","111","30901","0","-","-","-","3","TAXES, PREUS PÚBLICS I ALTRES INGRESSOS.","30","TAXES PER LA PRESTACIÓ DE SERVEIS PÚBLICS BÀSICS.","309","ALTRES TAXES PER PRESTACIÓ DE SERVEIS BÀSICS.","30901","TAXES MANTENIMENT CEMENTIRI MUNICIPAL","135000.00","135000.00","0.00","0.00","0.00","149873.47","149390.18","483.29","129945.98","0.00","110.7","2024/09/04 02:37:57.550","818460009","Ajuntament de Rubí"
"1424490061","2014-1640-55001","Cànon serveis cementiri","2014","1640","111","55001","0","-","-","-","5","INGRESSOS PATRIMONIALS.","55","PRODUCTES DE CONCESSIONS I APROFITAMENTS ESPECIALS.","550","DE CONCESSIONS ADMTIVAS AMB CONTRAPRESTACIÓ PERIÒDICA","55001","CONCESSIONS ADMINISTRATIVES","9000.00","9000.00","0.00","0.00","0.00","12371.41","12371.41","0.00","11546.26","0.00","137.5","2024/09/04 02:37:57.550","818460009","Ajuntament de Rubí"
"3454971895","2014-1640-55002","Concessions cementiri","2014","1640","111","55002","0","-","-","-","5","INGRESSOS PATRIMONIALS.","55","PRODUCTES DE CONCESSIONS I APROFITAMENTS ESPECIALS.","550","DE CONCESSIONS ADMTIVAS AMB CONTRAPRESTACIÓ PERIÒDICA","55002","CONCESSIONS NINXOLS-CEMENTIRI","50000.00","50000.00","0.00","0.00","0.00","99638.45","99638.45","0.00","92857.03","0.00","199.3","2024/09/04 02:37:57.550","818460009","Ajuntament de Rubí"
"2264750332","2014-1650-76100","Subvenció Diputació pel Pla Xarxa de Governs Locals","2014","1650","111","76100","0","-","-","-","7","TRANSFERÈNCIES DE CAPITAL.","76","D'ENTITATS LOCALS.","761","DE DIPUTACIONS, CONSELLS O CABILDOS.","76100","SUBVENCIÓ DIPUTACIÓ PLA XARXA DE GOVERNS LOCALS","150000.00","180000.00","30000.00","30000.00","0.00","0.00","0.00","0.00","0.00","0.00","0","2024/09/04 02:37:57.550","818460009","Ajuntament de Rubí"
"3310387286","2014-17201-39100","Multes per infraccions urbanístiques.,,","2014","17201","111","39100","0","-","-","-","3","TAXES, PREUS PÚBLICS I ALTRES INGRESSOS.","39","ALTRES INGRESSOS.","391","MULTES.","39100","MULTES PER INFRACCIONS URBANÍSTIQUES.","0.00","0.00","0.00","0.00","0.00","0.00","-800.00","800.00","-800.00","800.00","0","2024/09/04 02:37:57.550","818460009","Ajuntament de Rubí"
"562473928","2014-1720-46143","DIBA - Projecte apadrinament zones naturals","2014","1720","111","46143","0","-","-","-","4","TRANSFERÈNCIA CORRENTS.","46","D'ENTITATS LOCALS.","461","DE DIPUTACIONS, CONSELLS O CABILDOS.","46143","DIBA - INSTAL·LACIONS ESPORTIVES","0.00","1473.00","1473.00","1473.00","0.00","1699.93","1699.93","0.00","1699.93","0.00","115.4","2024/09/04 02:37:57.550","818460009","Ajuntament de Rubí"
"3370454781","2014-1720-46145","DIBA - Monitorització de 16 equipaments municipals","2014","1720","111","46145","0","-","-","-","4","TRANSFERÈNCIA CORRENTS.","46","D'ENTITATS LOCALS.","461","DE DIPUTACIONS, CONSELLS O CABILDOS.","46145","DE DIPUTACIONS, CONSELLS O CABILDOS.","0.00","0.00","0.00","0.00","0.00","3400.00","3400.00","0.00","3400.00","0.00","0","2024/09/04 02:37:57.550","818460009","Ajuntament de Rubí"
"2604877222","2014-1720-76100","DIBA - Subvenció reforma i rehabilitació patrimoni local","2014","1720","111","76100","0","-","-","-","7","TRANSFERÈNCIES DE CAPITAL.","76","D'ENTITATS LOCALS.","761","DE DIPUTACIONS, CONSELLS O CABILDOS.","76100","SUBVENCIÓ DIPUTACIÓ PLA XARXA DE GOVERNS LOCALS","0.00","42526.25","42526.25","42526.25","0.00","8505.25","8505.25","0.00","8505.25","0.00","20","2024/09/04 02:37:57.550","818460009","Ajuntament de Rubí"
"3963909424","2014-1720-76101","DIBA - Subvenció millora i manteniment camins locals","2014","1720","111","76101","0","-","-","-","7","TRANSFERÈNCIES DE CAPITAL.","76","D'ENTITATS LOCALS.","761","DE DIPUTACIONS, CONSELLS O CABILDOS.","76101","SUBVENCIÓ","0.00","42618.63","42618.63","42618.63","0.00","8523.73","8523.73","0.00","8523.73","0.00","20","2024/09/04 02:37:57.550","818460009","Ajuntament de Rubí"
"2079199835","2014-23101-45002","CP Fitxa 12 Centres ocupacionals persones discapacitades","2014","23101","111","45002","0","-","-","-","4","TRANSFERÈNCIA CORRENTS.","45","DE COMUNITATS AUTÒNOMES.","450","DE L'ADMINISTRACIÓ GENERAL DE LES COMUNITATS AUTÒNOMES.","45002","TRANS CTES EN COMPLIMENT DE CONV SERV SOC I POLÍT D'IGUAL","169920.00","169920.00","0.00","0.00","0.00","73741.38","73741.38","0.00","0.00","0.00","43.4","2024/09/04 02:37:57.550","818460009","Ajuntament de Rubí"
"1241909446","2014-23102-45002","CP Fitxa 10 Llar residència per a persones amb discapacitat","2014","23102","111","45002","0","-","-","-","4","TRANSFERÈNCIA CORRENTS.","45","DE COMUNITATS AUTÒNOMES.","450","DE L'ADMINISTRACIÓ GENERAL DE LES COMUNITATS AUTÒNOMES.","45002","TRANS CTES EN COMPLIMENT DE CONV SERV SOC I POLÍT D'IGUAL","223228.80","223228.80","0.00","0.00","0.00","117195.12","117195.12","0.00","0.00","0.00","52.5","2024/09/04 02:37:57.550","818460009","Ajuntament de Rubí"
"3741069569","2014-2310-32500","Taxa expedició documents informe adequació habitatge","2014","2310","111","32500","0","-","-","-","3","TAXES, PREUS PÚBLICS I ALTRES INGRESSOS.","32","TAXES PER LA REALIZAC DE ACTIVID DE COMPETÈNCIA LOCAL.","325","TAXA PER EXPEDICIÓ DE DOCUMENTS.","32500","EXPEDICIÓ DE DOCUMENTS","14393.00","14393.00","0.00","0.00","0.00","0.00","0.00","0.00","0.00","0.00","0","2024/09/04 02:37:57.550","818460009","Ajuntament de Rubí"
"311469869","2014-2310-34102","Preu públic llar tutelada Ca n'Alzamora","2014","2310","111","34102","0","-","-","-","3","TAXES, PREUS PÚBLICS I ALTRES INGRESSOS.","34","PREUS PÚBLICS.","341","SERVEIS ASSISTENCIALS.","34102","PREU PÚBLIC LLAR TUTELADA CA N'ALZAMORA","34020.00","34020.00","0.00","0.00","0.00","34020.00","34020.00","0.00","30618.00","0.00","100","2024/09/04 02:37:57.550","818460009","Ajuntament de Rubí"
"1704433595","2014-2310-34103","Preu públic transport adaptat disminuits","2014","2310","111","34103","0","-","-","-","3","TAXES, PREUS PÚBLICS I ALTRES INGRESSOS.","34","PREUS PÚBLICS.","341","SERVEIS ASSISTENCIALS.","34103","PREU PÚBLIC TRANSPORT ADAPTAT DISMINUITS","33180.70","33180.70","0.00","0.00","0.00","31908.80","31593.10","315.70","27308.05","315.70","95.2","2024/09/04 02:37:57.550","818460009","Ajuntament de Rubí"
"3966829426","2014-23103-45002","CP Fitxa 1 Serveis socials bàsics professionals","2014","23103","111","45002","0","-","-","-","4","TRANSFERÈNCIA CORRENTS.","45","DE COMUNITATS AUTÒNOMES.","450","DE L'ADMINISTRACIÓ GENERAL DE LES COMUNITATS AUTÒNOMES.","45002","TRANS CTES EN COMPLIMENT DE CONV SERV SOC I POLÍT D'IGUAL","546442.69","546442.69","0.00","0.00","0.00","282202.28","282202.28","0.00","0.00","0.00","51.6","2024/09/04 02:37:57.550","818460009","Ajuntament de Rubí"
"701906428","2014-23104-45002","CP Fitxa 6 Resposta urgent dones en sit. violència i fills","2014","23104","111","45002","0","-","-","-","4","TRANSFERÈNCIA CORRENTS.","45","DE COMUNITATS AUTÒNOMES.","450","DE L'ADMINISTRACIÓ GENERAL DE LES COMUNITATS AUTÒNOMES.","45002","TRANS CTES EN COMPLIMENT DE CONV SERV SOC I POLÍT D'IGUAL","33462.00","33462.00","0.00","0.00","0.00","33462.00","33462.00","0.00","0.00","0.00","100","2024/09/04 02:37:57.550","818460009","Ajuntament de Rubí"
"329417463","2014-2310-46112","DIBA - Finançament dels serveis socials municipals","2014","2310","111","46112","0","-","-","-","4","TRANSFERÈNCIA CORRENTS.","46","D'ENTITATS LOCALS.","461","DE DIPUTACIONS, CONSELLS O CABILDOS.","46112","DIBA - FINANÇAMENT DELS SERVEIS SOCIALS MUNICIPALS","62882.10","112446.84","49564.74","49564.74","0.00","246329.38","246329.38","0.00","246329.38","0.00","219.1","2024/09/04 02:37:57.550","818460009","Ajuntament de Rubí"
"2161842078","2014-2310-46140","CONSELL COMARCAL-Ajuts de menjador escolar","2014","2310","111","46140","0","-","-","-","4","TRANSFERÈNCIA CORRENTS.","46","D'ENTITATS LOCALS.","461","DE DIPUTACIONS, CONSELLS O CABILDOS.","46140","CONSELL COMARCAL-AJUTS DE MENJADOR ESCOLAR","386232.00","432234.00","46002.00","46002.00","0.00","375258.55","375258.55","0.00","0.00","0.00","86.8","2024/09/04 02:37:57.550","818460009","Ajuntament de Rubí"
"2409707080","2014-23105-45002","CP Fitxa 2 Intervenció socio educativa infants i adolescents","2014","23105","111","45002","0","-","-","-","4","TRANSFERÈNCIA CORRENTS.","45","DE COMUNITATS AUTÒNOMES.","450","DE L'ADMINISTRACIÓ GENERAL DE LES COMUNITATS AUTÒNOMES.","45002","TRANS CTES EN COMPLIMENT DE CONV SERV SOC I POLÍT D'IGUAL","31000.00","31000.00","0.00","0.00","0.00","31000.00","31000.00","0.00","0.00","0.00","100","2024/09/04 02:37:57.550","818460009","Ajuntament de Rubí"
"3192466645","2014-23106-45002","CP Fitxa 1 Ajuts d'urgències socials","2014","23106","111","45002","0","-","-","-","4","TRANSFERÈNCIA CORRENTS.","45","DE COMUNITATS AUTÒNOMES.","450","DE L'ADMINISTRACIÓ GENERAL DE LES COMUNITATS AUTÒNOMES.","45002","TRANS CTES EN COMPLIMENT DE CONV SERV SOC I POLÍT D'IGUAL","0.00","0.00","0.00","0.00","0.00","51275.00","51275.00","0.00","0.00","0.00","0","2024/09/04 02:37:57.550","818460009","Ajuntament de Rubí"
"406726497","2014-23107-45002","CP Fitxa 7 Acollida i integració persones inmigrades","2014","23107","111","45002","0","-","-","-","4","TRANSFERÈNCIA CORRENTS.","45","DE COMUNITATS AUTÒNOMES.","450","DE L'ADMINISTRACIÓ GENERAL DE LES COMUNITATS AUTÒNOMES.","45002","TRANS CTES EN COMPLIMENT DE CONV SERV SOC I POLÍT D'IGUAL","23319.84","23319.84","0.00","0.00","0.00","23300.00","23300.00","0.00","0.00","0.00","99.9","2024/09/04 02:37:57.550","818460009","Ajuntament de Rubí"
"4000733064","2014-23108-45002","CP Fitxa 8 Programa d'inclusió social","2014","23108","111","45002","0","-","-","-","4","TRANSFERÈNCIA CORRENTS.","45","DE COMUNITATS AUTÒNOMES.","450","DE L'ADMINISTRACIÓ GENERAL DE LES COMUNITATS AUTÒNOMES.","45002","TRANS CTES EN COMPLIMENT DE CONV SERV SOC I POLÍT D'IGUAL","71586.13","71586.13","0.00","0.00","0.00","71586.13","71586.13","0.00","0.00","0.00","100","2024/09/04 02:37:57.550","818460009","Ajuntament de Rubí"
"1905595788","2014-2320-34300","Cursos de ioga","2014","2320","111","34300","0","-","-","-","3","TAXES, PREUS PÚBLICS I ALTRES INGRESSOS.","34","PREUS PÚBLICS.","343","SERVEIS ESPORTIUS.","34300","CURSOS DE IOGA","15000.00","15000.00","0.00","0.00","0.00","8450.00","8287.50","162.50","8212.50","100.00","55.2","2024/09/04 02:37:57.550","818460009","Ajuntament de Rubí"
"2537648524","2014-2320-45002","Subv. Generalitat - Institut Català de la dona","2014","2320","111","45002","0","-","-","-","4","TRANSFERÈNCIA CORRENTS.","45","DE COMUNITATS AUTÒNOMES.","450","DE L'ADMINISTRACIÓ GENERAL DE LES COMUNITATS AUTÒNOMES.","45002","TRANS CTES EN COMPLIMENT DE CONV SERV SOC I POLÍT D'IGUAL","34500.00","34500.00","0.00","0.00","0.00","34500.00","34500.00","0.00","0.00","0.00","100","2024/09/04 02:37:57.550","818460009","Ajuntament de Rubí"
"1834291552","2014-2320-46104","DIBA - Politiques d'igualtat de gènere CIRD","2014","2320","111","46104","0","-","-","-","4","TRANSFERÈNCIA CORRENTS.","46","D'ENTITATS LOCALS.","461","DE DIPUTACIONS, CONSELLS O CABILDOS.","46104","DIBA - AJUTS PER AL DESENVOLUPAMENT I LA CREACIÓ DE CENTRES","15000.00","15000.00","0.00","0.00","0.00","18863.73","18863.73","0.00","18863.73","0.00","125.8","2024/09/04 02:37:57.550","818460009","Ajuntament de Rubí"
"825653816","2014-2321-45002","CP Fitxa 29.1 Acció comunitari prog. desenvol. comunitari","2014","2321","111","45002","0","-","-","-","4","TRANSFERÈNCIA CORRENTS.","45","DE COMUNITATS AUTÒNOMES.","450","DE L'ADMINISTRACIÓ GENERAL DE LES COMUNITATS AUTÒNOMES.","45002","TRANS CTES EN COMPLIMENT DE CONV SERV SOC I POLÍT D'IGUAL","36000.00","46000.00","10000.00","10000.00","0.00","36000.00","36000.00","0.00","0.00","0.00","78.3","2024/09/04 02:37:57.550","818460009","Ajuntament de Rubí"
"4037162109","2014-2321-46128","DIBA - Conveni Servei de Mediació ciutadana","2014","2321","111","46128","0","-","-","-","4","TRANSFERÈNCIA CORRENTS.","46","D'ENTITATS LOCALS.","461","DE DIPUTACIONS, CONSELLS O CABILDOS.","46128","DIBA - CONVENI SEREVEI DE MEDIACIÓ CIUTADANA","25000.00","25000.00","0.00","0.00","0.00","14250.00","14250.00","0.00","14250.00","0.00","57","2024/09/04 02:37:57.550","818460009","Ajuntament de Rubí"
"1427651293","2014-23301-45002","CP Fitxa 1 SAD Social","2014","23301","111","45002","0","-","-","-","4","TRANSFERÈNCIA CORRENTS.","45","DE COMUNITATS AUTÒNOMES.","450","DE L'ADMINISTRACIÓ GENERAL DE LES COMUNITATS AUTÒNOMES.","45002","TRANS CTES EN COMPLIMENT DE CONV SERV SOC I POLÍT D'IGUAL","133899.38","133899.38","0.00","0.00","0.00","83687.12","53134.62","30552.50","39744.69","30552.50","39.7","2024/09/04 02:37:57.550","818460009","Ajuntament de Rubí"
"1693458496","2014-23302-45002","CP Fitxa 9 Servei de transport adaptat","2014","23302","111","45002","0","-","-","-","4","TRANSFERÈNCIA CORRENTS.","45","DE COMUNITATS AUTÒNOMES.","450","DE L'ADMINISTRACIÓ GENERAL DE LES COMUNITATS AUTÒNOMES.","45002","TRANS CTES EN COMPLIMENT DE CONV SERV SOC I POLÍT D'IGUAL","40691.85","40691.85","0.00","0.00","0.00","40691.85","40691.85","0.00","0.00","0.00","100","2024/09/04 02:37:57.550","818460009","Ajuntament de Rubí"
"3199975804","2014-2330-34100","Preu públic transport adaptat gent gran","2014","2330","111","34100","0","-","-","-","3","TAXES, PREUS PÚBLICS I ALTRES INGRESSOS.","34","PREUS PÚBLICS.","341","SERVEIS ASSISTENCIALS.","34100","TAXA TRANSPORTS ADAPTAT CENTRE DE DIA GENT GRAN","36200.93","36200.93","0.00","0.00","0.00","22076.88","22076.88","0.00","20503.49","0.00","61","2024/09/04 02:37:57.550","818460009","Ajuntament de Rubí"
"3263638516","2014-23303-45002","CP Fitxa 1 SAD Dependència","2014","23303","111","45002","0","-","-","-","4","TRANSFERÈNCIA CORRENTS.","45","DE COMUNITATS AUTÒNOMES.","450","DE L'ADMINISTRACIÓ GENERAL DE LES COMUNITATS AUTÒNOMES.","45002","TRANS CTES EN COMPLIMENT DE CONV SERV SOC I POLÍT D'IGUAL","722484.00","722484.00","0.00","0.00","0.00","415514.86","415514.86","0.00","415514.86","0.00","57.5","2024/09/04 02:37:57.550","818460009","Ajuntament de Rubí"
"645969180","2014-2330-46113","DIBA - Finançament dels serveis d'atenció domiciliària","2014","2330","111","46113","0","-","-","-","4","TRANSFERÈNCIA CORRENTS.","46","D'ENTITATS LOCALS.","461","DE DIPUTACIONS, CONSELLS O CABILDOS.","46113","DIBA - FINANÇAMENT DELS SERVEIS D'ATENCIÓ DOMICILIÀRIA","62552.96","62552.96","0.00","0.00","0.00","49689.84","49689.84","0.00","49689.84","0.00","79.4","2024/09/04 02:37:57.550","818460009","Ajuntament de Rubí"
"1999143589","2014-2330-78001","Subvencions Institucions i particulars sense fi de lucre","2014","2330","111","78001","0","-","-","-","7","TRANSFERÈNCIES DE CAPITAL.","78","DE FAMÍLIES I INSTITUCIONS SENSE FINS DE LUCRE.","780","SUBVENCIONS INSTITUCIONS I PARTICULARS SENSE FI DE LUCRE","78001","SUBVENCIONS INSTITUCIONS I PARTIUCLARS SENSE FI DE LUCRE","0.00","0.00","0.00","0.00","0.00","0.00","0.00","0.00","0.00","0.00","0","2024/09/04 02:37:57.550","818460009","Ajuntament de Rubí"
"4007038671","2014-2410-45050","PROMOCIÓ DE L'OCUPACIÓ  Subvencions materia ocupació (IMPES)","2014","2410","111","45050","0","-","-","-","4","TRANSFERÈNCIA CORRENTS.","45","DE COMUNITATS AUTÒNOMES.","450","DE L'ADMINISTRACIÓ GENERAL DE LES COMUNITATS AUTÒNOMES.","45050","TRAN CTES EN CUMPL CONV LES SEVES AMB C.A EN MAT EM I DESARR","534402.00","1722048.49","1187646.49","1187646.49","0.00","1247189.97","1246406.14","783.83","1165581.19","783.83","72.4","2024/09/04 02:37:57.550","818460009","Ajuntament de Rubí"
"2447885523","2014-2410-45300","Subvenció projecte la xarxa amb la talent","2014","2410","111","45300","0","-","-","-","4","TRANSFERÈNCIA CORRENTS.","45","DE COMUNITATS AUTÒNOMES.","453","DE SOC MERC, ENT PÚB EMPR I ALTRES ORG PÚB DEPEN DE CC.AA","45300","DE SOC MERC, ENT PÚB EMPR I ALTRES ORG PÚB DEPEN DE CC.AA","0.00","0.00","0.00","0.00","0.00","0.00","0.00","0.00","0.00","0.00","0","2024/09/04 02:37:57.550","818460009","Ajuntament de Rubí"
"1117276581","2014-2410-46136","DIBA - Promoció de l'ocupació (IMPES)","2014","2410","111","46136","0","-","-","-","4","TRANSFERÈNCIA CORRENTS.","46","D'ENTITATS LOCALS.","461","DE DIPUTACIONS, CONSELLS O CABILDOS.","46136","DIBA - SUBVENCIONS","58988.00","210547.88","151559.88","151559.88","0.00","203405.87","203405.87","0.00","203405.87","0.00","96.6","2024/09/04 02:37:57.550","818460009","Ajuntament de Rubí"
"2220606433","2014-2410-46700","Subv. Consorci per l'ocupació i la promoc. econ del Vallès","2014","2410","111","46700","0","-","-","-","4","TRANSFERÈNCIA CORRENTS.","46","D'ENTITATS LOCALS.","467","DE CONSORCIS.","46700","SUBV. CONSORCI PER L'OCUPACIÓ I LA PROMOC. ECON DEL VALLÈS","0.00","0.00","0.00","0.00","0.00","0.00","0.00","0.00","0.00","0.00","0","2024/09/04 02:37:57.550","818460009","Ajuntament de Rubí"
"1640735319","2014-2410-48000","Programa SEFED","2014","2410","111","48000","0","-","-","-","4","TRANSFERÈNCIA CORRENTS.","48","DE FAMÍLIES I INSTITUCIONS SENSE FINS DE LUCRE.","480","DESCRIPCIÓN ECONÓMICA","48000","DESCRIPCIÓN ECONÓMICA","0.00","0.00","0.00","0.00","0.00","115647.08","115647.08","0.00","11000.00","0.00","0","2024/09/04 02:37:57.550","818460009","Ajuntament de Rubí"
"2823570018","2014-3130-31902","Serveis de control i inspecció sanitaris en matèries de Salu","2014","3130","111","31902","0","-","-","-","3","TAXES, PREUS PÚBLICS I ALTRES INGRESSOS.","31","TAXES PER LA PREST DE SERVIC PÚBL DE CARÀCTER SOCIAL I PREFE","319","ALTRES TAXES PER PREST DE SERVIC DE CARÀCTER PREFERENT","31902","INSPECCIÓ I CONTROL SANITARI D'ESTABLIMENTS DE CARN FRESCA","3500.00","3500.00","0.00","0.00","0.00","127.18","127.18","0.00","0.00","0.00","3.6","2024/09/04 02:37:57.550","818460009","Ajuntament de Rubí"
"3746263796","2014-3130-31903","Autoritzacions sanitàries per a la pràctica de tatuatges i/o","2014","3130","111","31903","0","-","-","-","3","TAXES, PREUS PÚBLICS I ALTRES INGRESSOS.","31","TAXES PER LA PREST DE SERVIC PÚBL DE CARÀCTER SOCIAL I PREFE","319","ALTRES TAXES PER PREST DE SERVIC DE CARÀCTER PREFERENT","31903","DESCRIPCIÓN ECONÓMICA","600.00","600.00","0.00","0.00","0.00","0.00","0.00","0.00","0.00","0.00","0","2024/09/04 02:37:57.550","818460009","Ajuntament de Rubí"
"3154696590","2014-3130-45080","Subv. GENCAT. Exàment salut escolar","2014","3130","111","45080","0","-","-","-","4","TRANSFERÈNCIA CORRENTS.","45","DE COMUNITATS AUTÒNOMES.","450","DE L'ADMINISTRACIÓ GENERAL DE LES COMUNITATS AUTÒNOMES.","45080","SUBV CORRENTS DE LA ADMÓN GENERAL DE LA C.A","4610.58","4610.58","0.00","0.00","0.00","4518.59","4518.59","0.00","4518.59","0.00","98","2024/09/04 02:37:57.550","818460009","Ajuntament de Rubí"
"123805626","2014-3130-46119","DIBA - Ajuts per al desenvolupament de programes i desenvolu","2014","3130","111","46119","0","-","-","-","4","TRANSFERÈNCIA CORRENTS.","46","D'ENTITATS LOCALS.","461","DE DIPUTACIONS, CONSELLS O CABILDOS.","46119","DIBA - AJUTS PER AL DESENVOLUPAMENT DE PROGRAMES I DESENVOLU","7773.00","7773.00","0.00","0.00","0.00","7773.00","7773.00","0.00","7773.00","0.00","100","2024/09/04 02:37:57.550","818460009","Ajuntament de Rubí"
"1435563229","2014-3130-46120","DIBA - Ajuts per al desenv. programes seguretat alimentària","2014","3130","111","46120","0","-","-","-","4","TRANSFERÈNCIA CORRENTS.","46","D'ENTITATS LOCALS.","461","DE DIPUTACIONS, CONSELLS O CABILDOS.","46120","DIBA - AJUTS PER AL DESENVOLUPAMENT DE PROGRAMES","14723.00","14723.00","0.00","0.00","0.00","14723.00","14723.00","0.00","14723.00","0.00","100","2024/09/04 02:37:57.550","818460009","Ajuntament de Rubí"
"580371531","2014-3130-46121","DIBA - Ajuts per a la prevenció de plagues urbanes i legione","2014","3130","111","46121","0","-","-","-","4","TRANSFERÈNCIA CORRENTS.","46","D'ENTITATS LOCALS.","461","DE DIPUTACIONS, CONSELLS O CABILDOS.","46121","DIBA - AJUTS PER A LA PREVENCIÓ DE PLAGUES URBANES I LEGIONE","9317.00","9317.00","0.00","0.00","0.00","9317.00","9317.00","0.00","9317.00","0.00","100","2024/09/04 02:37:57.550","818460009","Ajuntament de Rubí"
"1659470042","2014-3130-46600","FEMP - Xarxa espanyola ciutats saludables","2014","3130","111","46600","0","-","-","-","4","TRANSFERÈNCIA CORRENTS.","46","D'ENTITATS LOCALS.","466","D'ALTRES ENTITATS QUE AGRUPIN MUNICIPIS.","46600","DESCRIPCIÓN ECONÓMICA","3960.00","3960.00","0.00","0.00","0.00","3960.00","3960.00","0.00","3960.00","0.00","100","2024/09/04 02:37:57.550","818460009","Ajuntament de Rubí"
"2799305457","2014-3132-31901","Taxes per inscripció d'animals de companyia","2014","3132","111","31901","0","-","-","-","3","TAXES, PREUS PÚBLICS I ALTRES INGRESSOS.","31","TAXES PER LA PREST DE SERVIC PÚBL DE CARÀCTER SOCIAL I PREFE","319","ALTRES TAXES PER PREST DE SERVIC DE CARÀCTER PREFERENT","31901","TAXES PER INSCRIPCIÓ D'ANIMALS DE COMPANYIA","5000.00","5000.00","0.00","0.00","0.00","5681.80","5681.80","0.00","5681.80","0.00","113.6","2024/09/04 02:37:57.550","818460009","Ajuntament de Rubí"
"731367591","2014-3132-45080","GENCAT - Protecció d'animals de companyia (tinença d'animals","2014","3132","111","45080","0","-","-","-","4","TRANSFERÈNCIA CORRENTS.","45","DE COMUNITATS AUTÒNOMES.","450","DE L'ADMINISTRACIÓ GENERAL DE LES COMUNITATS AUTÒNOMES.","45080","SUBV CORRENTS DE LA ADMÓN GENERAL DE LA C.A","0.00","0.00","0.00","0.00","0.00","0.00","0.00","0.00","0.00","0.00","0","2024/09/04 02:37:57.550","818460009","Ajuntament de Rubí"
"2424411210","2014-32101-45030","Gencat - Escola bressol Sol Solet","2014","32101","111","45030","0","-","-","-","4","TRANSFERÈNCIA CORRENTS.","45","DE COMUNITATS AUTÒNOMES.","450","DE L'ADMINISTRACIÓ GENERAL DE LES COMUNITATS AUTÒNOMES.","45030","TRANS CTES EN CUMPL DE CONV ELS SEUS AMB C.A EN MAT D'EDUCAC","103775.00","103775.00","0.00","0.00","0.00","0.00","0.00","0.00","0.00","0.00","0","2024/09/04 02:37:57.550","818460009","Ajuntament de Rubí"
"634675809","2014-32101-46146","DIBA - Progr Comp finançament llars d'infants EB Sol Solet","2014","32101","111","46146","0","-","-","-","4","TRANSFERÈNCIA CORRENTS.","46","D'ENTITATS LOCALS.","461","DE DIPUTACIONS, CONSELLS O CABILDOS.","46146","DE DIPUTACIONS, CONSELLS O CABILDOS.","0.00","0.00","0.00","0.00","0.00","23485.90","23485.90","0.00","23485.90","0.00","0","2024/09/04 02:37:57.550","818460009","Ajuntament de Rubí"
"2708049623","2014-32102-45030","Gencat - Escola bressol Lluna","2014","32102","111","45030","0","-","-","-","4","TRANSFERÈNCIA CORRENTS.","45","DE COMUNITATS AUTÒNOMES.","450","DE L'ADMINISTRACIÓ GENERAL DE LES COMUNITATS AUTÒNOMES.","45030","TRANS CTES EN CUMPL DE CONV ELS SEUS AMB C.A EN MAT D'EDUCAC","106225.00","106225.00","0.00","0.00","0.00","0.00","0.00","0.00","0.00","0.00","0","2024/09/04 02:37:57.550","818460009","Ajuntament de Rubí"
"1664829546","2014-32102-46147","DIBA - Progr Comp finançament llars d'infants EB La Lluna","2014","32102","111","46147","0","-","-","-","4","TRANSFERÈNCIA CORRENTS.","46","D'ENTITATS LOCALS.","461","DE DIPUTACIONS, CONSELLS O CABILDOS.","46147","DE DIPUTACIONS, CONSELLS O CABILDOS.","0.00","0.00","0.00","0.00","0.00","23485.90","23485.90","0.00","23485.90","0.00","0","2024/09/04 02:37:57.550","818460009","Ajuntament de Rubí"
"107022117","2014-3210-34200","Preu públic escola bressol La Lluna","2014","3210","111","34200","0","-","-","-","3","TAXES, PREUS PÚBLICS I ALTRES INGRESSOS.","34","PREUS PÚBLICS.","342","SERVEIS EDUCATIUS.","34200","PREU PÚBLIC ESCOLA BRESSOL LA LLUNA","253014.35","253014.35","0.00","0.00","0.00","255914.28","255914.28","0.00","218517.29","0.00","101.1","2024/09/04 02:37:57.550","818460009","Ajuntament de Rubí"
"1902524339","2014-3210-34201","Preu públic escola bressol Sol Solet","2014","3210","111","34201","0","-","-","-","3","TAXES, PREUS PÚBLICS I ALTRES INGRESSOS.","34","PREUS PÚBLICS.","342","SERVEIS EDUCATIUS.","34201","PREU PÚBLIC ESCOLA BRESSOL SOL SOLET","303498.00","303498.00","0.00","0.00","0.00","281389.20","277762.95","3626.25","237164.66","2354.85","91.5","2024/09/04 02:37:57.550","818460009","Ajuntament de Rubí"
"3899614729","2014-3210-34202","Preu públic escola bressol la Bruna","2014","3210","111","34202","0","-","-","-","3","TAXES, PREUS PÚBLICS I ALTRES INGRESSOS.","34","PREUS PÚBLICS.","342","SERVEIS EDUCATIUS.","34202","PREU PÚBLIC ESCOLA BRESSOL LA BRUNA","238186.90","238186.90","0.00","0.00","0.00","263452.81","262546.40","906.41","223607.65","0.00","110.2","2024/09/04 02:37:57.550","818460009","Ajuntament de Rubí"
"119440739","2014-32103-45030","Gencat - Escola bressol Bruna","2014","32103","111","45030","0","-","-","-","4","TRANSFERÈNCIA CORRENTS.","45","DE COMUNITATS AUTÒNOMES.","450","DE L'ADMINISTRACIÓ GENERAL DE LES COMUNITATS AUTÒNOMES.","45030","TRANS CTES EN CUMPL DE CONV ELS SEUS AMB C.A EN MAT D'EDUCAC","106925.00","106925.00","0.00","0.00","0.00","0.00","0.00","0.00","0.00","0.00","0","2024/09/04 02:37:57.550","818460009","Ajuntament de Rubí"
"1442012751","2014-32103-46148","DIBA - Progr Comp finançament llars d'infants EB La Bruna","2014","32103","111","46148","0","-","-","-","4","TRANSFERÈNCIA CORRENTS.","46","D'ENTITATS LOCALS.","461","DE DIPUTACIONS, CONSELLS O CABILDOS.","46148","DE DIPUTACIONS, CONSELLS O CABILDOS.","0.00","0.00","0.00","0.00","0.00","22931.11","22931.11","0.00","22931.11","0.00","0","2024/09/04 02:37:57.550","818460009","Ajuntament de Rubí"
"1325352576","2014-3210-46139","DIBA - Suport servei menjador Escola bressol","2014","3210","111","46139","0","-","-","-","4","TRANSFERÈNCIA CORRENTS.","46","D'ENTITATS LOCALS.","461","DE DIPUTACIONS, CONSELLS O CABILDOS.","46139","SUBVENCIÓ","0.00","0.00","0.00","0.00","0.00","10532.00","10532.00","0.00","10532.00","0.00","0","2024/09/04 02:37:57.550","818460009","Ajuntament de Rubí"
"424147776","2014-3221-31200","Rebuts escola d'art","2014","3221","111","31200","0","-","-","-","3","TAXES, PREUS PÚBLICS I ALTRES INGRESSOS.","31","TAXES PER LA PREST DE SERVIC PÚBL DE CARÀCTER SOCIAL I PREFE","312","SERVEIS EDUCATIUS.","31200","LLICENCIES URBANISTIQUES","30931.11","30931.11","0.00","0.00","0.00","29873.29","29597.57","275.72","18663.27","275.72","95.7","2024/09/04 02:37:57.550","818460009","Ajuntament de Rubí"
"3355094599","2014-3221-34206","Preu públic tallers d'art","2014","3221","111","34206","0","-","-","-","3","TAXES, PREUS PÚBLICS I ALTRES INGRESSOS.","34","PREUS PÚBLICS.","342","SERVEIS EDUCATIUS.","34206","CURSOS FORMACIÓ SERVEI DE LA DONA","41230.60","41230.60","0.00","0.00","0.00","42543.78","42512.73","31.05","37397.08","0.00","103.1","2024/09/04 02:37:57.550","818460009","Ajuntament de Rubí"
"212613034","2014-3221-45030","Gencat - Escola d'Art","2014","3221","111","45030","0","-","-","-","4","TRANSFERÈNCIA CORRENTS.","45","DE COMUNITATS AUTÒNOMES.","450","DE L'ADMINISTRACIÓ GENERAL DE LES COMUNITATS AUTÒNOMES.","45030","TRANS CTES EN CUMPL DE CONV ELS SEUS AMB C.A EN MAT D'EDUCAC","158000.00","158000.00","0.00","0.00","0.00","0.00","0.00","0.00","0.00","0.00","0","2024/09/04 02:37:57.550","818460009","Ajuntament de Rubí"
"404542966","2014-3222-34204","Rebuts escola de música","2014","3222","111","34204","0","-","-","-","3","TAXES, PREUS PÚBLICS I ALTRES INGRESSOS.","34","PREUS PÚBLICS.","342","SERVEIS EDUCATIUS.","34204","REBUTS ESCOLA DE MÚSICA","328099.41","328099.41","0.00","0.00","0.00","337601.91","336798.66","803.25","295700.19","345.68","102.7","2024/09/04 02:37:57.550","818460009","Ajuntament de Rubí"
"3729489050","2014-3222-46126","DIBA - Ajuts per a escoles municipals de música i arts","2014","3222","111","46126","0","-","-","-","4","TRANSFERÈNCIA CORRENTS.","46","D'ENTITATS LOCALS.","461","DE DIPUTACIONS, CONSELLS O CABILDOS.","46126","DIBA - AJUTS PER A ESCOLES MUNICIPALS DE MÚSICA I ENSENYAMEN","11000.00","11000.00","0.00","0.00","0.00","21168.00","21168.00","0.00","21168.00","0.00","192.4","2024/09/04 02:37:57.550","818460009","Ajuntament de Rubí"
"875492567","2014-3230-34205","Casals","2014","3230","111","34205","0","-","-","-","3","TAXES, PREUS PÚBLICS I ALTRES INGRESSOS.","34","PREUS PÚBLICS.","342","SERVEIS EDUCATIUS.","34205","CASALS","10898.00","10898.00","0.00","0.00","0.00","8799.00","8793.00","6.00","7793.00","6.00","80.7","2024/09/04 02:37:57.550","818460009","Ajuntament de Rubí"
"1718697088","2014-3230-45030","GENCAT - PLA EDUCATIU DE L'ENTORN","2014","3230","111","45030","0","-","-","-","4","TRANSFERÈNCIA CORRENTS.","45","DE COMUNITATS AUTÒNOMES.","450","DE L'ADMINISTRACIÓ GENERAL DE LES COMUNITATS AUTÒNOMES.","45030","TRANS CTES EN CUMPL DE CONV ELS SEUS AMB C.A EN MAT D'EDUCAC","0.00","0.00","0.00","0.00","0.00","0.00","0.00","0.00","0.00","0.00","0","2024/09/04 02:37:57.550","818460009","Ajuntament de Rubí"
"4068040123","2014-3230-46127","DIBA - Ajuts programa '' Coneixem els nostres parcs''","2014","3230","111","46127","0","-","-","-","4","TRANSFERÈNCIA CORRENTS.","46","D'ENTITATS LOCALS.","461","DE DIPUTACIONS, CONSELLS O CABILDOS.","46127","DIBA - AJUTS PROGRAMA "" CONEIXEM ELS NOSTRES PARCS""","1542.75","1542.75","0.00","0.00","0.00","1481.04","1481.04","0.00","1481.04","0.00","96","2024/09/04 02:37:57.550","818460009","Ajuntament de Rubí"
"2078110059","2014-3230-46138","DIBA -  Ajuts casals d'infants d'escoles","2014","3230","111","46138","0","-","-","-","4","TRANSFERÈNCIA CORRENTS.","46","D'ENTITATS LOCALS.","461","DE DIPUTACIONS, CONSELLS O CABILDOS.","46138","DIBA -  ACOMPANYAMENT A L'ESCOLARITAT","2442.00","2442.00","0.00","0.00","0.00","2442.00","2442.00","0.00","2442.00","0.00","100","2024/09/04 02:37:57.550","818460009","Ajuntament de Rubí"
"3208034206","2014-3230-48000","Subvencions Institucions i particulars sense fi de lucre","2014","3230","111","48000","0","-","-","-","4","TRANSFERÈNCIA CORRENTS.","48","DE FAMÍLIES I INSTITUCIONS SENSE FINS DE LUCRE.","480","DESCRIPCIÓN ECONÓMICA","48000","DESCRIPCIÓN ECONÓMICA","900.00","900.00","0.00","0.00","0.00","11952.00","11952.00","0.00","11952.00","0.00","1328","2024/09/04 02:37:57.550","818460009","Ajuntament de Rubí"
"3257245595","2014-3230-75080","PUOSC-Adequació CEIP","2014","3230","111","75080","0","-","-","-","7","TRANSFERÈNCIES DE CAPITAL.","75","DE COMUNITATS AUTÒNOMES.","750","DE L'ADMINISTRACIÓ GENERAL DE LES COMUNITATS AUTÒNOMES.","75080","ALTRES TRANSFERÈNCIES DE CAPITAL DE LA ADMÓN GNRAL DE LA C.A","93772.05","93772.05","0.00","0.00","0.00","0.00","0.00","0.00","0.00","0.00","0","2024/09/04 02:37:57.550","818460009","Ajuntament de Rubí"
"2009824121","2014-3320-33909","Lloguer Biblioteca","2014","3320","111","33909","0","-","-","-","3","TAXES, PREUS PÚBLICS I ALTRES INGRESSOS.","33","TAXES PER UTILIZAC PRIVAT O EL APROVECH ESP DEL DOM PÚB LOC","339","ALTRES TAXES PER UTILITZACIÓ PRIVATIVA DEL DOMINI PÚBLIC.","33909","LLOGUER BIBLIOTECA","750.00","750.00","0.00","0.00","0.00","397.50","397.50","0.00","397.50","0.00","53","2024/09/04 02:37:57.550","818460009","Ajuntament de Rubí"
"2554066961","2014-3340-45080","Centre de Dansa Tradicional Espona","2014","3340","111","45080","0","-","-","-","4","TRANSFERÈNCIA CORRENTS.","45","DE COMUNITATS AUTÒNOMES.","450","DE L'ADMINISTRACIÓ GENERAL DE LES COMUNITATS AUTÒNOMES.","45080","SUBV CORRENTS DE LA ADMÓN GENERAL DE LA C.A","0.00","0.00","0.00","0.00","0.00","60000.00","60000.00","0.00","60000.00","0.00","0","2024/09/04 02:37:57.550","818460009","Ajuntament de Rubí"
"4141642144","2014-3340-46137","DIBA - Ajuts esdeveniments artístics : RUBIFOLK","2014","3340","111","46137","0","-","-","-","4","TRANSFERÈNCIA CORRENTS.","46","D'ENTITATS LOCALS.","461","DE DIPUTACIONS, CONSELLS O CABILDOS.","46137","DIBA-AJUTS PER A FESTIV. I ESDEVENIMENTS ARTÍSTICS (RUBIFOLK","7000.00","7000.00","0.00","0.00","0.00","3850.00","3850.00","0.00","3850.00","0.00","55","2024/09/04 02:37:57.550","818460009","Ajuntament de Rubí"
"2595643239","2014-3350-33907","Lloguers del Teatre Municipal La Sala","2014","3350","111","33907","0","-","-","-","3","TAXES, PREUS PÚBLICS I ALTRES INGRESSOS.","33","TAXES PER UTILIZAC PRIVAT O EL APROVECH ESP DEL DOM PÚB LOC","339","ALTRES TAXES PER UTILITZACIÓ PRIVATIVA DEL DOMINI PÚBLIC.","33907","LLOGUERS DEL TEATRE MUNICIPAL LA SALA","4000.00","4000.00","0.00","0.00","0.00","10962.75","10962.75","0.00","4282.25","0.00","274.1","2024/09/04 02:37:57.550","818460009","Ajuntament de Rubí"
"2447204654","2014-3350-34400","Venda d'entrades espectacles temporada","2014","3350","111","34400","0","-","-","-","3","TAXES, PREUS PÚBLICS I ALTRES INGRESSOS.","34","PREUS PÚBLICS.","344","ENTRADES A MUSEUS, EXPOSICIONS, ESPECTACLES.","34400","VENDA D'ENTRADES ESPECTACLES TEMPORADA","7000.00","7000.00","0.00","0.00","0.00","16620.00","16620.00","0.00","16620.00","0.00","237.4","2024/09/04 02:37:57.550","818460009","Ajuntament de Rubí"
"1272590831","2014-3350-36001","Vendes de begudes Espai 14/13","2014","3350","111","36001","0","-","-","-","3","TAXES, PREUS PÚBLICS I ALTRES INGRESSOS.","36","VENDES.","360","VENDES","36001","VENDES","0.00","0.00","0.00","0.00","0.00","0.00","0.00","0.00","0.00","0.00","0","2024/09/04 02:37:57.550","818460009","Ajuntament de Rubí"
"1418852495","2014-3350-45080","Gencat -  Temporada estable d'espectacles","2014","3350","111","45080","0","-","-","-","4","TRANSFERÈNCIA CORRENTS.","45","DE COMUNITATS AUTÒNOMES.","450","DE L'ADMINISTRACIÓ GENERAL DE LES COMUNITATS AUTÒNOMES.","45080","SUBV CORRENTS DE LA ADMÓN GENERAL DE LA C.A","0.00","0.00","0.00","0.00","0.00","580.52","580.52","0.00","580.52","0.00","0","2024/09/04 02:37:57.550","818460009","Ajuntament de Rubí"
"3564638226","2014-3350-46135","DIBA - Programació Temporada Estable d'espectacles","2014","3350","111","46135","0","-","-","-","4","TRANSFERÈNCIA CORRENTS.","46","D'ENTITATS LOCALS.","461","DE DIPUTACIONS, CONSELLS O CABILDOS.","46135","DIBA - SUBVENCIONS","2000.00","2000.00","0.00","0.00","0.00","2841.08","2841.08","0.00","2841.08","0.00","142.1","2024/09/04 02:37:57.550","818460009","Ajuntament de Rubí"
"2223392021","2014-3360-33908","LLoguers de l'auditori El Castell","2014","3360","111","33908","0","-","-","-","3","TAXES, PREUS PÚBLICS I ALTRES INGRESSOS.","33","TAXES PER UTILIZAC PRIVAT O EL APROVECH ESP DEL DOM PÚB LOC","339","ALTRES TAXES PER UTILITZACIÓ PRIVATIVA DEL DOMINI PÚBLIC.","33908","LLOGUERS DE L'AUDITORI","3000.00","3000.00","0.00","0.00","0.00","9479.50","9479.50","0.00","9400.00","0.00","316","2024/09/04 02:37:57.550","818460009","Ajuntament de Rubí"
"3659464556","2014-3360-45080","Gencat -  Ajut consevació pintures església Sant Muç","2014","3360","111","45080","0","-","-","-","4","TRANSFERÈNCIA CORRENTS.","45","DE COMUNITATS AUTÒNOMES.","450","DE L'ADMINISTRACIÓ GENERAL DE LES COMUNITATS AUTÒNOMES.","45080","SUBV CORRENTS DE LA ADMÓN GENERAL DE LA C.A","0.00","6919.00","6919.00","6919.00","0.00","6919.00","6919.00","0.00","6919.00","0.00","100","2024/09/04 02:37:57.550","818460009","Ajuntament de Rubí"
"1570427880","2014-3360-46131","DIBA- Ajuts Xarxa museu i patrimoni cultural","2014","3360","111","46131","0","-","-","-","4","TRANSFERÈNCIA CORRENTS.","46","D'ENTITATS LOCALS.","461","DE DIPUTACIONS, CONSELLS O CABILDOS.","46131","DIBA-AJUTS AL PROGRAMA DE SUPORT SERVE. I ACTIV. XARXA MUSEU","1500.00","1500.00","0.00","0.00","0.00","0.00","0.00","0.00","0.00","0.00","0","2024/09/04 02:37:57.550","818460009","Ajuntament de Rubí"
"1769269933","2014-3360-79101","Subvencions FEDER El Celler","2014","3360","111","79101","0","-","-","-","7","TRANSFERÈNCIES DE CAPITAL.","79","DE L'EXTERIOR.","791","DEL FONS DE DESENVOLUPAMENT REGIONAL.","79101","SUBVENCIONS FEDER","0.00","0.00","0.00","0.00","0.00","0.00","0.00","0.00","0.00","0.00","0","2024/09/04 02:37:57.550","818460009","Ajuntament de Rubí"
"2544687685","2014-3370-31201","Ingressos Torre Bassas","2014","3370","111","31201","0","-","-","-","3","TAXES, PREUS PÚBLICS I ALTRES INGRESSOS.","31","TAXES PER LA PREST DE SERVIC PÚBL DE CARÀCTER SOCIAL I PREFE","312","SERVEIS EDUCATIUS.","31201","RECOLLIDA D'ESCOMBRERIES","0.00","0.00","0.00","0.00","0.00","0.00","0.00","0.00","0.00","0.00","0","2024/09/04 02:37:57.550","818460009","Ajuntament de Rubí"
"380960754","2014-3370-45080","GENCAT - Dinamització del espai jove Torre Bassas","2014","3370","111","45080","0","-","-","-","4","TRANSFERÈNCIA CORRENTS.","45","DE COMUNITATS AUTÒNOMES.","450","DE L'ADMINISTRACIÓ GENERAL DE LES COMUNITATS AUTÒNOMES.","45080","SUBV CORRENTS DE LA ADMÓN GENERAL DE LA C.A","0.00","0.00","0.00","0.00","0.00","10500.00","10500.00","0.00","0.00","0.00","0","2024/09/04 02:37:57.550","818460009","Ajuntament de Rubí"
"1248138433","2014-3370-46117","DIBA - Ajuts Plans Locals de joventut","2014","3370","111","46117","0","-","-","-","4","TRANSFERÈNCIA CORRENTS.","46","D'ENTITATS LOCALS.","461","DE DIPUTACIONS, CONSELLS O CABILDOS.","46117","DIBA - AJUTS PER AL DESENVOLUPAMENT DELS PLANS LOCALS DE JOV","12000.00","12000.00","0.00","0.00","0.00","12841.89","12841.89","0.00","12841.89","0.00","107","2024/09/04 02:37:57.550","818460009","Ajuntament de Rubí"
"2111784041","2014-3380-34401","Venda d'entrades per Festa Major","2014","3380","111","34401","0","-","-","-","3","TAXES, PREUS PÚBLICS I ALTRES INGRESSOS.","34","PREUS PÚBLICS.","344","ENTRADES A MUSEUS, EXPOSICIONS, ESPECTACLES.","34401","VENDA D'ENTRADES PER FESTA MAJOR","6000.00","6000.00","0.00","0.00","0.00","2956.00","2956.00","0.00","2956.00","0.00","49.3","2024/09/04 02:37:57.550","818460009","Ajuntament de Rubí"
"450964157","2014-3380-46108","DIBA - Desenv. cultural: Cultura i proximitat","2014","3380","111","46108","0","-","-","-","4","TRANSFERÈNCIA CORRENTS.","46","D'ENTITATS LOCALS.","461","DE DIPUTACIONS, CONSELLS O CABILDOS.","46108","DIBA - AJUTS PER ACTUACIONS DESENV. LOCALS MUNICIPALS +20000","25000.00","25000.00","0.00","0.00","0.00","14900.00","14900.00","0.00","14900.00","0.00","59.6","2024/09/04 02:37:57.550","818460009","Ajuntament de Rubí"
"382233801","2014-3410-46109","DIBA - Ajuts per al desenvolupament de programes esportius","2014","3410","111","46109","0","-","-","-","4","TRANSFERÈNCIA CORRENTS.","46","D'ENTITATS LOCALS.","461","DE DIPUTACIONS, CONSELLS O CABILDOS.","46109","DIBA - AJUTS PER AL DESENVOLUPAMENT DE PROGRAMES ESPORTIUS","10125.00","10125.00","0.00","0.00","0.00","10125.00","10125.00","0.00","10125.00","0.00","100","2024/09/04 02:37:57.550","818460009","Ajuntament de Rubí"
"1980753196","2014-3410-46110","DIBA - Ajuts per activitats esportives puntuals","2014","3410","111","46110","0","-","-","-","4","TRANSFERÈNCIA CORRENTS.","46","D'ENTITATS LOCALS.","461","DE DIPUTACIONS, CONSELLS O CABILDOS.","46110","DIBA - AJUTS PER ACTIVITATS ESPORTIVES PUNTUALS","4770.00","4770.00","0.00","0.00","0.00","4770.00","4770.00","0.00","4770.00","0.00","100","2024/09/04 02:37:57.550","818460009","Ajuntament de Rubí"
"74100675","2014-3420-33911","Lloguer d'instal·lacions esportives","2014","3420","111","33911","0","-","-","-","3","TAXES, PREUS PÚBLICS I ALTRES INGRESSOS.","33","TAXES PER UTILIZAC PRIVAT O EL APROVECH ESP DEL DOM PÚB LOC","339","ALTRES TAXES PER UTILITZACIÓ PRIVATIVA DEL DOMINI PÚBLIC.","33911","LLOGUER INSTAL·LACIONS ESPORTIVES","700.00","700.00","0.00","0.00","0.00","626.20","626.20","0.00","626.20","0.00","89.5","2024/09/04 02:37:57.550","818460009","Ajuntament de Rubí"
"2147436077","2014-3420-46107","DIBA - Ajuts per adquisició de material esportiu","2014","3420","111","46107","0","-","-","-","4","TRANSFERÈNCIA CORRENTS.","46","D'ENTITATS LOCALS.","461","DE DIPUTACIONS, CONSELLS O CABILDOS.","46107","DIBA - AJUTS PER ADQUISICIÓ DE MATERIAL ESPORTIU","2100.00","2100.00","0.00","0.00","0.00","2100.00","2100.00","0.00","2100.00","0.00","100","2024/09/04 02:37:57.550","818460009","Ajuntament de Rubí"
"747278386","2014-4310-46132","DIBA-Ajuts Dinamització teixit comercial (comerç)","2014","4310","111","46132","0","-","-","-","4","TRANSFERÈNCIA CORRENTS.","46","D'ENTITATS LOCALS.","461","DE DIPUTACIONS, CONSELLS O CABILDOS.","46132","DIBA-AJUTS IMPLANTAR MESURES DINAMITZACIÓ COMERCIAL (COMERÇ)","17000.00","17000.00","0.00","0.00","0.00","13436.10","13436.10","0.00","13436.10","0.00","79","2024/09/04 02:37:57.550","818460009","Ajuntament de Rubí"
"1972718322","2014-4311-32500","Expedició de documents,,","2014","4311","111","32500","0","-","-","-","3","TAXES, PREUS PÚBLICS I ALTRES INGRESSOS.","32","TAXES PER LA REALIZAC DE ACTIVID DE COMPETÈNCIA LOCAL.","325","TAXA PER EXPEDICIÓ DE DOCUMENTS.","32500","EXPEDICIÓ DE DOCUMENTS","0.00","0.00","0.00","0.00","0.00","6072.84","6072.84","0.00","6005.94","0.00","0","2024/09/04 02:37:57.550","818460009","Ajuntament de Rubí"
"2078439311","2014-4311-32904","Serveis de mercat","2014","4311","111","32904","0","-","-","-","3","TAXES, PREUS PÚBLICS I ALTRES INGRESSOS.","32","TAXES PER LA REALIZAC DE ACTIVID DE COMPETÈNCIA LOCAL.","329","ALTRES TAXES PER LA REALIZAC DE ACTIVID DE COMPET LOCAL","32904","SERVEIS DE MERCAT","425000.00","425000.00","0.00","0.00","0.00","410561.34","409605.10","956.24","350346.08","956.24","96.4","2024/09/04 02:37:57.550","818460009","Ajuntament de Rubí"
"1564116297","2014-4311-33903","Mercadal","2014","4311","111","33903","0","-","-","-","3","TAXES, PREUS PÚBLICS I ALTRES INGRESSOS.","33","TAXES PER UTILIZAC PRIVAT O EL APROVECH ESP DEL DOM PÚB LOC","339","ALTRES TAXES PER UTILITZACIÓ PRIVATIVA DEL DOMINI PÚBLIC.","33903","MERCADAL","96250.00","96250.00","0.00","0.00","0.00","81136.25","80516.63","619.62","64017.65","0.00","83.7","2024/09/04 02:37:57.550","818460009","Ajuntament de Rubí"
"1693711018","2014-4311-46130","DIBA - Ajuts per el mercat de venda no sedentari","2014","4311","111","46130","0","-","-","-","4","TRANSFERÈNCIA CORRENTS.","46","D'ENTITATS LOCALS.","461","DE DIPUTACIONS, CONSELLS O CABILDOS.","46130","DIBA - AJUTS AL PROGRAMA DE SUPORT A LES POLÍTIQUES DE DIFUS","0.00","5000.00","5000.00","5000.00","0.00","2000.00","2000.00","0.00","2000.00","0.00","40","2024/09/04 02:37:57.550","818460009","Ajuntament de Rubí"
"1640580352","2014-4311-55000","Concessions administratives","2014","4311","111","55000","0","-","-","-","5","INGRESSOS PATRIMONIALS.","55","PRODUCTES DE CONCESSIONS I APROFITAMENTS ESPECIALS.","550","DE CONCESSIONS ADMTIVAS AMB CONTRAPRESTACIÓ PERIÒDICA","55000","CONCESSIONS ADMINISTRATIVES","10000.00","10000.00","0.00","0.00","0.00","6597.65","6597.65","0.00","6065.43","0.00","66","2024/09/04 02:37:57.550","818460009","Ajuntament de Rubí"
"3569619737","2014-4320-36000","Vendes botiga de Rubí","2014","4320","111","36000","0","-","-","-","3","TAXES, PREUS PÚBLICS I ALTRES INGRESSOS.","36","VENDES.","360","VENDES","36000","VENDES BOTIGA DE RUBÍ","2500.00","2500.00","0.00","0.00","0.00","5685.71","5442.21","243.50","5442.21","243.50","217.7","2024/09/04 02:37:57.550","818460009","Ajuntament de Rubí"
"3163089647","2014-4320-45080","GENCAT - Fons per al foment del turisme","2014","4320","111","45080","0","-","-","-","4","TRANSFERÈNCIA CORRENTS.","45","DE COMUNITATS AUTÒNOMES.","450","DE L'ADMINISTRACIÓ GENERAL DE LES COMUNITATS AUTÒNOMES.","45080","SUBV CORRENTS DE LA ADMÓN GENERAL DE LA C.A","0.00","0.00","0.00","0.00","0.00","3964.15","3964.15","0.00","3964.15","0.00","0","2024/09/04 02:37:57.550","818460009","Ajuntament de Rubí"
"1264988900","2014-4320-46134","DIBA-Ajuts promoció turísitca del territori","2014","4320","111","46134","0","-","-","-","4","TRANSFERÈNCIA CORRENTS.","46","D'ENTITATS LOCALS.","461","DE DIPUTACIONS, CONSELLS O CABILDOS.","46134","DIBA-AJUTS PER ACCIONS LOCALS EN SISTEMES HÍDRICS","1000.00","1000.00","0.00","0.00","0.00","0.00","0.00","0.00","0.00","0.00","0","2024/09/04 02:37:57.550","818460009","Ajuntament de Rubí"
"2749330981","2014-4321-33906","Lloguer d'espais RUBI+D","2014","4321","111","33906","0","-","-","-","3","TAXES, PREUS PÚBLICS I ALTRES INGRESSOS.","33","TAXES PER UTILIZAC PRIVAT O EL APROVECH ESP DEL DOM PÚB LOC","339","ALTRES TAXES PER UTILITZACIÓ PRIVATIVA DEL DOMINI PÚBLIC.","33906","LLOGUER D'ESPAIS RUBI+D","0.00","0.00","0.00","0.00","0.00","68.95","68.95","0.00","68.95","0.00","0","2024/09/04 02:37:57.550","818460009","Ajuntament de Rubí"
"2941361942","2014-4321-45050","GENCAT - Subvenció programa desenvolupament local","2014","4321","111","45050","0","-","-","-","4","TRANSFERÈNCIA CORRENTS.","45","DE COMUNITATS AUTÒNOMES.","450","DE L'ADMINISTRACIÓ GENERAL DE LES COMUNITATS AUTÒNOMES.","45050","TRAN CTES EN CUMPL CONV LES SEVES AMB C.A EN MAT EM I DESARR","0.00","54091.10","54091.10","54091.10","0.00","54091.10","50906.11","3184.99","50906.11","3184.99","94.1","2024/09/04 02:37:57.550","818460009","Ajuntament de Rubí"
"2198681735","2014-4321-46125","DIBA - Ajuts per als observatoris del desenvolupament local","2014","4321","111","46125","0","-","-","-","4","TRANSFERÈNCIA CORRENTS.","46","D'ENTITATS LOCALS.","461","DE DIPUTACIONS, CONSELLS O CABILDOS.","46125","DIBA - AJUTS PER ALS OBSERVATORIS DEL DESENVOLUPAMENT ECONÒM","20000.00","20000.00","0.00","0.00","0.00","8400.00","8400.00","0.00","8400.00","0.00","42","2024/09/04 02:37:57.550","818460009","Ajuntament de Rubí"
"623840117","2014-4321-46153","DIBA - Promoció de la ciutat","2014","4321","111","46153","0","-","-","-","4","TRANSFERÈNCIA CORRENTS.","46","D'ENTITATS LOCALS.","461","DE DIPUTACIONS, CONSELLS O CABILDOS.","46153","SUBVENCIONS PROMOCIÓ DE LA CIUTAT","0.00","0.00","0.00","0.00","0.00","0.00","0.00","0.00","0.00","0.00","0","2024/09/04 02:37:57.550","818460009","Ajuntament de Rubí"
"2646590062","2014-4321-49700","Subvenció projecte REMIDA (MED programme)","2014","4321","111","49700","0","-","-","-","4","TRANSFERÈNCIA CORRENTS.","49","DE L'EXTERIOR.","497","ALTRES TRANSFERÈNCIES DE LA UNIÓ EUROPEA.","49700","FEDER PLATAFORMA DIGITAL SERV EMPRESARIALS ON LINE NET RUBÍ","0.00","63113.38","63113.38","63113.38","0.00","11425.81","11425.81","0.00","11425.81","0.00","18.1","2024/09/04 02:37:57.550","818460009","Ajuntament de Rubí"
"3314324540","2014-4330-45050","GENCAT - Subvencions serveis a les empreses","2014","4330","111","45050","0","-","-","-","4","TRANSFERÈNCIA CORRENTS.","45","DE COMUNITATS AUTÒNOMES.","450","DE L'ADMINISTRACIÓ GENERAL DE LES COMUNITATS AUTÒNOMES.","45050","TRAN CTES EN CUMPL CONV LES SEVES AMB C.A EN MAT EM I DESARR","0.00","88295.00","88295.00","88295.00","0.00","27045.55","21851.82","5193.73","21851.82","5193.73","24.7","2024/09/04 02:37:57.550","818460009","Ajuntament de Rubí"
"430483417","2014-4330-46133","DIBA - Polítiques de teixiti productiu (OSE)","2014","4330","111","46133","0","-","-","-","4","TRANSFERÈNCIA CORRENTS.","46","D'ENTITATS LOCALS.","461","DE DIPUTACIONS, CONSELLS O CABILDOS.","46133","DIBA - SUBVENCIONS","100000.00","100000.00","0.00","0.00","0.00","166439.01","166439.01","0.00","166439.01","0.00","166.4","2024/09/04 02:37:57.550","818460009","Ajuntament de Rubí"
"4150446404","2014-4330-49700","FEDER Plataforma digital serveis empresarials Rubí empresa","2014","4330","111","49700","0","-","-","-","4","TRANSFERÈNCIA CORRENTS.","49","DE L'EXTERIOR.","497","ALTRES TRANSFERÈNCIES DE LA UNIÓ EUROPEA.","49700","FEDER PLATAFORMA DIGITAL SERV EMPRESARIALS ON LINE NET RUBÍ","0.00","0.00","0.00","0.00","0.00","0.00","0.00","0.00","0.00","0.00","0","2024/09/04 02:37:57.550","818460009","Ajuntament de Rubí"
"2965549972","2014-4330-79700","FEDER - Plataforma digital serveis empresa Rubí empresa inve","2014","4330","111","79700","0","-","-","-","7","TRANSFERÈNCIES DE CAPITAL.","79","DE L'EXTERIOR.","797","ALTRES TRANSFERÈNCIES DE LA UNIÓ EUROPEA.","79700","ALTRES TRANSFERÈNCIES DE LA UNIÓ EUROPEA.","0.00","529.21","529.21","529.21","0.00","0.00","0.00","0.00","0.00","0.00","0","2024/09/04 02:37:57.550","818460009","Ajuntament de Rubí"
"57160308","2014-4410-42000","Subvenció de l'administració central pel transport urbà","2014","4410","111","42000","0","-","-","-","4","TRANSFERÈNCIA CORRENTS.","42","DE L'ADMINISTRACIÓ DE L'ESTAT.","420","DE L'ADMINISTRACIÓ GENERAL DE L'ESTAT.","42000","PARTICIPACIÓ EN ELS TRIBUTS DE L'ESTAT.","80000.00","80000.00","0.00","0.00","0.00","0.00","0.00","0.00","0.00","0.00","0","2024/09/04 02:37:57.550","818460009","Ajuntament de Rubí"
"2661497478","2014-4410-46141","Consell Comarcal - Subvenció transport escolar","2014","4410","111","46141","0","-","-","-","4","TRANSFERÈNCIA CORRENTS.","46","D'ENTITATS LOCALS.","461","DE DIPUTACIONS, CONSELLS O CABILDOS.","46141","SUBVENCIONS CONSELL COMARCAL","0.00","0.00","0.00","0.00","0.00","19100.00","19100.00","0.00","0.00","0.00","0","2024/09/04 02:37:57.550","818460009","Ajuntament de Rubí"
"4265771824","2014-4410-46701","AMTU-Pla de millora del transport col·lectiu urbà","2014","4410","111","46701","0","-","-","-","4","TRANSFERÈNCIA CORRENTS.","46","D'ENTITATS LOCALS.","467","DE CONSORCIS.","46701","SUB.AUTORITAT TRANSPORT METROPOLITÀ (PROGRAMA AMTU)","240000.00","240000.00","0.00","0.00","0.00","301032.50","301032.50","0.00","301032.50","0.00","125.4","2024/09/04 02:37:57.550","818460009","Ajuntament de Rubí"
"3654097598","2014-9120-33902","Taxa per casaments","2014","9120","111","33902","0","-","-","-","3","TAXES, PREUS PÚBLICS I ALTRES INGRESSOS.","33","TAXES PER UTILIZAC PRIVAT O EL APROVECH ESP DEL DOM PÚB LOC","339","ALTRES TAXES PER UTILITZACIÓ PRIVATIVA DEL DOMINI PÚBLIC.","33902","TAXA PER CASAMENTS","1000.00","1000.00","0.00","0.00","0.00","0.00","0.00","0.00","0.00","0.00","0","2024/09/04 02:37:57.550","818460009","Ajuntament de Rubí"
"4146165750","2014-9200-76101","Subvencions Diputació","2014","9200","111","76101","0","-","-","-","7","TRANSFERÈNCIES DE CAPITAL.","76","D'ENTITATS LOCALS.","761","DE DIPUTACIONS, CONSELLS O CABILDOS.","76101","SUBVENCIÓ","0.00","3.75","3.75","3.75","0.00","0.00","0.00","0.00","0.00","0.00","0","2024/09/04 02:37:57.550","818460009","Ajuntament de Rubí"
"4071005036","2014-9201-39901","Reintegrament anuncis publicacions","2014","9201","111","39901","0","-","-","-","3","TAXES, PREUS PÚBLICS I ALTRES INGRESSOS.","39","ALTRES INGRESSOS.","399","ALTRES INGRESSOS DIVERSOS.","39901","REINTEGRAMENT ANUNCIS PUBLICACIONS","2000.00","2000.00","0.00","0.00","0.00","14541.64","14541.64","0.00","14541.64","0.00","727.1","2024/09/04 02:37:57.550","818460009","Ajuntament de Rubí"
"335335652","2014-9203-39800","Indemnitzacions assegurances","2014","9203","111","39800","0","-","-","-","3","TAXES, PREUS PÚBLICS I ALTRES INGRESSOS.","39","ALTRES INGRESSOS.","398","INDEMNITZACIONS D'ASSEGURANCES DE NO VIDA.","39800","INDEMNITZACIONS ASSEGURANCES","0.00","13803.11","13803.11","13803.11","0.00","41754.57","41754.57","0.00","41619.92","0.00","302.5","2024/09/04 02:37:57.550","818460009","Ajuntament de Rubí"
"4217184230","2014-9203-39906","Indemnitzacions per sentències judicials","2014","9203","111","39906","0","-","-","-","3","TAXES, PREUS PÚBLICS I ALTRES INGRESSOS.","39","ALTRES INGRESSOS.","399","ALTRES INGRESSOS DIVERSOS.","39906","INGRESSOS PER PUBLICITAT FEOSL","0.00","0.00","0.00","0.00","0.00","147.45","147.45","0.00","147.45","0.00","0","2024/09/04 02:37:57.550","818460009","Ajuntament de Rubí"
"484782817","2014-9203-39908","Condemna en costes a favor de l'entitat","2014","9203","111","39908","0","-","-","-","3","TAXES, PREUS PÚBLICS I ALTRES INGRESSOS.","39","ALTRES INGRESSOS.","399","ALTRES INGRESSOS DIVERSOS.","39908","CONDEMNA EN COSTES A FAVOR DE L'ENTITAT","0.00","0.00","0.00","0.00","0.00","2034.11","2034.11","0.00","2034.11","0.00","0","2024/09/04 02:37:57.550","818460009","Ajuntament de Rubí"
"1936731743","2014-9203-59902","Indemnitzacions per rescabalament danys patrimonials","2014","9203","111","59902","0","-","-","-","5","INGRESSOS PATRIMONIALS.","59","ALTRES INGRESSOS PATRIMONIALS.","599","ALTRES INGRESSOS PATRIMONIALS.","59902","ALTRES INGRESSOS PATRIMONIALS.","0.00","0.00","0.00","0.00","0.00","139.20","139.20","0.00","139.20","0.00","0","2024/09/04 02:37:57.550","818460009","Ajuntament de Rubí"
"1894971347","2014-9204-32905","Taxes d'inscripcions per a la selecció de personal","2014","9204","111","32905","0","-","-","-","3","TAXES, PREUS PÚBLICS I ALTRES INGRESSOS.","32","TAXES PER LA REALIZAC DE ACTIVID DE COMPETÈNCIA LOCAL.","329","ALTRES TAXES PER LA REALIZAC DE ACTIVID DE COMPET LOCAL","32905","DESCRIPCIÓN ECONÓMICA","0.00","0.00","0.00","0.00","0.00","2175.40","2175.40","0.00","2175.40","0.00","0","2024/09/04 02:37:57.550","818460009","Ajuntament de Rubí"
"2844107996","2014-9208-36002","Subminitr instal·lació fotovoltaica (RD 661/2007) subgr b1.1","2014","9208","111","36002","0","-","-","-","3","TAXES, PREUS PÚBLICS I ALTRES INGRESSOS.","36","VENDES.","360","VENDES","36002","SUBMINITR INSTAL·LACIÓ FOTOVOLTAICA (RD 661/2007) SUBGR B1.1","3000.00","3000.00","0.00","0.00","0.00","0.00","0.00","0.00","0.00","0.00","0","2024/09/04 02:37:57.550","818460009","Ajuntament de Rubí"
"2388491146","2014-9208-39907","Subministraments Club Natació Rubí","2014","9208","111","39907","0","-","-","-","3","TAXES, PREUS PÚBLICS I ALTRES INGRESSOS.","39","ALTRES INGRESSOS.","399","ALTRES INGRESSOS DIVERSOS.","39907","SUBMINISTRAMENTS CLUB NATACIÓ RUBÍ","299986.00","299986.00","0.00","0.00","0.00","295392.50","295392.50","0.00","295392.50","0.00","98.5","2024/09/04 02:37:57.550","818460009","Ajuntament de Rubí"
"3510271889","2014-9240-33910","Lloguer Ateneu","2014","9240","111","33910","0","-","-","-","3","TAXES, PREUS PÚBLICS I ALTRES INGRESSOS.","33","TAXES PER UTILIZAC PRIVAT O EL APROVECH ESP DEL DOM PÚB LOC","339","ALTRES TAXES PER UTILITZACIÓ PRIVATIVA DEL DOMINI PÚBLIC.","33910","LLOGUER ATENEU","600.00","600.00","0.00","0.00","0.00","278.25","278.25","0.00","278.25","0.00","46.4","2024/09/04 02:37:57.550","818460009","Ajuntament de Rubí"
"3351710763","2014-9240-34207","Preu públic formació soc. informació","2014","9240","111","34207","0","-","-","-","3","TAXES, PREUS PÚBLICS I ALTRES INGRESSOS.","34","PREUS PÚBLICS.","342","SERVEIS EDUCATIUS.","34207","PREU PÚBLIC FORMACIÓ SOC. INFORMACIÓ","9700.00","9700.00","0.00","0.00","0.00","2880.00","2862.00","18.00","2790.00","18.00","29.5","2024/09/04 02:37:57.550","818460009","Ajuntament de Rubí"
"1467486650","2014-9240-34208","Preu públic cursos ateneu","2014","9240","111","34208","0","-","-","-","3","TAXES, PREUS PÚBLICS I ALTRES INGRESSOS.","34","PREUS PÚBLICS.","342","SERVEIS EDUCATIUS.","34208","SERVEIS EDUCATIUS.","10000.00","10000.00","0.00","0.00","0.00","6384.00","6384.00","0.00","6384.00","0.00","63.8","2024/09/04 02:37:57.550","818460009","Ajuntament de Rubí"
"3670369008","2014-9240-46103","DIBA - Ajuts de participació ciutadana","2014","9240","111","46103","0","-","-","-","4","TRANSFERÈNCIA CORRENTS.","46","D'ENTITATS LOCALS.","461","DE DIPUTACIONS, CONSELLS O CABILDOS.","46103","DIBA - AJUTS PER AL FOMENT, LA DIVULGACIÓ I LA PROMOCIÓ DE L","4000.00","4000.00","0.00","0.00","0.00","4000.00","4000.00","0.00","4000.00","0.00","100","2024/09/04 02:37:57.550","818460009","Ajuntament de Rubí"
"1322333056","2014-9240-46155","DIBA - Societat de la Informació","2014","9240","111","46155","0","-","-","-","4","TRANSFERÈNCIA CORRENTS.","46","D'ENTITATS LOCALS.","461","DE DIPUTACIONS, CONSELLS O CABILDOS.","46155","SUBVENCIONS SOCIETAT DE LA INFORMACIÓ","0.00","0.00","0.00","0.00","0.00","0.00","0.00","0.00","0.00","0.00","0","2024/09/04 02:37:57.550","818460009","Ajuntament de Rubí"
"1711642337","2014-9250-46106","DIBA - Serveis municipals de consum","2014","9250","111","46106","0","-","-","-","4","TRANSFERÈNCIA CORRENTS.","46","D'ENTITATS LOCALS.","461","DE DIPUTACIONS, CONSELLS O CABILDOS.","46106","DIBA - SUBVENCIONS","13063.00","13063.00","0.00","0.00","0.00","12683.00","12683.00","0.00","12683.00","0.00","97.1","2024/09/04 02:37:57.550","818460009","Ajuntament de Rubí"
"2980346528","2014-9261-34900","Preu públic del servei de comunicació","2014","9261","111","34900","0","-","-","-","3","TAXES, PREUS PÚBLICS I ALTRES INGRESSOS.","34","PREUS PÚBLICS.","349","ALTRES PREUS PÚBLICS.","34900","ALTRES PREUS PÚBLICS.","3000.00","3000.00","0.00","0.00","0.00","1406.05","1406.05","0.00","463.05","0.00","46.9","2024/09/04 02:37:57.550","818460009","Ajuntament de Rubí"
"3316197150","2014-9320-11200","Impost sobre béns immobles. béns immobles de natural rústica","2014","9320","111","11200","0","-","-","-","1","IMPOSTOS DIRECTES.","11","IMPOSTOS SOBRE EL CAPITAL.","112","IMPTO SOBRE BÉNS IMMOBLES. BÉNS INMUEB DE NAT RÚSTICA","11200","IMPTO SOBRE BÉNS IMMOBLES. BÉNS INMUEB DE NAT RÚSTICA","5000.00","5000.00","0.00","0.00","0.00","4232.88","4171.25","61.63","3847.39","17.38","83.4","2024/09/04 02:37:57.550","818460009","Ajuntament de Rubí"
"3295366441","2014-9320-11300","Impost sobre béns immobles de naturalesa urbana","2014","9320","111","11300","0","-","-","-","1","IMPOSTOS DIRECTES.","11","IMPOSTOS SOBRE EL CAPITAL.","113","IMPTO SOBRI BÉNS IMMOBLES. BÉNS IMMOBLES DE NAT URBANA","11300","IMPOST SOBRE BÉNS IMMOBLES DE NATURALESA URBANA","27728148.87","27728148.87","0.00","0.00","0.00","28548774.81","28212284.69","336490.12","26012146.66","64440.86","101.7","2024/09/04 02:37:57.550","818460009","Ajuntament de Rubí"
"3240385452","2014-9320-11400","Impost sobre béns immobles de característiques especials","2014","9320","111","11400","0","-","-","-","1","IMPOSTOS DIRECTES.","11","IMPOSTOS SOBRE EL CAPITAL.","114","IMPTO S/ BÉ INMU. BÉ INMU DE CARACTER ESPECIALS.","11400","IMPOST SOBRE BÉNS IMMOBLES DE CARACTERÍSTIQUES ESPECIALS","189000.00","189000.00","0.00","0.00","0.00","188357.11","188357.11","0.00","188357.11","0.00","99.7","2024/09/04 02:37:57.550","818460009","Ajuntament de Rubí"
"3236311451","2014-9320-11500","Impost sobre vehicles de tracció mecànica","2014","9320","111","11500","0","-","-","-","1","IMPOSTOS DIRECTES.","11","IMPOSTOS SOBRE EL CAPITAL.","115","IMPOST SOBRE VEHICLES DE TRACCIÓ MECÀNICA.","11500","IMPUESTO SOBRE VEHICULOS TRACCION MECAN.","4500000.00","4500000.00","0.00","0.00","0.00","4343241.79","4255508.45","87733.34","3808763.54","15001.45","94.6","2024/09/04 02:37:57.550","818460009","Ajuntament de Rubí"
"3265302466","2014-9320-11600","Impost sobre l'increment del valor del terreny (Plus-vàlua)","2014","9320","111","11600","0","-","-","-","1","IMPOSTOS DIRECTES.","11","IMPOSTOS SOBRE EL CAPITAL.","116","IMPOST SOBRI INCREM DEL VALOR DELS TERREN DE NAT URBANA.","11600","IMPUESTO INCREMENTO VALOR TERRENOS","2670000.00","2670000.00","0.00","0.00","0.00","3994437.07","3931396.71","63040.36","3018645.43","24487.60","147.2","2024/09/04 02:37:57.550","818460009","Ajuntament de Rubí"
"1814313979","2014-9320-13000","Impost sobre activitats econòmiques","2014","9320","111","13000","0","-","-","-","1","IMPOSTOS DIRECTES.","13","IMPOST SOBRE LES ACTIVITATS ECONÒMIQUES.","130","IMPOST SOBRE ACTIVITATS ECONÒMIQUES.","13000","ACTIVIDADES EMPRESARIALES","4600000.00","4600000.00","0.00","0.00","0.00","4102025.72","3962851.00","139174.72","3747094.78","115414.36","86.1","2024/09/04 02:37:57.550","818460009","Ajuntament de Rubí"
"455281517","2014-9320-13001","IAE quotes provincials i nacionals","2014","9320","111","13001","0","-","-","-","1","IMPOSTOS DIRECTES.","13","IMPOST SOBRE LES ACTIVITATS ECONÒMIQUES.","130","IMPOST SOBRE ACTIVITATS ECONÒMIQUES.","13001","ACTIVIDADES PROFESIONALES Y ARTISTICAS","300000.00","300000.00","0.00","0.00","0.00","436037.43","436037.43","0.00","436037.43","0.00","145.3","2024/09/04 02:37:57.550","818460009","Ajuntament de Rubí"
"548246221","2014-93201-42020","Compensació per beneficis fiscals (IBI-escoles concertades)","2014","93201","111","42020","0","-","-","-","4","TRANSFERÈNCIA CORRENTS.","42","DE L'ADMINISTRACIÓ DE L'ESTAT.","420","DE L'ADMINISTRACIÓ GENERAL DE L'ESTAT.","42020","COMPENSACIÓ PER BENEFICIS FISCALS.","56503.00","56503.00","0.00","0.00","0.00","170178.67","170178.67","0.00","170178.67","0.00","301.2","2024/09/04 02:37:57.550","818460009","Ajuntament de Rubí"
"289769552","2014-93202-42020","Compensació por beneficis fiscals (IAE-Cooperatives)","2014","93202","111","42020","0","-","-","-","4","TRANSFERÈNCIA CORRENTS.","42","DE L'ADMINISTRACIÓ DE L'ESTAT.","420","DE L'ADMINISTRACIÓ GENERAL DE L'ESTAT.","42020","COMPENSACIÓ PER BENEFICIS FISCALS.","45000.00","45000.00","0.00","0.00","0.00","49556.21","49556.21","0.00","49556.21","0.00","110.1","2024/09/04 02:37:57.550","818460009","Ajuntament de Rubí"
"1144627535","2014-9320-29000","Impost sobre construcciones intal·lacions i obres","2014","9320","111","29000","0","-","-","-","2","IMPOSTOS INDIRECTES.","29","ALTRES IMPOSTOS INDIRECTES.","290","IMPOST SOBRE CONSTRUCCIONS, INSTAL·LACIONS I OBRES.","29000","IMPTO.S/CONSTRUCCIONES, INSTALAC. Y OBRA","275000.00","275000.00","0.00","0.00","0.00","649977.10","441109.48","208867.62","391679.43","191046.97","160.4","2024/09/04 02:37:57.550","818460009","Ajuntament de Rubí"
"358661365","2014-9320-33200","Taxa per utilit. privat. o aprofit. especial per emp.explot","2014","9320","111","33200","0","-","-","-","3","TAXES, PREUS PÚBLICS I ALTRES INGRESSOS.","33","TAXES PER UTILIZAC PRIVAT O EL APROVECH ESP DEL DOM PÚB LOC","332","TAXA UTIL PRIVAT O APROVE ESP PER EMP EXPL D'ÉSSER DE SUM","33200","TAXA PER UTILIT. PRIVAT. O APROFIT. ESPECIAL PER EMP.EXPLOT","1000000.00","1000000.00","0.00","0.00","0.00","1057230.70","1056645.20","585.50","892053.47","585.50","105.7","2024/09/04 02:37:57.550","818460009","Ajuntament de Rubí"
"346216130","2014-9320-33300","Taxa per utilit. priv. aprofit. esp.emp.expl. telecomunic","2014","9320","111","33300","0","-","-","-","3","TAXES, PREUS PÚBLICS I ALTRES INGRESSOS.","33","TAXES PER UTILIZAC PRIVAT O EL APROVECH ESP DEL DOM PÚB LOC","333","TAXA PER UTIL PRIVAT O APROVE ESP PER EMP EXPL DE SER TELEC","33300","TAXA PER UTILIT. PRIV. APROFIT. ESP.EMP.EXPL. TELECOMUNIC","0.00","0.00","0.00","0.00","0.00","125204.05","125036.98","167.07","118581.14","167.07","0","2024/09/04 02:37:57.550","818460009","Ajuntament de Rubí"
"418855203","2014-9320-33800","Taxa ocupació telefònica","2014","9320","111","33800","0","-","-","-","3","TAXES, PREUS PÚBLICS I ALTRES INGRESSOS.","33","TAXES PER UTILIZAC PRIVAT O EL APROVECH ESP DEL DOM PÚB LOC","338","COMPENSACIÓ DE TELEFÒNICA D'ESPANYA S. A.","33800","TAXA OCUPACIÓ TELEFÒNICA","250000.00","250000.00","0.00","0.00","0.00","189600.04","189600.04","0.00","189600.04","0.00","75.8","2024/09/04 02:37:57.550","818460009","Ajuntament de Rubí"
"3459568661","2014-9320-38900","Reintegrament operacions corrents","2014","9320","111","38900","0","-","-","-","3","TAXES, PREUS PÚBLICS I ALTRES INGRESSOS.","38","REINTEGRAMENTS D'OPERACIONS CORRENTS.","389","ALTRES REINTEGRAMENTS D'OPERACIONS CORRENTS.","38900","REINTEGRAMENT OPERACIONS CORRENTS","0.00","2873.20","2873.20","2873.20","0.00","12665.78","12665.78","0.00","12665.78","0.00","440.8","2024/09/04 02:37:57.550","818460009","Ajuntament de Rubí"
"1635832713","2014-9320-39110","Multes per infraccions tributàries i anàlogues.","2014","9320","111","39110","0","-","-","-","3","TAXES, PREUS PÚBLICS I ALTRES INGRESSOS.","39","ALTRES INGRESSOS.","391","MULTES.","39110","MULTES PER INFRACCIONS TRIBUTÀRIES I ANÀLOGUES.","200774.83","200774.83","0.00","0.00","0.00","142666.85","119358.89","23307.96","23499.19","0.00","59.4","2024/09/04 02:37:57.550","818460009","Ajuntament de Rubí"
"2061327505","2014-9320-39200","Recàrrec per declaració extemporánea sense requerimi. Previ","2014","9320","111","39200","0","-","-","-","3","TAXES, PREUS PÚBLICS I ALTRES INGRESSOS.","39","ALTRES INGRESSOS.","392","RECAR DEL PERÍODE EJEC I PER DECLAR EXTEMP SENSE REQUER PREV","39200","RECÀRREC PER DECLARACIÓ EXTEMPORÁNEA SENSE REQUERIMI. PREVI","0.00","0.00","0.00","0.00","0.00","18709.38","18063.55","645.83","5602.51","0.00","0","2024/09/04 02:37:57.550","818460009","Ajuntament de Rubí"
"348216646","2014-9320-39211","Recàrrec d'apressament 10% i 20%","2014","9320","111","39211","0","-","-","-","3","TAXES, PREUS PÚBLICS I ALTRES INGRESSOS.","39","ALTRES INGRESSOS.","392","RECAR DEL PERÍODE EJEC I PER DECLAR EXTEMP SENSE REQUER PREV","39211","RECÀRREC DE CONSTRENYIMENT.","500000.00","500000.00","0.00","0.00","0.00","211512.22","211512.22","0.00","211512.22","0.00","42.3","2024/09/04 02:37:57.550","818460009","Ajuntament de Rubí"
"2065643174","2014-9320-39300","Interessos de demora","2014","9320","111","39300","0","-","-","-","3","TAXES, PREUS PÚBLICS I ALTRES INGRESSOS.","39","ALTRES INGRESSOS.","393","INTERESSOS DE DEMORA.","39300","INTERESSOS DE DEMORA","115000.00","115000.00","0.00","0.00","0.00","313769.21","288140.80","25628.41","259138.34","23994.48","250.6","2024/09/04 02:37:57.550","818460009","Ajuntament de Rubí"
"2558972508","2014-9320-39902","Imprevistos","2014","9320","111","39902","0","-","-","-","3","TAXES, PREUS PÚBLICS I ALTRES INGRESSOS.","39","ALTRES INGRESSOS.","399","ALTRES INGRESSOS DIVERSOS.","39902","IMPREVISTOS","0.00","0.00","0.00","0.00","0.00","12147.93","12147.92","0.01","12147.92","0.01","0","2024/09/04 02:37:57.550","818460009","Ajuntament de Rubí"
"115492863","2014-9320-39905","Ingressos per serveis bancaris","2014","9320","111","39905","0","-","-","-","3","TAXES, PREUS PÚBLICS I ALTRES INGRESSOS.","39","ALTRES INGRESSOS.","399","ALTRES INGRESSOS DIVERSOS.","39905","INGRESSOS PER SERVEIS BANCARIS","1000.00","1000.00","0.00","0.00","0.00","2793.54","2428.87","364.67","2428.87","364.67","242.9","2024/09/04 02:37:57.550","818460009","Ajuntament de Rubí"
"1871938097","2014-9320-39910","Ingressos diversos procedents de regularització comptable","2014","9320","111","39910","0","-","-","-","3","TAXES, PREUS PÚBLICS I ALTRES INGRESSOS.","39","ALTRES INGRESSOS.","399","ALTRES INGRESSOS DIVERSOS.","39910","INGRESSOS DIVERSOS PROCEDENTS DE REGULARITZACIÓ COMPTABLE","0.00","0.00","0.00","0.00","0.00","536513.76","421661.07","114852.69","421661.07","114852.69","0","2024/09/04 02:37:57.550","818460009","Ajuntament de Rubí"
"412398247","2014-9320-39911","Altres ingressos. Regularitz. assent. d'obertura IMCO-IMPES","2014","9320","111","39911","0","-","-","-","3","TAXES, PREUS PÚBLICS I ALTRES INGRESSOS.","39","ALTRES INGRESSOS.","399","ALTRES INGRESSOS DIVERSOS.","39911","ALTRES INGRESSOS DIVERSOS.","0.00","0.00","0.00","0.00","0.00","6603.06","6139.06","464.00","6139.06","464.00","0","2024/09/04 02:37:57.550","818460009","Ajuntament de Rubí"
"477680622","2014-9320-42000","Participació en els Tributs de l'Estat.","2014","9320","111","42000","0","-","-","-","4","TRANSFERÈNCIA CORRENTS.","42","DE L'ADMINISTRACIÓ DE L'ESTAT.","420","DE L'ADMINISTRACIÓ GENERAL DE L'ESTAT.","42000","PARTICIPACIÓ EN ELS TRIBUTS DE L'ESTAT.","15494684.19","15494684.19","0.00","0.00","0.00","16092431.52","15646692.48","445739.04","15646230.81","445739.04","101","2024/09/04 02:37:57.550","818460009","Ajuntament de Rubí"
"3451545767","2014-9320-42090","Revisió del cens electoral","2014","9320","111","42090","0","-","-","-","4","TRANSFERÈNCIA CORRENTS.","42","DE L'ADMINISTRACIÓ DE L'ESTAT.","420","DE L'ADMINISTRACIÓ GENERAL DE L'ESTAT.","42090","ALTRES TRANSFERÈNCIES CORRENTS DE L'ADMINISTRACIÓ DE L'ESTAT","0.00","0.00","0.00","0.00","0.00","833.79","833.79","0.00","833.79","0.00","0","2024/09/04 02:37:57.550","818460009","Ajuntament de Rubí"
"2175789911","2014-9320-45000","Participació en tributs de la CCAA  Fons de Cooperació Local","2014","9320","111","45000","0","-","-","-","4","TRANSFERÈNCIA CORRENTS.","45","DE COMUNITATS AUTÒNOMES.","450","DE L'ADMINISTRACIÓ GENERAL DE LES COMUNITATS AUTÒNOMES.","45000","PARTICIPACIÓ EN TRIBUTS DE LA COMUNITAT AUTÒNOMA.","401879.06","401879.06","0.00","0.00","0.00","892685.63","892685.63","0.00","0.00","0.00","222.1","2024/09/04 02:37:57.550","818460009","Ajuntament de Rubí"
"4138261441","2014-9320-45001","Altres transferències Generalitat de Catalunya","2014","9320","111","45001","0","-","-","-","4","TRANSFERÈNCIA CORRENTS.","45","DE COMUNITATS AUTÒNOMES.","450","DE L'ADMINISTRACIÓ GENERAL DE LES COMUNITATS AUTÒNOMES.","45001","ALTRES TRANSFERÈNCIES INCONDICIONADAS.","1000.00","1000.00","0.00","0.00","0.00","0.00","0.00","0.00","0.00","0.00","0","2024/09/04 02:37:57.550","818460009","Ajuntament de Rubí"
"4057542547","2014-9320-46144","Consell Comarcal - Subvencions diverses","2014","9320","111","46144","0","-","-","-","4","TRANSFERÈNCIA CORRENTS.","46","D'ENTITATS LOCALS.","461","DE DIPUTACIONS, CONSELLS O CABILDOS.","46144","CONSELL COMARCAL - SUBVENCIONS DIVERSES","0.00","0.00","0.00","0.00","0.00","73942.70","73942.70","0.00","73942.70","0.00","0","2024/09/04 02:37:57.550","818460009","Ajuntament de Rubí"
"555285086","2014-9320-52000","Interessos de dipòsits","2014","9320","111","52000","0","-","-","-","5","INGRESSOS PATRIMONIALS.","52","INTERESSOS DE DIPÒSITS.","520","INTERESSOS DE DIPÒSITS","52000","INTERESES EN CUENTAS CORRIENTES","150000.00","150000.00","0.00","0.00","0.00","343305.13","343305.13","0.00","343305.13","0.00","228.9","2024/09/04 02:37:57.550","818460009","Ajuntament de Rubí"
"1444924104","2014-9320-52001","Interessos de derivats de préstecs","2014","9320","111","52001","0","-","-","-","5","INGRESSOS PATRIMONIALS.","52","INTERESSOS DE DIPÒSITS.","520","INTERESSOS DE DIPÒSITS","52001","INTERESSOS DE DERIVATS DE PRÉSTECS","0.00","0.00","0.00","0.00","0.00","5234.83","5234.83","0.00","5234.83","0.00","0","2024/09/04 02:37:57.550","818460009","Ajuntament de Rubí"
"95539125","2014-9320-54100","Arrendaments fiques urbanes","2014","9320","111","54100","0","-","-","-","5","INGRESSOS PATRIMONIALS.","54","RENDES DE BÉNS IMMOBLES.","541","ARRENDAMENTS DE FINQUES URBANES.","54100","DESCRIPCIÓN ECONÓMICA","190000.00","190000.00","0.00","0.00","0.00","213559.32","213559.32","0.00","177966.10","0.00","112.4","2024/09/04 02:37:57.550","818460009","Ajuntament de Rubí"
"3017434861","2014-93205-45080","Subv Gencat interessos i amortització préstec Biblioteca","2014","93205","111","45080","0","-","-","-","4","TRANSFERÈNCIA CORRENTS.","45","DE COMUNITATS AUTÒNOMES.","450","DE L'ADMINISTRACIÓ GENERAL DE LES COMUNITATS AUTÒNOMES.","45080","SUBV CORRENTS DE LA ADMÓN GENERAL DE LA C.A","0.00","264868.69","264868.69","264868.69","0.00","264868.69","264868.69","0.00","264868.69","0.00","100","2024/09/04 02:37:57.550","818460009","Ajuntament de Rubí"
"3771955089","2014-9320-59910","Ingressos patrimonials procedents de regularització comptabl","2014","9320","111","59910","0","-","-","-","5","INGRESSOS PATRIMONIALS.","59","ALTRES INGRESSOS PATRIMONIALS.","599","ALTRES INGRESSOS PATRIMONIALS.","59910","INGRESSOS PATRIMONIALS PROCEDENTS DE REGULARITZACIÓ COMPTABL","0.00","0.00","0.00","0.00","0.00","0.00","0.00","0.00","0.00","0.00","0","2024/09/04 02:37:57.550","818460009","Ajuntament de Rubí"
"3998666461","2014-9320-87000","Per a despeses generals.","2014","9320","111","87000","0","-","-","-","8","ACTIUS FINANCERS.","87","ROMANENT DE TRESORERIA.","870","ROMANENT DE TRESORERIA.","87000","PER A DESPESES GENERALS.","0.00","26368264.91","26368264.91","26368264.91","0.00","0.00","0.00","0.00","0.00","0.00","0","2024/09/04 02:37:57.550","818460009","Ajuntament de Rubí"
"4149084060","2014-9320-87010","Romanent de tresoreria per a desp amb finançament afectat.","2014","9320","111","87010","0","-","-","-","8","ACTIUS FINANCERS.","87","ROMANENT DE TRESORERIA.","870","ROMANENT DE TRESORERIA.","87010","PER A DESPESES AMB FINANÇAMENT AFECTAT.","0.00","9060064.59","9060064.59","9060064.59","0.00","0.00","0.00","0.00","0.00","0.00","0","2024/09/04 02:37:57.550","818460009","Ajuntament de Rubí"
"2199664254","2014-9320-91301","Préstecs rebuts a llarg termini","2014","9320","111","91301","0","-","-","-","9","PASSIUS FINANCERS.","91","PRÉSTECS REBUTS EN EUROS.","913","PRÉSTAM REBUTS A/L P D'ENS DE FORA DEL SECTOR PÚBLIC","91301","PRÉSTECS REBUTS A LLARG TERMINI","0.00","0.00","0.00","0.00","0.00","0.00","0.00","0.00","0.00","0.00","0","2024/09/04 02:37:57.550","818460009","Ajuntament de Rubí"
