ANY,"ANY_TRIMESTRE",TRIMESTRE,"ANY_MES",MES,"MES_NOM","DISTRICTE","SECCIO","DISTRICTE_SECCIO",CONSUM_KWH,"CODI_ENS","NOM_ENS"
"2020","2020-Q1","1","2020-01","1","Gener","Districte Desconegut","Secció Desconeguda","Districte/Secció Desconegut","13240424.73","818460009","Ajuntament de Rubí"
"2020","2020-Q1","1","2020-01","1","Gener","Districte 01","Secció 1","Districte 01 / Secció 1","65095.69","818460009","Ajuntament de Rubí"
"2020","2020-Q1","1","2020-01","1","Gener","Districte 01","Secció 2","Districte 01 / Secció 2","133314.48","818460009","Ajuntament de Rubí"
"2020","2020-Q1","1","2020-01","1","Gener","Districte 01","Secció 3","Districte 01 / Secció 3","154838.07","818460009","Ajuntament de Rubí"
"2020","2020-Q1","1","2020-01","1","Gener","Districte 02","Secció 1","Districte 02 / Secció 1","74400.15","818460009","Ajuntament de Rubí"
"2020","2020-Q1","1","2020-01","1","Gener","Districte 02","Secció 3","Districte 02 / Secció 3","11.99","818460009","Ajuntament de Rubí"
"2020","2020-Q1","1","2020-01","1","Gener","Districte 03","Secció 1","Districte 03 / Secció 1","100309.02","818460009","Ajuntament de Rubí"
"2020","2020-Q1","1","2020-01","1","Gener","Districte 03","Secció 3","Districte 03 / Secció 3","94054.52","818460009","Ajuntament de Rubí"
"2020","2020-Q1","1","2020-01","1","Gener","Districte 03","Secció 4","Districte 03 / Secció 4","187441.59","818460009","Ajuntament de Rubí"
"2020","2020-Q1","1","2020-01","1","Gener","Districte 03","Secció 5","Districte 03 / Secció 5","281163.47","818460009","Ajuntament de Rubí"
"2020","2020-Q1","1","2020-01","1","Gener","Districte 03","Secció 6","Districte 03 / Secció 6","268419.76","818460009","Ajuntament de Rubí"
"2020","2020-Q1","1","2020-01","1","Gener","Districte 03","Secció 7","Districte 03 / Secció 7","233237.87","818460009","Ajuntament de Rubí"
"2020","2020-Q1","1","2020-01","1","Gener","Districte 03","Secció 8","Districte 03 / Secció 8","15797.30","818460009","Ajuntament de Rubí"
"2020","2020-Q1","1","2020-01","1","Gener","Districte 04","Secció 1","Districte 04 / Secció 1","148228.44","818460009","Ajuntament de Rubí"
"2020","2020-Q1","1","2020-01","1","Gener","Districte 04","Secció 2","Districte 04 / Secció 2","170006.98","818460009","Ajuntament de Rubí"
"2020","2020-Q1","1","2020-01","1","Gener","Districte 04","Secció 3","Districte 04 / Secció 3","107562.47","818460009","Ajuntament de Rubí"
"2020","2020-Q1","1","2020-01","1","Gener","Districte 04","Secció 4","Districte 04 / Secció 4","12219.01","818460009","Ajuntament de Rubí"
"2020","2020-Q1","1","2020-01","1","Gener","Districte 04","Secció 5","Districte 04 / Secció 5","170484.84","818460009","Ajuntament de Rubí"
"2020","2020-Q1","1","2020-01","1","Gener","Districte 04","Secció 6","Districte 04 / Secció 6","144996.46","818460009","Ajuntament de Rubí"
"2020","2020-Q1","1","2020-01","1","Gener","Districte 04","Secció 7","Districte 04 / Secció 7","171186.40","818460009","Ajuntament de Rubí"
"2020","2020-Q1","1","2020-01","1","Gener","Districte 04","Secció 8","Districte 04 / Secció 8","130376.45","818460009","Ajuntament de Rubí"
"2020","2020-Q1","1","2020-01","1","Gener","Districte 04","Secció 9","Districte 04 / Secció 9","126703.90","818460009","Ajuntament de Rubí"
"2020","2020-Q1","1","2020-01","1","Gener","Districte 04","Secció 10","Districte 04 / Secció 10","259195.11","818460009","Ajuntament de Rubí"
"2020","2020-Q1","1","2020-01","1","Gener","Districte 04","Secció 11","Districte 04 / Secció 11","224079.84","818460009","Ajuntament de Rubí"
"2020","2020-Q1","1","2020-01","1","Gener","Districte 04","Secció 12","Districte 04 / Secció 12","154974.84","818460009","Ajuntament de Rubí"
"2020","2020-Q1","1","2020-01","1","Gener","Districte 04","Secció 13","Districte 04 / Secció 13","248668.66","818460009","Ajuntament de Rubí"
"2020","2020-Q1","1","2020-01","1","Gener","Districte 04","Secció 14","Districte 04 / Secció 14","169853.60","818460009","Ajuntament de Rubí"
"2020","2020-Q1","1","2020-01","1","Gener","Districte 04","Secció 15","Districte 04 / Secció 15","140596.16","818460009","Ajuntament de Rubí"
"2020","2020-Q1","1","2020-01","1","Gener","Districte 04","Secció 16","Districte 04 / Secció 16","159803.74","818460009","Ajuntament de Rubí"
"2020","2020-Q1","1","2020-01","1","Gener","Districte 04","Secció 18","Districte 04 / Secció 18","178180.04","818460009","Ajuntament de Rubí"
"2020","2020-Q1","1","2020-01","1","Gener","Districte 04","Secció 19","Districte 04 / Secció 19","130963.49","818460009","Ajuntament de Rubí"
"2020","2020-Q1","1","2020-01","1","Gener","Districte 04","Secció 20","Districte 04 / Secció 20","150246.00","818460009","Ajuntament de Rubí"
"2020","2020-Q1","1","2020-01","1","Gener","Districte 04","Secció 21","Districte 04 / Secció 21","199493.51","818460009","Ajuntament de Rubí"
"2020","2020-Q1","1","2020-01","1","Gener","Districte 04","Secció 22","Districte 04 / Secció 22","250971.07","818460009","Ajuntament de Rubí"
"2020","2020-Q1","1","2020-01","1","Gener","Districte 01","Secció 4","Districte 01 / Secció 4","8994.07","818460009","Ajuntament de Rubí"
"2020","2020-Q1","1","2020-01","1","Gener","Districte 02","Secció 4","Districte 02 / Secció 4","243408.49","818460009","Ajuntament de Rubí"
"2020","2020-Q1","1","2020-01","1","Gener","Districte 02","Secció 5","Districte 02 / Secció 5","38178.32","818460009","Ajuntament de Rubí"
"2020","2020-Q1","1","2020-01","1","Gener","Districte 02","Secció 6","Districte 02 / Secció 6","8086.06","818460009","Ajuntament de Rubí"
"2020","2020-Q1","1","2020-01","1","Gener","Districte 03","Secció 9","Districte 03 / Secció 9","180596.16","818460009","Ajuntament de Rubí"
"2020","2020-Q1","1","2020-01","1","Gener","Districte 04","Secció 23","Districte 04 / Secció 23","172883.24","818460009","Ajuntament de Rubí"
"2020","2020-Q1","1","2020-01","1","Gener","Districte 04","Secció 24","Districte 04 / Secció 24","110611.99","818460009","Ajuntament de Rubí"
"2020","2020-Q1","1","2020-01","1","Gener","Districte 04","Secció 25","Districte 04 / Secció 25","113929.16","818460009","Ajuntament de Rubí"
"2020","2020-Q1","1","2020-01","1","Gener","Districte 04","Secció 26","Districte 04 / Secció 26","171297.24","818460009","Ajuntament de Rubí"
"2020","2020-Q1","1","2020-02","2","Febrer","Districte Desconegut","Secció Desconeguda","Districte/Secció Desconegut","12527223.83","818460009","Ajuntament de Rubí"
"2020","2020-Q1","1","2020-02","2","Febrer","Districte 01","Secció 1","Districte 01 / Secció 1","57553.62","818460009","Ajuntament de Rubí"
"2020","2020-Q1","1","2020-02","2","Febrer","Districte 01","Secció 2","Districte 01 / Secció 2","115265.88","818460009","Ajuntament de Rubí"
"2020","2020-Q1","1","2020-02","2","Febrer","Districte 01","Secció 3","Districte 01 / Secció 3","128487.45","818460009","Ajuntament de Rubí"
"2020","2020-Q1","1","2020-02","2","Febrer","Districte 02","Secció 1","Districte 02 / Secció 1","65350.13","818460009","Ajuntament de Rubí"
"2020","2020-Q1","1","2020-02","2","Febrer","Districte 02","Secció 3","Districte 02 / Secció 3","144.19","818460009","Ajuntament de Rubí"
"2020","2020-Q1","1","2020-02","2","Febrer","Districte 03","Secció 1","Districte 03 / Secció 1","83651.03","818460009","Ajuntament de Rubí"
"2020","2020-Q1","1","2020-02","2","Febrer","Districte 03","Secció 3","Districte 03 / Secció 3","76744.81","818460009","Ajuntament de Rubí"
"2020","2020-Q1","1","2020-02","2","Febrer","Districte 03","Secció 4","Districte 03 / Secció 4","154315.19","818460009","Ajuntament de Rubí"
"2020","2020-Q1","1","2020-02","2","Febrer","Districte 03","Secció 5","Districte 03 / Secció 5","242157.67","818460009","Ajuntament de Rubí"
"2020","2020-Q1","1","2020-02","2","Febrer","Districte 03","Secció 6","Districte 03 / Secció 6","225018.96","818460009","Ajuntament de Rubí"
"2020","2020-Q1","1","2020-02","2","Febrer","Districte 03","Secció 7","Districte 03 / Secció 7","196622.98","818460009","Ajuntament de Rubí"
"2020","2020-Q1","1","2020-02","2","Febrer","Districte 03","Secció 8","Districte 03 / Secció 8","13088.51","818460009","Ajuntament de Rubí"
"2020","2020-Q1","1","2020-02","2","Febrer","Districte 04","Secció 1","Districte 04 / Secció 1","120470.02","818460009","Ajuntament de Rubí"
"2020","2020-Q1","1","2020-02","2","Febrer","Districte 04","Secció 2","Districte 04 / Secció 2","140728.43","818460009","Ajuntament de Rubí"
"2020","2020-Q1","1","2020-02","2","Febrer","Districte 04","Secció 3","Districte 04 / Secció 3","89797.34","818460009","Ajuntament de Rubí"
"2020","2020-Q1","1","2020-02","2","Febrer","Districte 04","Secció 4","Districte 04 / Secció 4","11033.77","818460009","Ajuntament de Rubí"
"2020","2020-Q1","1","2020-02","2","Febrer","Districte 04","Secció 5","Districte 04 / Secció 5","142395.38","818460009","Ajuntament de Rubí"
"2020","2020-Q1","1","2020-02","2","Febrer","Districte 04","Secció 6","Districte 04 / Secció 6","113263.03","818460009","Ajuntament de Rubí"
"2020","2020-Q1","1","2020-02","2","Febrer","Districte 04","Secció 7","Districte 04 / Secció 7","145365.12","818460009","Ajuntament de Rubí"
"2020","2020-Q1","1","2020-02","2","Febrer","Districte 04","Secció 8","Districte 04 / Secció 8","101984.74","818460009","Ajuntament de Rubí"
"2020","2020-Q1","1","2020-02","2","Febrer","Districte 04","Secció 9","Districte 04 / Secció 9","105364.32","818460009","Ajuntament de Rubí"
"2020","2020-Q1","1","2020-02","2","Febrer","Districte 04","Secció 10","Districte 04 / Secció 10","209896.19","818460009","Ajuntament de Rubí"
"2020","2020-Q1","1","2020-02","2","Febrer","Districte 04","Secció 11","Districte 04 / Secció 11","189372.77","818460009","Ajuntament de Rubí"
"2020","2020-Q1","1","2020-02","2","Febrer","Districte 04","Secció 12","Districte 04 / Secció 12","133514.01","818460009","Ajuntament de Rubí"
"2020","2020-Q1","1","2020-02","2","Febrer","Districte 04","Secció 13","Districte 04 / Secció 13","199249.34","818460009","Ajuntament de Rubí"
"2020","2020-Q1","1","2020-02","2","Febrer","Districte 04","Secció 14","Districte 04 / Secció 14","144720.22","818460009","Ajuntament de Rubí"
"2020","2020-Q1","1","2020-02","2","Febrer","Districte 04","Secció 15","Districte 04 / Secció 15","148333.27","818460009","Ajuntament de Rubí"
"2020","2020-Q1","1","2020-02","2","Febrer","Districte 04","Secció 16","Districte 04 / Secció 16","134893.11","818460009","Ajuntament de Rubí"
"2020","2020-Q1","1","2020-02","2","Febrer","Districte 04","Secció 18","Districte 04 / Secció 18","146371.55","818460009","Ajuntament de Rubí"
"2020","2020-Q1","1","2020-02","2","Febrer","Districte 04","Secció 19","Districte 04 / Secció 19","114146.55","818460009","Ajuntament de Rubí"
"2020","2020-Q1","1","2020-02","2","Febrer","Districte 04","Secció 20","Districte 04 / Secció 20","126054.57","818460009","Ajuntament de Rubí"
"2020","2020-Q1","1","2020-02","2","Febrer","Districte 04","Secció 21","Districte 04 / Secció 21","176585.55","818460009","Ajuntament de Rubí"
"2020","2020-Q1","1","2020-02","2","Febrer","Districte 04","Secció 22","Districte 04 / Secció 22","205313.90","818460009","Ajuntament de Rubí"
"2020","2020-Q1","1","2020-02","2","Febrer","Districte 01","Secció 4","Districte 01 / Secció 4","7579.81","818460009","Ajuntament de Rubí"
"2020","2020-Q1","1","2020-02","2","Febrer","Districte 02","Secció 4","Districte 02 / Secció 4","216805.15","818460009","Ajuntament de Rubí"
"2020","2020-Q1","1","2020-02","2","Febrer","Districte 02","Secció 5","Districte 02 / Secció 5","32903.45","818460009","Ajuntament de Rubí"
"2020","2020-Q1","1","2020-02","2","Febrer","Districte 02","Secció 6","Districte 02 / Secció 6","6698.05","818460009","Ajuntament de Rubí"
"2020","2020-Q1","1","2020-02","2","Febrer","Districte 03","Secció 9","Districte 03 / Secció 9","158831.73","818460009","Ajuntament de Rubí"
"2020","2020-Q1","1","2020-02","2","Febrer","Districte 04","Secció 23","Districte 04 / Secció 23","144241.18","818460009","Ajuntament de Rubí"
"2020","2020-Q1","1","2020-02","2","Febrer","Districte 04","Secció 24","Districte 04 / Secció 24","94468.34","818460009","Ajuntament de Rubí"
"2020","2020-Q1","1","2020-02","2","Febrer","Districte 04","Secció 25","Districte 04 / Secció 25","94852.95","818460009","Ajuntament de Rubí"
"2020","2020-Q1","1","2020-02","2","Febrer","Districte 04","Secció 26","Districte 04 / Secció 26","133314.47","818460009","Ajuntament de Rubí"
"2020","2020-Q1","1","2020-03","3","Març","Districte Desconegut","Secció Desconeguda","Districte/Secció Desconegut","11804178.59","818460009","Ajuntament de Rubí"
"2020","2020-Q1","1","2020-03","3","Març","Districte 01","Secció 1","Districte 01 / Secció 1","58257.20","818460009","Ajuntament de Rubí"
"2020","2020-Q1","1","2020-03","3","Març","Districte 01","Secció 2","Districte 01 / Secció 2","120550.80","818460009","Ajuntament de Rubí"
"2020","2020-Q1","1","2020-03","3","Març","Districte 01","Secció 3","Districte 01 / Secció 3","120463.84","818460009","Ajuntament de Rubí"
"2020","2020-Q1","1","2020-03","3","Març","Districte 02","Secció 1","Districte 02 / Secció 1","68526.62","818460009","Ajuntament de Rubí"
"2020","2020-Q1","1","2020-03","3","Març","Districte 02","Secció 3","Districte 02 / Secció 3","182.00","818460009","Ajuntament de Rubí"
"2020","2020-Q1","1","2020-03","3","Març","Districte 03","Secció 1","Districte 03 / Secció 1","82335.48","818460009","Ajuntament de Rubí"
"2020","2020-Q1","1","2020-03","3","Març","Districte 03","Secció 3","Districte 03 / Secció 3","70840.15","818460009","Ajuntament de Rubí"
"2020","2020-Q1","1","2020-03","3","Març","Districte 03","Secció 4","Districte 03 / Secció 4","150013.64","818460009","Ajuntament de Rubí"
"2020","2020-Q1","1","2020-03","3","Març","Districte 03","Secció 5","Districte 03 / Secció 5","216840.59","818460009","Ajuntament de Rubí"
"2020","2020-Q1","1","2020-03","3","Març","Districte 03","Secció 6","Districte 03 / Secció 6","220653.88","818460009","Ajuntament de Rubí"
"2020","2020-Q1","1","2020-03","3","Març","Districte 03","Secció 7","Districte 03 / Secció 7","188701.15","818460009","Ajuntament de Rubí"
"2020","2020-Q1","1","2020-03","3","Març","Districte 03","Secció 8","Districte 03 / Secció 8","13722.06","818460009","Ajuntament de Rubí"
"2020","2020-Q1","1","2020-03","3","Març","Districte 04","Secció 1","Districte 04 / Secció 1","102456.42","818460009","Ajuntament de Rubí"
"2020","2020-Q1","1","2020-03","3","Març","Districte 04","Secció 2","Districte 04 / Secció 2","126402.59","818460009","Ajuntament de Rubí"
"2020","2020-Q1","1","2020-03","3","Març","Districte 04","Secció 3","Districte 04 / Secció 3","85731.55","818460009","Ajuntament de Rubí"
"2020","2020-Q1","1","2020-03","3","Març","Districte 04","Secció 4","Districte 04 / Secció 4","11783.81","818460009","Ajuntament de Rubí"
"2020","2020-Q1","1","2020-03","3","Març","Districte 04","Secció 5","Districte 04 / Secció 5","150149.40","818460009","Ajuntament de Rubí"
"2020","2020-Q1","1","2020-03","3","Març","Districte 04","Secció 6","Districte 04 / Secció 6","120336.88","818460009","Ajuntament de Rubí"
"2020","2020-Q1","1","2020-03","3","Març","Districte 04","Secció 7","Districte 04 / Secció 7","143786.56","818460009","Ajuntament de Rubí"
"2020","2020-Q1","1","2020-03","3","Març","Districte 04","Secció 8","Districte 04 / Secció 8","104585.50","818460009","Ajuntament de Rubí"
"2020","2020-Q1","1","2020-03","3","Març","Districte 04","Secció 9","Districte 04 / Secció 9","112478.64","818460009","Ajuntament de Rubí"
"2020","2020-Q1","1","2020-03","3","Març","Districte 04","Secció 10","Districte 04 / Secció 10","223514.96","818460009","Ajuntament de Rubí"
"2020","2020-Q1","1","2020-03","3","Març","Districte 04","Secció 11","Districte 04 / Secció 11","187452.30","818460009","Ajuntament de Rubí"
"2020","2020-Q1","1","2020-03","3","Març","Districte 04","Secció 12","Districte 04 / Secció 12","134496.29","818460009","Ajuntament de Rubí"
"2020","2020-Q1","1","2020-03","3","Març","Districte 04","Secció 13","Districte 04 / Secció 13","197525.55","818460009","Ajuntament de Rubí"
"2020","2020-Q1","1","2020-03","3","Març","Districte 04","Secció 14","Districte 04 / Secció 14","150023.02","818460009","Ajuntament de Rubí"
"2020","2020-Q1","1","2020-03","3","Març","Districte 04","Secció 15","Districte 04 / Secció 15","126324.30","818460009","Ajuntament de Rubí"
"2020","2020-Q1","1","2020-03","3","Març","Districte 04","Secció 16","Districte 04 / Secció 16","146246.78","818460009","Ajuntament de Rubí"
"2020","2020-Q1","1","2020-03","3","Març","Districte 04","Secció 18","Districte 04 / Secció 18","142281.31","818460009","Ajuntament de Rubí"
"2020","2020-Q1","1","2020-03","3","Març","Districte 04","Secció 19","Districte 04 / Secció 19","109934.39","818460009","Ajuntament de Rubí"
"2020","2020-Q1","1","2020-03","3","Març","Districte 04","Secció 20","Districte 04 / Secció 20","128280.86","818460009","Ajuntament de Rubí"
"2020","2020-Q1","1","2020-03","3","Març","Districte 04","Secció 21","Districte 04 / Secció 21","173742.04","818460009","Ajuntament de Rubí"
"2020","2020-Q1","1","2020-03","3","Març","Districte 04","Secció 22","Districte 04 / Secció 22","201219.87","818460009","Ajuntament de Rubí"
"2020","2020-Q1","1","2020-03","3","Març","Districte 01","Secció 4","Districte 01 / Secció 4","7708.35","818460009","Ajuntament de Rubí"
"2020","2020-Q1","1","2020-03","3","Març","Districte 02","Secció 4","Districte 02 / Secció 4","212349.20","818460009","Ajuntament de Rubí"
"2020","2020-Q1","1","2020-03","3","Març","Districte 02","Secció 5","Districte 02 / Secció 5","33847.68","818460009","Ajuntament de Rubí"
"2020","2020-Q1","1","2020-03","3","Març","Districte 02","Secció 6","Districte 02 / Secció 6","7448.75","818460009","Ajuntament de Rubí"
"2020","2020-Q1","1","2020-03","3","Març","Districte 03","Secció 9","Districte 03 / Secció 9","169339.05","818460009","Ajuntament de Rubí"
"2020","2020-Q1","1","2020-03","3","Març","Districte 04","Secció 23","Districte 04 / Secció 23","148159.22","818460009","Ajuntament de Rubí"
"2020","2020-Q1","1","2020-03","3","Març","Districte 04","Secció 24","Districte 04 / Secció 24","92631.47","818460009","Ajuntament de Rubí"
"2020","2020-Q1","1","2020-03","3","Març","Districte 04","Secció 25","Districte 04 / Secció 25","93453.44","818460009","Ajuntament de Rubí"
"2020","2020-Q1","1","2020-03","3","Març","Districte 04","Secció 26","Districte 04 / Secció 26","144309.34","818460009","Ajuntament de Rubí"
"2020","2020-Q2","2","2020-04","4","Abril","Districte Desconegut","Secció Desconeguda","Districte/Secció Desconegut","10356816.80","818460009","Ajuntament de Rubí"
"2020","2020-Q2","2","2020-04","4","Abril","Districte 01","Secció 1","Districte 01 / Secció 1","57686.80","818460009","Ajuntament de Rubí"
"2020","2020-Q2","2","2020-04","4","Abril","Districte 01","Secció 2","Districte 01 / Secció 2","117690.77","818460009","Ajuntament de Rubí"
"2020","2020-Q2","2","2020-04","4","Abril","Districte 01","Secció 3","Districte 01 / Secció 3","101775.49","818460009","Ajuntament de Rubí"
"2020","2020-Q2","2","2020-04","4","Abril","Districte 02","Secció 1","Districte 02 / Secció 1","60031.65","818460009","Ajuntament de Rubí"
"2020","2020-Q2","2","2020-04","4","Abril","Districte 02","Secció 3","Districte 02 / Secció 3","-35.68","818460009","Ajuntament de Rubí"
"2020","2020-Q2","2","2020-04","4","Abril","Districte 03","Secció 1","Districte 03 / Secció 1","72545.32","818460009","Ajuntament de Rubí"
"2020","2020-Q2","2","2020-04","4","Abril","Districte 03","Secció 3","Districte 03 / Secció 3","61456.20","818460009","Ajuntament de Rubí"
"2020","2020-Q2","2","2020-04","4","Abril","Districte 03","Secció 4","Districte 03 / Secció 4","154182.99","818460009","Ajuntament de Rubí"
"2020","2020-Q2","2","2020-04","4","Abril","Districte 03","Secció 5","Districte 03 / Secció 5","238631.81","818460009","Ajuntament de Rubí"
"2020","2020-Q2","2","2020-04","4","Abril","Districte 03","Secció 6","Districte 03 / Secció 6","210044.06","818460009","Ajuntament de Rubí"
"2020","2020-Q2","2","2020-04","4","Abril","Districte 03","Secció 7","Districte 03 / Secció 7","167853.78","818460009","Ajuntament de Rubí"
"2020","2020-Q2","2","2020-04","4","Abril","Districte 03","Secció 8","Districte 03 / Secció 8","12648.02","818460009","Ajuntament de Rubí"
"2020","2020-Q2","2","2020-04","4","Abril","Districte 04","Secció 1","Districte 04 / Secció 1","103773.08","818460009","Ajuntament de Rubí"
"2020","2020-Q2","2","2020-04","4","Abril","Districte 04","Secció 2","Districte 04 / Secció 2","101828.70","818460009","Ajuntament de Rubí"
"2020","2020-Q2","2","2020-04","4","Abril","Districte 04","Secció 3","Districte 04 / Secció 3","80021.41","818460009","Ajuntament de Rubí"
"2020","2020-Q2","2","2020-04","4","Abril","Districte 04","Secció 4","Districte 04 / Secció 4","11136.38","818460009","Ajuntament de Rubí"
"2020","2020-Q2","2","2020-04","4","Abril","Districte 04","Secció 5","Districte 04 / Secció 5","116789.83","818460009","Ajuntament de Rubí"
"2020","2020-Q2","2","2020-04","4","Abril","Districte 04","Secció 6","Districte 04 / Secció 6","104499.47","818460009","Ajuntament de Rubí"
"2020","2020-Q2","2","2020-04","4","Abril","Districte 04","Secció 7","Districte 04 / Secció 7","126986.80","818460009","Ajuntament de Rubí"
"2020","2020-Q2","2","2020-04","4","Abril","Districte 04","Secció 8","Districte 04 / Secció 8","91238.66","818460009","Ajuntament de Rubí"
"2020","2020-Q2","2","2020-04","4","Abril","Districte 04","Secció 9","Districte 04 / Secció 9","99571.66","818460009","Ajuntament de Rubí"
"2020","2020-Q2","2","2020-04","4","Abril","Districte 04","Secció 10","Districte 04 / Secció 10","206548.12","818460009","Ajuntament de Rubí"
"2020","2020-Q2","2","2020-04","4","Abril","Districte 04","Secció 11","Districte 04 / Secció 11","172153.90","818460009","Ajuntament de Rubí"
"2020","2020-Q2","2","2020-04","4","Abril","Districte 04","Secció 12","Districte 04 / Secció 12","121778.44","818460009","Ajuntament de Rubí"
"2020","2020-Q2","2","2020-04","4","Abril","Districte 04","Secció 13","Districte 04 / Secció 13","167317.46","818460009","Ajuntament de Rubí"
"2020","2020-Q2","2","2020-04","4","Abril","Districte 04","Secció 14","Districte 04 / Secció 14","135774.35","818460009","Ajuntament de Rubí"
"2020","2020-Q2","2","2020-04","4","Abril","Districte 04","Secció 15","Districte 04 / Secció 15","140398.85","818460009","Ajuntament de Rubí"
"2020","2020-Q2","2","2020-04","4","Abril","Districte 04","Secció 16","Districte 04 / Secció 16","138782.33","818460009","Ajuntament de Rubí"
"2020","2020-Q2","2","2020-04","4","Abril","Districte 04","Secció 18","Districte 04 / Secció 18","120352.74","818460009","Ajuntament de Rubí"
"2020","2020-Q2","2","2020-04","4","Abril","Districte 04","Secció 19","Districte 04 / Secció 19","112247.16","818460009","Ajuntament de Rubí"
"2020","2020-Q2","2","2020-04","4","Abril","Districte 04","Secció 20","Districte 04 / Secció 20","116650.14","818460009","Ajuntament de Rubí"
"2020","2020-Q2","2","2020-04","4","Abril","Districte 04","Secció 21","Districte 04 / Secció 21","152956.48","818460009","Ajuntament de Rubí"
"2020","2020-Q2","2","2020-04","4","Abril","Districte 04","Secció 22","Districte 04 / Secció 22","179171.95","818460009","Ajuntament de Rubí"
"2020","2020-Q2","2","2020-04","4","Abril","Districte 01","Secció 4","Districte 01 / Secció 4","5973.47","818460009","Ajuntament de Rubí"
"2020","2020-Q2","2","2020-04","4","Abril","Districte 02","Secció 4","Districte 02 / Secció 4","185639.71","818460009","Ajuntament de Rubí"
"2020","2020-Q2","2","2020-04","4","Abril","Districte 02","Secció 5","Districte 02 / Secció 5","30497.25","818460009","Ajuntament de Rubí"
"2020","2020-Q2","2","2020-04","4","Abril","Districte 02","Secció 6","Districte 02 / Secció 6","6439.85","818460009","Ajuntament de Rubí"
"2020","2020-Q2","2","2020-04","4","Abril","Districte 03","Secció 9","Districte 03 / Secció 9","160146.96","818460009","Ajuntament de Rubí"
"2020","2020-Q2","2","2020-04","4","Abril","Districte 04","Secció 23","Districte 04 / Secció 23","127758.79","818460009","Ajuntament de Rubí"
"2020","2020-Q2","2","2020-04","4","Abril","Districte 04","Secció 24","Districte 04 / Secció 24","86134.62","818460009","Ajuntament de Rubí"
"2020","2020-Q2","2","2020-04","4","Abril","Districte 04","Secció 25","Districte 04 / Secció 25","89568.83","818460009","Ajuntament de Rubí"
"2020","2020-Q2","2","2020-04","4","Abril","Districte 04","Secció 26","Districte 04 / Secció 26","122387.21","818460009","Ajuntament de Rubí"
"2020","2020-Q2","2","2020-05","5","Maig","Districte Desconegut","Secció Desconeguda","Districte/Secció Desconegut","11712231.10","818460009","Ajuntament de Rubí"
"2020","2020-Q2","2","2020-05","5","Maig","Districte 01","Secció 1","Districte 01 / Secció 1","53333.35","818460009","Ajuntament de Rubí"
"2020","2020-Q2","2","2020-05","5","Maig","Districte 01","Secció 2","Districte 01 / Secció 2","117474.89","818460009","Ajuntament de Rubí"
"2020","2020-Q2","2","2020-05","5","Maig","Districte 01","Secció 3","Districte 01 / Secció 3","96332.08","818460009","Ajuntament de Rubí"
"2020","2020-Q2","2","2020-05","5","Maig","Districte 02","Secció 1","Districte 02 / Secció 1","58220.40","818460009","Ajuntament de Rubí"
"2020","2020-Q2","2","2020-05","5","Maig","Districte 02","Secció 3","Districte 02 / Secció 3","86.68","818460009","Ajuntament de Rubí"
"2020","2020-Q2","2","2020-05","5","Maig","Districte 03","Secció 1","Districte 03 / Secció 1","69364.01","818460009","Ajuntament de Rubí"
"2020","2020-Q2","2","2020-05","5","Maig","Districte 03","Secció 3","Districte 03 / Secció 3","61810.28","818460009","Ajuntament de Rubí"
"2020","2020-Q2","2","2020-05","5","Maig","Districte 03","Secció 4","Districte 03 / Secció 4","148778.63","818460009","Ajuntament de Rubí"
"2020","2020-Q2","2","2020-05","5","Maig","Districte 03","Secció 5","Districte 03 / Secció 5","222410.76","818460009","Ajuntament de Rubí"
"2020","2020-Q2","2","2020-05","5","Maig","Districte 03","Secció 6","Districte 03 / Secció 6","199466.30","818460009","Ajuntament de Rubí"
"2020","2020-Q2","2","2020-05","5","Maig","Districte 03","Secció 7","Districte 03 / Secció 7","163146.32","818460009","Ajuntament de Rubí"
"2020","2020-Q2","2","2020-05","5","Maig","Districte 03","Secció 8","Districte 03 / Secció 8","11171.86","818460009","Ajuntament de Rubí"
"2020","2020-Q2","2","2020-05","5","Maig","Districte 04","Secció 1","Districte 04 / Secció 1","95891.71","818460009","Ajuntament de Rubí"
"2020","2020-Q2","2","2020-05","5","Maig","Districte 04","Secció 2","Districte 04 / Secció 2","116732.69","818460009","Ajuntament de Rubí"
"2020","2020-Q2","2","2020-05","5","Maig","Districte 04","Secció 3","Districte 04 / Secció 3","76016.39","818460009","Ajuntament de Rubí"
"2020","2020-Q2","2","2020-05","5","Maig","Districte 04","Secció 4","Districte 04 / Secció 4","10055.48","818460009","Ajuntament de Rubí"
"2020","2020-Q2","2","2020-05","5","Maig","Districte 04","Secció 5","Districte 04 / Secció 5","130571.60","818460009","Ajuntament de Rubí"
"2020","2020-Q2","2","2020-05","5","Maig","Districte 04","Secció 6","Districte 04 / Secció 6","99702.50","818460009","Ajuntament de Rubí"
"2020","2020-Q2","2","2020-05","5","Maig","Districte 04","Secció 7","Districte 04 / Secció 7","130928.14","818460009","Ajuntament de Rubí"
"2020","2020-Q2","2","2020-05","5","Maig","Districte 04","Secció 8","Districte 04 / Secció 8","84612.25","818460009","Ajuntament de Rubí"
"2020","2020-Q2","2","2020-05","5","Maig","Districte 04","Secció 9","Districte 04 / Secció 9","88332.53","818460009","Ajuntament de Rubí"
"2020","2020-Q2","2","2020-05","5","Maig","Districte 04","Secció 10","Districte 04 / Secció 10","191174.00","818460009","Ajuntament de Rubí"
"2020","2020-Q2","2","2020-05","5","Maig","Districte 04","Secció 11","Districte 04 / Secció 11","164523.58","818460009","Ajuntament de Rubí"
"2020","2020-Q2","2","2020-05","5","Maig","Districte 04","Secció 12","Districte 04 / Secció 12","117944.35","818460009","Ajuntament de Rubí"
"2020","2020-Q2","2","2020-05","5","Maig","Districte 04","Secció 13","Districte 04 / Secció 13","154536.60","818460009","Ajuntament de Rubí"
"2020","2020-Q2","2","2020-05","5","Maig","Districte 04","Secció 14","Districte 04 / Secció 14","127980.11","818460009","Ajuntament de Rubí"
"2020","2020-Q2","2","2020-05","5","Maig","Districte 04","Secció 15","Districte 04 / Secció 15","125968.59","818460009","Ajuntament de Rubí"
"2020","2020-Q2","2","2020-05","5","Maig","Districte 04","Secció 16","Districte 04 / Secció 16","135358.89","818460009","Ajuntament de Rubí"
"2020","2020-Q2","2","2020-05","5","Maig","Districte 04","Secció 18","Districte 04 / Secció 18","128214.37","818460009","Ajuntament de Rubí"
"2020","2020-Q2","2","2020-05","5","Maig","Districte 04","Secció 19","Districte 04 / Secció 19","110656.37","818460009","Ajuntament de Rubí"
"2020","2020-Q2","2","2020-05","5","Maig","Districte 04","Secció 20","Districte 04 / Secció 20","108980.19","818460009","Ajuntament de Rubí"
"2020","2020-Q2","2","2020-05","5","Maig","Districte 04","Secció 21","Districte 04 / Secció 21","158711.76","818460009","Ajuntament de Rubí"
"2020","2020-Q2","2","2020-05","5","Maig","Districte 04","Secció 22","Districte 04 / Secció 22","171346.58","818460009","Ajuntament de Rubí"
"2020","2020-Q2","2","2020-05","5","Maig","Districte 01","Secció 4","Districte 01 / Secció 4","5225.43","818460009","Ajuntament de Rubí"
"2020","2020-Q2","2","2020-05","5","Maig","Districte 02","Secció 4","Districte 02 / Secció 4","182519.88","818460009","Ajuntament de Rubí"
"2020","2020-Q2","2","2020-05","5","Maig","Districte 02","Secció 5","Districte 02 / Secció 5","28295.50","818460009","Ajuntament de Rubí"
"2020","2020-Q2","2","2020-05","5","Maig","Districte 02","Secció 6","Districte 02 / Secció 6","5825.99","818460009","Ajuntament de Rubí"
"2020","2020-Q2","2","2020-05","5","Maig","Districte 03","Secció 9","Districte 03 / Secció 9","159551.15","818460009","Ajuntament de Rubí"
"2020","2020-Q2","2","2020-05","5","Maig","Districte 04","Secció 23","Districte 04 / Secció 23","120171.32","818460009","Ajuntament de Rubí"
"2020","2020-Q2","2","2020-05","5","Maig","Districte 04","Secció 24","Districte 04 / Secció 24","85801.92","818460009","Ajuntament de Rubí"
"2020","2020-Q2","2","2020-05","5","Maig","Districte 04","Secció 25","Districte 04 / Secció 25","85081.83","818460009","Ajuntament de Rubí"
"2020","2020-Q2","2","2020-05","5","Maig","Districte 04","Secció 26","Districte 04 / Secció 26","113009.21","818460009","Ajuntament de Rubí"
"2020","2020-Q2","2","2020-06","6","Juny","Districte Desconegut","Secció Desconeguda","Districte/Secció Desconegut","10584947.17","818460009","Ajuntament de Rubí"
"2020","2020-Q2","2","2020-06","6","Juny","Districte 01","Secció 1","Districte 01 / Secció 1","51047.58","818460009","Ajuntament de Rubí"
"2020","2020-Q2","2","2020-06","6","Juny","Districte 01","Secció 2","Districte 01 / Secció 2","114086.31","818460009","Ajuntament de Rubí"
"2020","2020-Q2","2","2020-06","6","Juny","Districte 01","Secció 3","Districte 01 / Secció 3","101643.05","818460009","Ajuntament de Rubí"
"2020","2020-Q2","2","2020-06","6","Juny","Districte 02","Secció 1","Districte 02 / Secció 1","59454.45","818460009","Ajuntament de Rubí"
"2020","2020-Q2","2","2020-06","6","Juny","Districte 02","Secció 3","Districte 02 / Secció 3","210.32","818460009","Ajuntament de Rubí"
"2020","2020-Q2","2","2020-06","6","Juny","Districte 03","Secció 1","Districte 03 / Secció 1","69758.13","818460009","Ajuntament de Rubí"
"2020","2020-Q2","2","2020-06","6","Juny","Districte 03","Secció 3","Districte 03 / Secció 3","68261.45","818460009","Ajuntament de Rubí"
"2020","2020-Q2","2","2020-06","6","Juny","Districte 03","Secció 4","Districte 03 / Secció 4","148851.80","818460009","Ajuntament de Rubí"
"2020","2020-Q2","2","2020-06","6","Juny","Districte 03","Secció 5","Districte 03 / Secció 5","225446.18","818460009","Ajuntament de Rubí"
"2020","2020-Q2","2","2020-06","6","Juny","Districte 03","Secció 6","Districte 03 / Secció 6","191994.82","818460009","Ajuntament de Rubí"
"2020","2020-Q2","2","2020-06","6","Juny","Districte 03","Secció 7","Districte 03 / Secció 7","178917.66","818460009","Ajuntament de Rubí"
"2020","2020-Q2","2","2020-06","6","Juny","Districte 03","Secció 8","Districte 03 / Secció 8","10637.94","818460009","Ajuntament de Rubí"
"2020","2020-Q2","2","2020-06","6","Juny","Districte 04","Secció 1","Districte 04 / Secció 1","96552.67","818460009","Ajuntament de Rubí"
"2020","2020-Q2","2","2020-06","6","Juny","Districte 04","Secció 2","Districte 04 / Secció 2","123687.65","818460009","Ajuntament de Rubí"
"2020","2020-Q2","2","2020-06","6","Juny","Districte 04","Secció 3","Districte 04 / Secció 3","73617.56","818460009","Ajuntament de Rubí"
"2020","2020-Q2","2","2020-06","6","Juny","Districte 04","Secció 4","Districte 04 / Secció 4","9861.71","818460009","Ajuntament de Rubí"
"2020","2020-Q2","2","2020-06","6","Juny","Districte 04","Secció 5","Districte 04 / Secció 5","141560.48","818460009","Ajuntament de Rubí"
"2020","2020-Q2","2","2020-06","6","Juny","Districte 04","Secció 6","Districte 04 / Secció 6","95520.13","818460009","Ajuntament de Rubí"
"2020","2020-Q2","2","2020-06","6","Juny","Districte 04","Secció 7","Districte 04 / Secció 7","132167.90","818460009","Ajuntament de Rubí"
"2020","2020-Q2","2","2020-06","6","Juny","Districte 04","Secció 8","Districte 04 / Secció 8","82353.42","818460009","Ajuntament de Rubí"
"2020","2020-Q2","2","2020-06","6","Juny","Districte 04","Secció 9","Districte 04 / Secció 9","84906.32","818460009","Ajuntament de Rubí"
"2020","2020-Q2","2","2020-06","6","Juny","Districte 04","Secció 10","Districte 04 / Secció 10","181971.63","818460009","Ajuntament de Rubí"
"2020","2020-Q2","2","2020-06","6","Juny","Districte 04","Secció 11","Districte 04 / Secció 11","161606.72","818460009","Ajuntament de Rubí"
"2020","2020-Q2","2","2020-06","6","Juny","Districte 04","Secció 12","Districte 04 / Secció 12","119823.04","818460009","Ajuntament de Rubí"
"2020","2020-Q2","2","2020-06","6","Juny","Districte 04","Secció 13","Districte 04 / Secció 13","151340.22","818460009","Ajuntament de Rubí"
"2020","2020-Q2","2","2020-06","6","Juny","Districte 04","Secció 14","Districte 04 / Secció 14","131043.64","818460009","Ajuntament de Rubí"
"2020","2020-Q2","2","2020-06","6","Juny","Districte 04","Secció 15","Districte 04 / Secció 15","122078.87","818460009","Ajuntament de Rubí"
"2020","2020-Q2","2","2020-06","6","Juny","Districte 04","Secció 16","Districte 04 / Secció 16","130999.92","818460009","Ajuntament de Rubí"
"2020","2020-Q2","2","2020-06","6","Juny","Districte 04","Secció 18","Districte 04 / Secció 18","133002.11","818460009","Ajuntament de Rubí"
"2020","2020-Q2","2","2020-06","6","Juny","Districte 04","Secció 19","Districte 04 / Secció 19","108710.03","818460009","Ajuntament de Rubí"
"2020","2020-Q2","2","2020-06","6","Juny","Districte 04","Secció 20","Districte 04 / Secció 20","105586.73","818460009","Ajuntament de Rubí"
"2020","2020-Q2","2","2020-06","6","Juny","Districte 04","Secció 21","Districte 04 / Secció 21","174264.93","818460009","Ajuntament de Rubí"
"2020","2020-Q2","2","2020-06","6","Juny","Districte 04","Secció 22","Districte 04 / Secció 22","180684.16","818460009","Ajuntament de Rubí"
"2020","2020-Q2","2","2020-06","6","Juny","Districte 01","Secció 4","Districte 01 / Secció 4","4573.16","818460009","Ajuntament de Rubí"
"2020","2020-Q2","2","2020-06","6","Juny","Districte 02","Secció 4","Districte 02 / Secció 4","182194.58","818460009","Ajuntament de Rubí"
"2020","2020-Q2","2","2020-06","6","Juny","Districte 02","Secció 5","Districte 02 / Secció 5","28842.88","818460009","Ajuntament de Rubí"
"2020","2020-Q2","2","2020-06","6","Juny","Districte 02","Secció 6","Districte 02 / Secció 6","3720.88","818460009","Ajuntament de Rubí"
"2020","2020-Q2","2","2020-06","6","Juny","Districte 03","Secció 9","Districte 03 / Secció 9","159323.67","818460009","Ajuntament de Rubí"
"2020","2020-Q2","2","2020-06","6","Juny","Districte 04","Secció 23","Districte 04 / Secció 23","125271.53","818460009","Ajuntament de Rubí"
"2020","2020-Q2","2","2020-06","6","Juny","Districte 04","Secció 24","Districte 04 / Secció 24","92172.36","818460009","Ajuntament de Rubí"
"2020","2020-Q2","2","2020-06","6","Juny","Districte 04","Secció 25","Districte 04 / Secció 25","147665.21","818460009","Ajuntament de Rubí"
"2020","2020-Q2","2","2020-06","6","Juny","Districte 04","Secció 26","Districte 04 / Secció 26","104486.53","818460009","Ajuntament de Rubí"
"2020","2020-Q3","3","2020-07","7","Juliol","Districte Desconegut","Secció Desconeguda","Districte/Secció Desconegut","12301627.10","818460009","Ajuntament de Rubí"
"2020","2020-Q3","3","2020-07","7","Juliol","Districte 01","Secció 1","Districte 01 / Secció 1","57446.03","818460009","Ajuntament de Rubí"
"2020","2020-Q3","3","2020-07","7","Juliol","Districte 01","Secció 2","Districte 01 / Secció 2","128923.54","818460009","Ajuntament de Rubí"
"2020","2020-Q3","3","2020-07","7","Juliol","Districte 01","Secció 3","Districte 01 / Secció 3","122223.20","818460009","Ajuntament de Rubí"
"2020","2020-Q3","3","2020-07","7","Juliol","Districte 02","Secció 1","Districte 02 / Secció 1","66857.13","818460009","Ajuntament de Rubí"
"2020","2020-Q3","3","2020-07","7","Juliol","Districte 02","Secció 3","Districte 02 / Secció 3","335.27","818460009","Ajuntament de Rubí"
"2020","2020-Q3","3","2020-07","7","Juliol","Districte 03","Secció 1","Districte 03 / Secció 1","85984.91","818460009","Ajuntament de Rubí"
"2020","2020-Q3","3","2020-07","7","Juliol","Districte 03","Secció 3","Districte 03 / Secció 3","91031.65","818460009","Ajuntament de Rubí"
"2020","2020-Q3","3","2020-07","7","Juliol","Districte 03","Secció 4","Districte 03 / Secció 4","173066.96","818460009","Ajuntament de Rubí"
"2020","2020-Q3","3","2020-07","7","Juliol","Districte 03","Secció 5","Districte 03 / Secció 5","259258.02","818460009","Ajuntament de Rubí"
"2020","2020-Q3","3","2020-07","7","Juliol","Districte 03","Secció 6","Districte 03 / Secció 6","213217.96","818460009","Ajuntament de Rubí"
"2020","2020-Q3","3","2020-07","7","Juliol","Districte 03","Secció 7","Districte 03 / Secció 7","209764.51","818460009","Ajuntament de Rubí"
"2020","2020-Q3","3","2020-07","7","Juliol","Districte 03","Secció 8","Districte 03 / Secció 8","12273.08","818460009","Ajuntament de Rubí"
"2020","2020-Q3","3","2020-07","7","Juliol","Districte 04","Secció 1","Districte 04 / Secció 1","115204.96","818460009","Ajuntament de Rubí"
"2020","2020-Q3","3","2020-07","7","Juliol","Districte 04","Secció 2","Districte 04 / Secció 2","148559.09","818460009","Ajuntament de Rubí"
"2020","2020-Q3","3","2020-07","7","Juliol","Districte 04","Secció 3","Districte 04 / Secció 3","84503.31","818460009","Ajuntament de Rubí"
"2020","2020-Q3","3","2020-07","7","Juliol","Districte 04","Secció 4","Districte 04 / Secció 4","11123.35","818460009","Ajuntament de Rubí"
"2020","2020-Q3","3","2020-07","7","Juliol","Districte 04","Secció 5","Districte 04 / Secció 5","186533.81","818460009","Ajuntament de Rubí"
"2020","2020-Q3","3","2020-07","7","Juliol","Districte 04","Secció 6","Districte 04 / Secció 6","111729.14","818460009","Ajuntament de Rubí"
"2020","2020-Q3","3","2020-07","7","Juliol","Districte 04","Secció 7","Districte 04 / Secció 7","158524.31","818460009","Ajuntament de Rubí"
"2020","2020-Q3","3","2020-07","7","Juliol","Districte 04","Secció 8","Districte 04 / Secció 8","95177.22","818460009","Ajuntament de Rubí"
"2020","2020-Q3","3","2020-07","7","Juliol","Districte 04","Secció 9","Districte 04 / Secció 9","96451.79","818460009","Ajuntament de Rubí"
"2020","2020-Q3","3","2020-07","7","Juliol","Districte 04","Secció 10","Districte 04 / Secció 10","206862.09","818460009","Ajuntament de Rubí"
"2020","2020-Q3","3","2020-07","7","Juliol","Districte 04","Secció 11","Districte 04 / Secció 11","185905.06","818460009","Ajuntament de Rubí"
"2020","2020-Q3","3","2020-07","7","Juliol","Districte 04","Secció 12","Districte 04 / Secció 12","133588.47","818460009","Ajuntament de Rubí"
"2020","2020-Q3","3","2020-07","7","Juliol","Districte 04","Secció 13","Districte 04 / Secció 13","170308.99","818460009","Ajuntament de Rubí"
"2020","2020-Q3","3","2020-07","7","Juliol","Districte 04","Secció 14","Districte 04 / Secció 14","153150.34","818460009","Ajuntament de Rubí"
"2020","2020-Q3","3","2020-07","7","Juliol","Districte 04","Secció 15","Districte 04 / Secció 15","135048.85","818460009","Ajuntament de Rubí"
"2020","2020-Q3","3","2020-07","7","Juliol","Districte 04","Secció 16","Districte 04 / Secció 16","136088.99","818460009","Ajuntament de Rubí"
"2020","2020-Q3","3","2020-07","7","Juliol","Districte 04","Secció 18","Districte 04 / Secció 18","161310.37","818460009","Ajuntament de Rubí"
"2020","2020-Q3","3","2020-07","7","Juliol","Districte 04","Secció 19","Districte 04 / Secció 19","117927.61","818460009","Ajuntament de Rubí"
"2020","2020-Q3","3","2020-07","7","Juliol","Districte 04","Secció 20","Districte 04 / Secció 20","119214.37","818460009","Ajuntament de Rubí"
"2020","2020-Q3","3","2020-07","7","Juliol","Districte 04","Secció 21","Districte 04 / Secció 21","205508.06","818460009","Ajuntament de Rubí"
"2020","2020-Q3","3","2020-07","7","Juliol","Districte 04","Secció 22","Districte 04 / Secció 22","223333.48","818460009","Ajuntament de Rubí"
"2020","2020-Q3","3","2020-07","7","Juliol","Districte 01","Secció 4","Districte 01 / Secció 4","5654.46","818460009","Ajuntament de Rubí"
"2020","2020-Q3","3","2020-07","7","Juliol","Districte 02","Secció 4","Districte 02 / Secció 4","221986.20","818460009","Ajuntament de Rubí"
"2020","2020-Q3","3","2020-07","7","Juliol","Districte 02","Secció 5","Districte 02 / Secció 5","32461.33","818460009","Ajuntament de Rubí"
"2020","2020-Q3","3","2020-07","7","Juliol","Districte 02","Secció 6","Districte 02 / Secció 6","6805.32","818460009","Ajuntament de Rubí"
"2020","2020-Q3","3","2020-07","7","Juliol","Districte 03","Secció 9","Districte 03 / Secció 9","187436.53","818460009","Ajuntament de Rubí"
"2020","2020-Q3","3","2020-07","7","Juliol","Districte 04","Secció 23","Districte 04 / Secció 23","144725.72","818460009","Ajuntament de Rubí"
"2020","2020-Q3","3","2020-07","7","Juliol","Districte 04","Secció 24","Districte 04 / Secció 24","107718.34","818460009","Ajuntament de Rubí"
"2020","2020-Q3","3","2020-07","7","Juliol","Districte 04","Secció 25","Districte 04 / Secció 25","168143.55","818460009","Ajuntament de Rubí"
"2020","2020-Q3","3","2020-07","7","Juliol","Districte 04","Secció 26","Districte 04 / Secció 26","117370.40","818460009","Ajuntament de Rubí"
"2020","2020-Q3","3","2020-08","8","Agost","Districte Desconegut","Secció Desconeguda","Districte/Secció Desconegut","11172066.28","818460009","Ajuntament de Rubí"
"2020","2020-Q3","3","2020-08","8","Agost","Districte 01","Secció 1","Districte 01 / Secció 1","58041.65","818460009","Ajuntament de Rubí"
"2020","2020-Q3","3","2020-08","8","Agost","Districte 01","Secció 2","Districte 01 / Secció 2","124822.89","818460009","Ajuntament de Rubí"
"2020","2020-Q3","3","2020-08","8","Agost","Districte 01","Secció 3","Districte 01 / Secció 3","111735.64","818460009","Ajuntament de Rubí"
"2020","2020-Q3","3","2020-08","8","Agost","Districte 02","Secció 1","Districte 02 / Secció 1","64601.41","818460009","Ajuntament de Rubí"
"2020","2020-Q3","3","2020-08","8","Agost","Districte 02","Secció 3","Districte 02 / Secció 3","311.91","818460009","Ajuntament de Rubí"
"2020","2020-Q3","3","2020-08","8","Agost","Districte 03","Secció 1","Districte 03 / Secció 1","96866.06","818460009","Ajuntament de Rubí"
"2020","2020-Q3","3","2020-08","8","Agost","Districte 03","Secció 3","Districte 03 / Secció 3","76403.32","818460009","Ajuntament de Rubí"
"2020","2020-Q3","3","2020-08","8","Agost","Districte 03","Secció 4","Districte 03 / Secció 4","171890.77","818460009","Ajuntament de Rubí"
"2020","2020-Q3","3","2020-08","8","Agost","Districte 03","Secció 5","Districte 03 / Secció 5","252935.04","818460009","Ajuntament de Rubí"
"2020","2020-Q3","3","2020-08","8","Agost","Districte 03","Secció 6","Districte 03 / Secció 6","202426.53","818460009","Ajuntament de Rubí"
"2020","2020-Q3","3","2020-08","8","Agost","Districte 03","Secció 7","Districte 03 / Secció 7","201125.74","818460009","Ajuntament de Rubí"
"2020","2020-Q3","3","2020-08","8","Agost","Districte 03","Secció 8","Districte 03 / Secció 8","13210.72","818460009","Ajuntament de Rubí"
"2020","2020-Q3","3","2020-08","8","Agost","Districte 04","Secció 1","Districte 04 / Secció 1","109824.01","818460009","Ajuntament de Rubí"
"2020","2020-Q3","3","2020-08","8","Agost","Districte 04","Secció 2","Districte 04 / Secció 2","138024.42","818460009","Ajuntament de Rubí"
"2020","2020-Q3","3","2020-08","8","Agost","Districte 04","Secció 3","Districte 04 / Secció 3","79937.96","818460009","Ajuntament de Rubí"
"2020","2020-Q3","3","2020-08","8","Agost","Districte 04","Secció 4","Districte 04 / Secció 4","11097.71","818460009","Ajuntament de Rubí"
"2020","2020-Q3","3","2020-08","8","Agost","Districte 04","Secció 5","Districte 04 / Secció 5","176905.26","818460009","Ajuntament de Rubí"
"2020","2020-Q3","3","2020-08","8","Agost","Districte 04","Secció 6","Districte 04 / Secció 6","105080.21","818460009","Ajuntament de Rubí"
"2020","2020-Q3","3","2020-08","8","Agost","Districte 04","Secció 7","Districte 04 / Secció 7","155445.03","818460009","Ajuntament de Rubí"
"2020","2020-Q3","3","2020-08","8","Agost","Districte 04","Secció 8","Districte 04 / Secció 8","93315.03","818460009","Ajuntament de Rubí"
"2020","2020-Q3","3","2020-08","8","Agost","Districte 04","Secció 9","Districte 04 / Secció 9","94877.53","818460009","Ajuntament de Rubí"
"2020","2020-Q3","3","2020-08","8","Agost","Districte 04","Secció 10","Districte 04 / Secció 10","205198.37","818460009","Ajuntament de Rubí"
"2020","2020-Q3","3","2020-08","8","Agost","Districte 04","Secció 11","Districte 04 / Secció 11","178954.04","818460009","Ajuntament de Rubí"
"2020","2020-Q3","3","2020-08","8","Agost","Districte 04","Secció 12","Districte 04 / Secció 12","130315.35","818460009","Ajuntament de Rubí"
"2020","2020-Q3","3","2020-08","8","Agost","Districte 04","Secció 13","Districte 04 / Secció 13","162059.03","818460009","Ajuntament de Rubí"
"2020","2020-Q3","3","2020-08","8","Agost","Districte 04","Secció 14","Districte 04 / Secció 14","147005.61","818460009","Ajuntament de Rubí"
"2020","2020-Q3","3","2020-08","8","Agost","Districte 04","Secció 15","Districte 04 / Secció 15","135058.01","818460009","Ajuntament de Rubí"
"2020","2020-Q3","3","2020-08","8","Agost","Districte 04","Secció 16","Districte 04 / Secció 16","133436.04","818460009","Ajuntament de Rubí"
"2020","2020-Q3","3","2020-08","8","Agost","Districte 04","Secció 18","Districte 04 / Secció 18","157459.26","818460009","Ajuntament de Rubí"
"2020","2020-Q3","3","2020-08","8","Agost","Districte 04","Secció 19","Districte 04 / Secció 19","112491.16","818460009","Ajuntament de Rubí"
"2020","2020-Q3","3","2020-08","8","Agost","Districte 04","Secció 20","Districte 04 / Secció 20","119102.48","818460009","Ajuntament de Rubí"
"2020","2020-Q3","3","2020-08","8","Agost","Districte 04","Secció 21","Districte 04 / Secció 21","180730.76","818460009","Ajuntament de Rubí"
"2020","2020-Q3","3","2020-08","8","Agost","Districte 04","Secció 22","Districte 04 / Secció 22","213557.77","818460009","Ajuntament de Rubí"
"2020","2020-Q3","3","2020-08","8","Agost","Districte 01","Secció 4","Districte 01 / Secció 4","6455.47","818460009","Ajuntament de Rubí"
"2020","2020-Q3","3","2020-08","8","Agost","Districte 02","Secció 4","Districte 02 / Secció 4","230569.10","818460009","Ajuntament de Rubí"
"2020","2020-Q3","3","2020-08","8","Agost","Districte 02","Secció 5","Districte 02 / Secció 5","31373.54","818460009","Ajuntament de Rubí"
"2020","2020-Q3","3","2020-08","8","Agost","Districte 02","Secció 6","Districte 02 / Secció 6","6330.05","818460009","Ajuntament de Rubí"
"2020","2020-Q3","3","2020-08","8","Agost","Districte 03","Secció 9","Districte 03 / Secció 9","177632.65","818460009","Ajuntament de Rubí"
"2020","2020-Q3","3","2020-08","8","Agost","Districte 04","Secció 23","Districte 04 / Secció 23","148890.21","818460009","Ajuntament de Rubí"
"2020","2020-Q3","3","2020-08","8","Agost","Districte 04","Secció 24","Districte 04 / Secció 24","103526.55","818460009","Ajuntament de Rubí"
"2020","2020-Q3","3","2020-08","8","Agost","Districte 04","Secció 25","Districte 04 / Secció 25","108340.15","818460009","Ajuntament de Rubí"
"2020","2020-Q3","3","2020-08","8","Agost","Districte 04","Secció 26","Districte 04 / Secció 26","113633.27","818460009","Ajuntament de Rubí"
"2020","2020-Q3","3","2020-09","9","Setembre","Districte Desconegut","Secció Desconeguda","Districte/Secció Desconegut","14291895.49","818460009","Ajuntament de Rubí"
"2020","2020-Q3","3","2020-09","9","Setembre","Districte 01","Secció 1","Districte 01 / Secció 1","51710.00","818460009","Ajuntament de Rubí"
"2020","2020-Q3","3","2020-09","9","Setembre","Districte 01","Secció 2","Districte 01 / Secció 2","108953.75","818460009","Ajuntament de Rubí"
"2020","2020-Q3","3","2020-09","9","Setembre","Districte 01","Secció 3","Districte 01 / Secció 3","103516.20","818460009","Ajuntament de Rubí"
"2020","2020-Q3","3","2020-09","9","Setembre","Districte 02","Secció 1","Districte 02 / Secció 1","60922.34","818460009","Ajuntament de Rubí"
"2020","2020-Q3","3","2020-09","9","Setembre","Districte 02","Secció 3","Districte 02 / Secció 3","397.57","818460009","Ajuntament de Rubí"
"2020","2020-Q3","3","2020-09","9","Setembre","Districte 03","Secció 1","Districte 03 / Secció 1","92589.56","818460009","Ajuntament de Rubí"
"2020","2020-Q3","3","2020-09","9","Setembre","Districte 03","Secció 3","Districte 03 / Secció 3","80948.64","818460009","Ajuntament de Rubí"
"2020","2020-Q3","3","2020-09","9","Setembre","Districte 03","Secció 4","Districte 03 / Secció 4","145711.55","818460009","Ajuntament de Rubí"
"2020","2020-Q3","3","2020-09","9","Setembre","Districte 03","Secció 5","Districte 03 / Secció 5","222883.95","818460009","Ajuntament de Rubí"
"2020","2020-Q3","3","2020-09","9","Setembre","Districte 03","Secció 6","Districte 03 / Secció 6","183856.65","818460009","Ajuntament de Rubí"
"2020","2020-Q3","3","2020-09","9","Setembre","Districte 03","Secció 7","Districte 03 / Secció 7","176889.05","818460009","Ajuntament de Rubí"
"2020","2020-Q3","3","2020-09","9","Setembre","Districte 03","Secció 8","Districte 03 / Secció 8","10740.11","818460009","Ajuntament de Rubí"
"2020","2020-Q3","3","2020-09","9","Setembre","Districte 04","Secció 1","Districte 04 / Secció 1","96865.22","818460009","Ajuntament de Rubí"
"2020","2020-Q3","3","2020-09","9","Setembre","Districte 04","Secció 2","Districte 04 / Secció 2","132726.31","818460009","Ajuntament de Rubí"
"2020","2020-Q3","3","2020-09","9","Setembre","Districte 04","Secció 3","Districte 04 / Secció 3","72034.47","818460009","Ajuntament de Rubí"
"2020","2020-Q3","3","2020-09","9","Setembre","Districte 04","Secció 4","Districte 04 / Secció 4","9974.65","818460009","Ajuntament de Rubí"
"2020","2020-Q3","3","2020-09","9","Setembre","Districte 04","Secció 5","Districte 04 / Secció 5","152781.52","818460009","Ajuntament de Rubí"
"2020","2020-Q3","3","2020-09","9","Setembre","Districte 04","Secció 6","Districte 04 / Secció 6","91359.77","818460009","Ajuntament de Rubí"
"2020","2020-Q3","3","2020-09","9","Setembre","Districte 04","Secció 7","Districte 04 / Secció 7","133423.60","818460009","Ajuntament de Rubí"
"2020","2020-Q3","3","2020-09","9","Setembre","Districte 04","Secció 8","Districte 04 / Secció 8","80783.61","818460009","Ajuntament de Rubí"
"2020","2020-Q3","3","2020-09","9","Setembre","Districte 04","Secció 9","Districte 04 / Secció 9","81628.41","818460009","Ajuntament de Rubí"
"2020","2020-Q3","3","2020-09","9","Setembre","Districte 04","Secció 10","Districte 04 / Secció 10","176656.88","818460009","Ajuntament de Rubí"
"2020","2020-Q3","3","2020-09","9","Setembre","Districte 04","Secció 11","Districte 04 / Secció 11","158528.80","818460009","Ajuntament de Rubí"
"2020","2020-Q3","3","2020-09","9","Setembre","Districte 04","Secció 12","Districte 04 / Secció 12","117234.91","818460009","Ajuntament de Rubí"
"2020","2020-Q3","3","2020-09","9","Setembre","Districte 04","Secció 13","Districte 04 / Secció 13","147775.02","818460009","Ajuntament de Rubí"
"2020","2020-Q3","3","2020-09","9","Setembre","Districte 04","Secció 14","Districte 04 / Secció 14","127790.07","818460009","Ajuntament de Rubí"
"2020","2020-Q3","3","2020-09","9","Setembre","Districte 04","Secció 15","Districte 04 / Secció 15","118799.00","818460009","Ajuntament de Rubí"
"2020","2020-Q3","3","2020-09","9","Setembre","Districte 04","Secció 16","Districte 04 / Secció 16","123301.43","818460009","Ajuntament de Rubí"
"2020","2020-Q3","3","2020-09","9","Setembre","Districte 04","Secció 18","Districte 04 / Secció 18","134217.65","818460009","Ajuntament de Rubí"
"2020","2020-Q3","3","2020-09","9","Setembre","Districte 04","Secció 19","Districte 04 / Secció 19","104175.18","818460009","Ajuntament de Rubí"
"2020","2020-Q3","3","2020-09","9","Setembre","Districte 04","Secció 20","Districte 04 / Secció 20","103419.39","818460009","Ajuntament de Rubí"
"2020","2020-Q3","3","2020-09","9","Setembre","Districte 04","Secció 21","Districte 04 / Secció 21","168170.64","818460009","Ajuntament de Rubí"
"2020","2020-Q3","3","2020-09","9","Setembre","Districte 04","Secció 22","Districte 04 / Secció 22","183691.41","818460009","Ajuntament de Rubí"
"2020","2020-Q3","3","2020-09","9","Setembre","Districte 01","Secció 4","Districte 01 / Secció 4","5739.47","818460009","Ajuntament de Rubí"
"2020","2020-Q3","3","2020-09","9","Setembre","Districte 02","Secció 4","Districte 02 / Secció 4","202195.96","818460009","Ajuntament de Rubí"
"2020","2020-Q3","3","2020-09","9","Setembre","Districte 02","Secció 5","Districte 02 / Secció 5","28649.44","818460009","Ajuntament de Rubí"
"2020","2020-Q3","3","2020-09","9","Setembre","Districte 02","Secció 6","Districte 02 / Secció 6","3778.28","818460009","Ajuntament de Rubí"
"2020","2020-Q3","3","2020-09","9","Setembre","Districte 03","Secció 9","Districte 03 / Secció 9","155948.99","818460009","Ajuntament de Rubí"
"2020","2020-Q3","3","2020-09","9","Setembre","Districte 04","Secció 23","Districte 04 / Secció 23","121164.72","818460009","Ajuntament de Rubí"
"2020","2020-Q3","3","2020-09","9","Setembre","Districte 04","Secció 24","Districte 04 / Secció 24","88651.36","818460009","Ajuntament de Rubí"
"2020","2020-Q3","3","2020-09","9","Setembre","Districte 04","Secció 25","Districte 04 / Secció 25","102824.25","818460009","Ajuntament de Rubí"
"2020","2020-Q3","3","2020-09","9","Setembre","Districte 04","Secció 26","Districte 04 / Secció 26","99727.99","818460009","Ajuntament de Rubí"
"2020","2020-Q4","4","2020-10","10","Octubre","Districte Desconegut","Secció Desconeguda","Districte/Secció Desconegut","14274173.03","818460009","Ajuntament de Rubí"
"2020","2020-Q4","4","2020-10","10","Octubre","Districte 01","Secció 1","Districte 01 / Secció 1","55658.01","818460009","Ajuntament de Rubí"
"2020","2020-Q4","4","2020-10","10","Octubre","Districte 01","Secció 2","Districte 01 / Secció 2","112547.98","818460009","Ajuntament de Rubí"
"2020","2020-Q4","4","2020-10","10","Octubre","Districte 01","Secció 3","Districte 01 / Secció 3","113131.40","818460009","Ajuntament de Rubí"
"2020","2020-Q4","4","2020-10","10","Octubre","Districte 02","Secció 1","Districte 02 / Secció 1","60236.64","818460009","Ajuntament de Rubí"
"2020","2020-Q4","4","2020-10","10","Octubre","Districte 02","Secció 3","Districte 02 / Secció 3","442.43","818460009","Ajuntament de Rubí"
"2020","2020-Q4","4","2020-10","10","Octubre","Districte 03","Secció 1","Districte 03 / Secció 1","90341.94","818460009","Ajuntament de Rubí"
"2020","2020-Q4","4","2020-10","10","Octubre","Districte 03","Secció 3","Districte 03 / Secció 3","78176.02","818460009","Ajuntament de Rubí"
"2020","2020-Q4","4","2020-10","10","Octubre","Districte 03","Secció 4","Districte 03 / Secció 4","145123.09","818460009","Ajuntament de Rubí"
"2020","2020-Q4","4","2020-10","10","Octubre","Districte 03","Secció 5","Districte 03 / Secció 5","227069.64","818460009","Ajuntament de Rubí"
"2020","2020-Q4","4","2020-10","10","Octubre","Districte 03","Secció 6","Districte 03 / Secció 6","198859.06","818460009","Ajuntament de Rubí"
"2020","2020-Q4","4","2020-10","10","Octubre","Districte 03","Secció 7","Districte 03 / Secció 7","179060.27","818460009","Ajuntament de Rubí"
"2020","2020-Q4","4","2020-10","10","Octubre","Districte 03","Secció 8","Districte 03 / Secció 8","11195.59","818460009","Ajuntament de Rubí"
"2020","2020-Q4","4","2020-10","10","Octubre","Districte 04","Secció 1","Districte 04 / Secció 1","99333.97","818460009","Ajuntament de Rubí"
"2020","2020-Q4","4","2020-10","10","Octubre","Districte 04","Secció 2","Districte 04 / Secció 2","133986.80","818460009","Ajuntament de Rubí"
"2020","2020-Q4","4","2020-10","10","Octubre","Districte 04","Secció 3","Districte 04 / Secció 3","75694.58","818460009","Ajuntament de Rubí"
"2020","2020-Q4","4","2020-10","10","Octubre","Districte 04","Secció 4","Districte 04 / Secció 4","10470.03","818460009","Ajuntament de Rubí"
"2020","2020-Q4","4","2020-10","10","Octubre","Districte 04","Secció 5","Districte 04 / Secció 5","172051.26","818460009","Ajuntament de Rubí"
"2020","2020-Q4","4","2020-10","10","Octubre","Districte 04","Secció 6","Districte 04 / Secció 6","99189.06","818460009","Ajuntament de Rubí"
"2020","2020-Q4","4","2020-10","10","Octubre","Districte 04","Secció 7","Districte 04 / Secció 7","136745.40","818460009","Ajuntament de Rubí"
"2020","2020-Q4","4","2020-10","10","Octubre","Districte 04","Secció 8","Districte 04 / Secció 8","85757.42","818460009","Ajuntament de Rubí"
"2020","2020-Q4","4","2020-10","10","Octubre","Districte 04","Secció 9","Districte 04 / Secció 9","88764.50","818460009","Ajuntament de Rubí"
"2020","2020-Q4","4","2020-10","10","Octubre","Districte 04","Secció 10","Districte 04 / Secció 10","189139.34","818460009","Ajuntament de Rubí"
"2020","2020-Q4","4","2020-10","10","Octubre","Districte 04","Secció 11","Districte 04 / Secció 11","168021.20","818460009","Ajuntament de Rubí"
"2020","2020-Q4","4","2020-10","10","Octubre","Districte 04","Secció 12","Districte 04 / Secció 12","124172.75","818460009","Ajuntament de Rubí"
"2020","2020-Q4","4","2020-10","10","Octubre","Districte 04","Secció 13","Districte 04 / Secció 13","161665.53","818460009","Ajuntament de Rubí"
"2020","2020-Q4","4","2020-10","10","Octubre","Districte 04","Secció 14","Districte 04 / Secció 14","130841.88","818460009","Ajuntament de Rubí"
"2020","2020-Q4","4","2020-10","10","Octubre","Districte 04","Secció 15","Districte 04 / Secció 15","122833.54","818460009","Ajuntament de Rubí"
"2020","2020-Q4","4","2020-10","10","Octubre","Districte 04","Secció 16","Districte 04 / Secció 16","133697.31","818460009","Ajuntament de Rubí"
"2020","2020-Q4","4","2020-10","10","Octubre","Districte 04","Secció 18","Districte 04 / Secció 18","136131.44","818460009","Ajuntament de Rubí"
"2020","2020-Q4","4","2020-10","10","Octubre","Districte 04","Secció 19","Districte 04 / Secció 19","106814.80","818460009","Ajuntament de Rubí"
"2020","2020-Q4","4","2020-10","10","Octubre","Districte 04","Secció 20","Districte 04 / Secció 20","110293.71","818460009","Ajuntament de Rubí"
"2020","2020-Q4","4","2020-10","10","Octubre","Districte 04","Secció 21","Districte 04 / Secció 21","165591.29","818460009","Ajuntament de Rubí"
"2020","2020-Q4","4","2020-10","10","Octubre","Districte 04","Secció 22","Districte 04 / Secció 22","178565.80","818460009","Ajuntament de Rubí"
"2020","2020-Q4","4","2020-10","10","Octubre","Districte 01","Secció 4","Districte 01 / Secció 4","6712.75","818460009","Ajuntament de Rubí"
"2020","2020-Q4","4","2020-10","10","Octubre","Districte 02","Secció 4","Districte 02 / Secció 4","208802.66","818460009","Ajuntament de Rubí"
"2020","2020-Q4","4","2020-10","10","Octubre","Districte 02","Secció 5","Districte 02 / Secció 5","30433.86","818460009","Ajuntament de Rubí"
"2020","2020-Q4","4","2020-10","10","Octubre","Districte 02","Secció 6","Districte 02 / Secció 6","4306.90","818460009","Ajuntament de Rubí"
"2020","2020-Q4","4","2020-10","10","Octubre","Districte 03","Secció 9","Districte 03 / Secció 9","158927.54","818460009","Ajuntament de Rubí"
"2020","2020-Q4","4","2020-10","10","Octubre","Districte 04","Secció 23","Districte 04 / Secció 23","128671.40","818460009","Ajuntament de Rubí"
"2020","2020-Q4","4","2020-10","10","Octubre","Districte 04","Secció 24","Districte 04 / Secció 24","89173.39","818460009","Ajuntament de Rubí"
"2020","2020-Q4","4","2020-10","10","Octubre","Districte 04","Secció 25","Districte 04 / Secció 25","93669.46","818460009","Ajuntament de Rubí"
"2020","2020-Q4","4","2020-10","10","Octubre","Districte 04","Secció 26","Districte 04 / Secció 26","109791.71","818460009","Ajuntament de Rubí"
"2020","2020-Q4","4","2020-11","11","Novembre","Districte Desconegut","Secció Desconeguda","Districte/Secció Desconegut","14679560.52","818460009","Ajuntament de Rubí"
"2020","2020-Q4","4","2020-11","11","Novembre","Districte 01","Secció 1","Districte 01 / Secció 1","61948.98","818460009","Ajuntament de Rubí"
"2020","2020-Q4","4","2020-11","11","Novembre","Districte 01","Secció 2","Districte 01 / Secció 2","121696.39","818460009","Ajuntament de Rubí"
"2020","2020-Q4","4","2020-11","11","Novembre","Districte 01","Secció 3","Districte 01 / Secció 3","128542.04","818460009","Ajuntament de Rubí"
"2020","2020-Q4","4","2020-11","11","Novembre","Districte 02","Secció 1","Districte 02 / Secció 1","69796.29","818460009","Ajuntament de Rubí"
"2020","2020-Q4","4","2020-11","11","Novembre","Districte 02","Secció 3","Districte 02 / Secció 3","948.97","818460009","Ajuntament de Rubí"
"2020","2020-Q4","4","2020-11","11","Novembre","Districte 03","Secció 1","Districte 03 / Secció 1","106072.60","818460009","Ajuntament de Rubí"
"2020","2020-Q4","4","2020-11","11","Novembre","Districte 03","Secció 3","Districte 03 / Secció 3","73835.24","818460009","Ajuntament de Rubí"
"2020","2020-Q4","4","2020-11","11","Novembre","Districte 03","Secció 4","Districte 03 / Secció 4","150706.46","818460009","Ajuntament de Rubí"
"2020","2020-Q4","4","2020-11","11","Novembre","Districte 03","Secció 5","Districte 03 / Secció 5","245324.67","818460009","Ajuntament de Rubí"
"2020","2020-Q4","4","2020-11","11","Novembre","Districte 03","Secció 6","Districte 03 / Secció 6","226982.01","818460009","Ajuntament de Rubí"
"2020","2020-Q4","4","2020-11","11","Novembre","Districte 03","Secció 7","Districte 03 / Secció 7","195609.52","818460009","Ajuntament de Rubí"
"2020","2020-Q4","4","2020-11","11","Novembre","Districte 03","Secció 8","Districte 03 / Secció 8","12180.20","818460009","Ajuntament de Rubí"
"2020","2020-Q4","4","2020-11","11","Novembre","Districte 04","Secció 1","Districte 04 / Secció 1","113993.90","818460009","Ajuntament de Rubí"
"2020","2020-Q4","4","2020-11","11","Novembre","Districte 04","Secció 2","Districte 04 / Secció 2","131000.22","818460009","Ajuntament de Rubí"
"2020","2020-Q4","4","2020-11","11","Novembre","Districte 04","Secció 3","Districte 04 / Secció 3","86754.20","818460009","Ajuntament de Rubí"
"2020","2020-Q4","4","2020-11","11","Novembre","Districte 04","Secció 4","Districte 04 / Secció 4","11870.20","818460009","Ajuntament de Rubí"
"2020","2020-Q4","4","2020-11","11","Novembre","Districte 04","Secció 5","Districte 04 / Secció 5","149763.01","818460009","Ajuntament de Rubí"
"2020","2020-Q4","4","2020-11","11","Novembre","Districte 04","Secció 6","Districte 04 / Secció 6","108349.18","818460009","Ajuntament de Rubí"
"2020","2020-Q4","4","2020-11","11","Novembre","Districte 04","Secció 7","Districte 04 / Secció 7","146131.05","818460009","Ajuntament de Rubí"
"2020","2020-Q4","4","2020-11","11","Novembre","Districte 04","Secció 8","Districte 04 / Secció 8","98225.73","818460009","Ajuntament de Rubí"
"2020","2020-Q4","4","2020-11","11","Novembre","Districte 04","Secció 9","Districte 04 / Secció 9","107265.97","818460009","Ajuntament de Rubí"
"2020","2020-Q4","4","2020-11","11","Novembre","Districte 04","Secció 10","Districte 04 / Secció 10","212823.15","818460009","Ajuntament de Rubí"
"2020","2020-Q4","4","2020-11","11","Novembre","Districte 04","Secció 11","Districte 04 / Secció 11","190262.00","818460009","Ajuntament de Rubí"
"2020","2020-Q4","4","2020-11","11","Novembre","Districte 04","Secció 12","Districte 04 / Secció 12","136778.83","818460009","Ajuntament de Rubí"
"2020","2020-Q4","4","2020-11","11","Novembre","Districte 04","Secció 13","Districte 04 / Secció 13","192651.32","818460009","Ajuntament de Rubí"
"2020","2020-Q4","4","2020-11","11","Novembre","Districte 04","Secció 14","Districte 04 / Secció 14","144639.15","818460009","Ajuntament de Rubí"
"2020","2020-Q4","4","2020-11","11","Novembre","Districte 04","Secció 15","Districte 04 / Secció 15","133103.08","818460009","Ajuntament de Rubí"
"2020","2020-Q4","4","2020-11","11","Novembre","Districte 04","Secció 16","Districte 04 / Secció 16","146100.25","818460009","Ajuntament de Rubí"
"2020","2020-Q4","4","2020-11","11","Novembre","Districte 04","Secció 18","Districte 04 / Secció 18","147151.04","818460009","Ajuntament de Rubí"
"2020","2020-Q4","4","2020-11","11","Novembre","Districte 04","Secció 19","Districte 04 / Secció 19","114322.60","818460009","Ajuntament de Rubí"
"2020","2020-Q4","4","2020-11","11","Novembre","Districte 04","Secció 20","Districte 04 / Secció 20","126820.94","818460009","Ajuntament de Rubí"
"2020","2020-Q4","4","2020-11","11","Novembre","Districte 04","Secció 21","Districte 04 / Secció 21","169379.71","818460009","Ajuntament de Rubí"
"2020","2020-Q4","4","2020-11","11","Novembre","Districte 04","Secció 22","Districte 04 / Secció 22","198693.76","818460009","Ajuntament de Rubí"
"2020","2020-Q4","4","2020-11","11","Novembre","Districte 01","Secció 4","Districte 01 / Secció 4","9367.52","818460009","Ajuntament de Rubí"
"2020","2020-Q4","4","2020-11","11","Novembre","Districte 02","Secció 4","Districte 02 / Secció 4","213858.86","818460009","Ajuntament de Rubí"
"2020","2020-Q4","4","2020-11","11","Novembre","Districte 02","Secció 5","Districte 02 / Secció 5","33145.25","818460009","Ajuntament de Rubí"
"2020","2020-Q4","4","2020-11","11","Novembre","Districte 02","Secció 6","Districte 02 / Secció 6","4358.10","818460009","Ajuntament de Rubí"
"2020","2020-Q4","4","2020-11","11","Novembre","Districte 03","Secció 9","Districte 03 / Secció 9","168330.32","818460009","Ajuntament de Rubí"
"2020","2020-Q4","4","2020-11","11","Novembre","Districte 04","Secció 23","Districte 04 / Secció 23","143764.17","818460009","Ajuntament de Rubí"
"2020","2020-Q4","4","2020-11","11","Novembre","Districte 04","Secció 24","Districte 04 / Secció 24","94390.05","818460009","Ajuntament de Rubí"
"2020","2020-Q4","4","2020-11","11","Novembre","Districte 04","Secció 25","Districte 04 / Secció 25","97172.57","818460009","Ajuntament de Rubí"
"2020","2020-Q4","4","2020-11","11","Novembre","Districte 04","Secció 26","Districte 04 / Secció 26","125400.28","818460009","Ajuntament de Rubí"
"2020","2020-Q4","4","2020-12","12","Desembre","Districte Desconegut","Secció Desconeguda","Districte/Secció Desconegut","13374486.72","818460009","Ajuntament de Rubí"
"2020","2020-Q4","4","2020-12","12","Desembre","Districte 01","Secció 1","Districte 01 / Secció 1","72464.16","818460009","Ajuntament de Rubí"
"2020","2020-Q4","4","2020-12","12","Desembre","Districte 01","Secció 2","Districte 01 / Secció 2","143179.91","818460009","Ajuntament de Rubí"
"2020","2020-Q4","4","2020-12","12","Desembre","Districte 01","Secció 3","Districte 01 / Secció 3","159970.22","818460009","Ajuntament de Rubí"
"2020","2020-Q4","4","2020-12","12","Desembre","Districte 02","Secció 1","Districte 02 / Secció 1","84071.12","818460009","Ajuntament de Rubí"
"2020","2020-Q4","4","2020-12","12","Desembre","Districte 02","Secció 3","Districte 02 / Secció 3","587.99","818460009","Ajuntament de Rubí"
"2020","2020-Q4","4","2020-12","12","Desembre","Districte 03","Secció 1","Districte 03 / Secció 1","132394.62","818460009","Ajuntament de Rubí"
"2020","2020-Q4","4","2020-12","12","Desembre","Districte 03","Secció 3","Districte 03 / Secció 3","82604.43","818460009","Ajuntament de Rubí"
"2020","2020-Q4","4","2020-12","12","Desembre","Districte 03","Secció 4","Districte 03 / Secció 4","182881.79","818460009","Ajuntament de Rubí"
"2020","2020-Q4","4","2020-12","12","Desembre","Districte 03","Secció 5","Districte 03 / Secció 5","298207.59","818460009","Ajuntament de Rubí"
"2020","2020-Q4","4","2020-12","12","Desembre","Districte 03","Secció 6","Districte 03 / Secció 6","292268.23","818460009","Ajuntament de Rubí"
"2020","2020-Q4","4","2020-12","12","Desembre","Districte 03","Secció 7","Districte 03 / Secció 7","237844.21","818460009","Ajuntament de Rubí"
"2020","2020-Q4","4","2020-12","12","Desembre","Districte 03","Secció 8","Districte 03 / Secció 8","15739.41","818460009","Ajuntament de Rubí"
"2020","2020-Q4","4","2020-12","12","Desembre","Districte 04","Secció 1","Districte 04 / Secció 1","149828.64","818460009","Ajuntament de Rubí"
"2020","2020-Q4","4","2020-12","12","Desembre","Districte 04","Secció 2","Districte 04 / Secció 2","178049.15","818460009","Ajuntament de Rubí"
"2020","2020-Q4","4","2020-12","12","Desembre","Districte 04","Secció 3","Districte 04 / Secció 3","110415.02","818460009","Ajuntament de Rubí"
"2020","2020-Q4","4","2020-12","12","Desembre","Districte 04","Secció 4","Districte 04 / Secció 4","13852.86","818460009","Ajuntament de Rubí"
"2020","2020-Q4","4","2020-12","12","Desembre","Districte 04","Secció 5","Districte 04 / Secció 5","177658.51","818460009","Ajuntament de Rubí"
"2020","2020-Q4","4","2020-12","12","Desembre","Districte 04","Secció 6","Districte 04 / Secció 6","137392.64","818460009","Ajuntament de Rubí"
"2020","2020-Q4","4","2020-12","12","Desembre","Districte 04","Secció 7","Districte 04 / Secció 7","180823.38","818460009","Ajuntament de Rubí"
"2020","2020-Q4","4","2020-12","12","Desembre","Districte 04","Secció 8","Districte 04 / Secció 8","124045.42","818460009","Ajuntament de Rubí"
"2020","2020-Q4","4","2020-12","12","Desembre","Districte 04","Secció 9","Districte 04 / Secció 9","139024.94","818460009","Ajuntament de Rubí"
"2020","2020-Q4","4","2020-12","12","Desembre","Districte 04","Secció 10","Districte 04 / Secció 10","274294.79","818460009","Ajuntament de Rubí"
"2020","2020-Q4","4","2020-12","12","Desembre","Districte 04","Secció 11","Districte 04 / Secció 11","230515.87","818460009","Ajuntament de Rubí"
"2020","2020-Q4","4","2020-12","12","Desembre","Districte 04","Secció 12","Districte 04 / Secció 12","160660.79","818460009","Ajuntament de Rubí"
"2020","2020-Q4","4","2020-12","12","Desembre","Districte 04","Secció 13","Districte 04 / Secció 13","267429.18","818460009","Ajuntament de Rubí"
"2020","2020-Q4","4","2020-12","12","Desembre","Districte 04","Secció 14","Districte 04 / Secció 14","173056.71","818460009","Ajuntament de Rubí"
"2020","2020-Q4","4","2020-12","12","Desembre","Districte 04","Secció 15","Districte 04 / Secció 15","164136.99","818460009","Ajuntament de Rubí"
"2020","2020-Q4","4","2020-12","12","Desembre","Districte 04","Secció 16","Districte 04 / Secció 16","173024.69","818460009","Ajuntament de Rubí"
"2020","2020-Q4","4","2020-12","12","Desembre","Districte 04","Secció 18","Districte 04 / Secció 18","186149.28","818460009","Ajuntament de Rubí"
"2020","2020-Q4","4","2020-12","12","Desembre","Districte 04","Secció 19","Districte 04 / Secció 19","133174.87","818460009","Ajuntament de Rubí"
"2020","2020-Q4","4","2020-12","12","Desembre","Districte 04","Secció 20","Districte 04 / Secció 20","162016.55","818460009","Ajuntament de Rubí"
"2020","2020-Q4","4","2020-12","12","Desembre","Districte 04","Secció 21","Districte 04 / Secció 21","194635.41","818460009","Ajuntament de Rubí"
"2020","2020-Q4","4","2020-12","12","Desembre","Districte 04","Secció 22","Districte 04 / Secció 22","253157.73","818460009","Ajuntament de Rubí"
"2020","2020-Q4","4","2020-12","12","Desembre","Districte 01","Secció 4","Districte 01 / Secció 4","12460.73","818460009","Ajuntament de Rubí"
"2020","2020-Q4","4","2020-12","12","Desembre","Districte 02","Secció 4","Districte 02 / Secció 4","239488.54","818460009","Ajuntament de Rubí"
"2020","2020-Q4","4","2020-12","12","Desembre","Districte 02","Secció 5","Districte 02 / Secció 5","41613.95","818460009","Ajuntament de Rubí"
"2020","2020-Q4","4","2020-12","12","Desembre","Districte 02","Secció 6","Districte 02 / Secció 6","5898.52","818460009","Ajuntament de Rubí"
"2020","2020-Q4","4","2020-12","12","Desembre","Districte 03","Secció 9","Districte 03 / Secció 9","188771.76","818460009","Ajuntament de Rubí"
"2020","2020-Q4","4","2020-12","12","Desembre","Districte 04","Secció 23","Districte 04 / Secció 23","185457.67","818460009","Ajuntament de Rubí"
"2020","2020-Q4","4","2020-12","12","Desembre","Districte 04","Secció 24","Districte 04 / Secció 24","113126.09","818460009","Ajuntament de Rubí"
"2020","2020-Q4","4","2020-12","12","Desembre","Districte 04","Secció 25","Districte 04 / Secció 25","115754.20","818460009","Ajuntament de Rubí"
"2020","2020-Q4","4","2020-12","12","Desembre","Districte 04","Secció 26","Districte 04 / Secció 26","168864.56","818460009","Ajuntament de Rubí"
