"ID","DATA_ACCIDENT",ANY_ACCIDENT,MES_ACCIDENT,"DIA_SETMANA_ACCIDENT","HORA_ACCIDENT","TIPUS_ACCIDENT",N_IMPLICATS,"ZONA","CODI_ENS","NOM_ENS","TRAM_HORARI",LATITUD,LONGITUD,"PUNT_ACCIDENT"
"1/2024","2024-01-02","2024","1","Dimarts","12:30:00","Envestida","2","Can Fatjó","818460009","Ajuntament de Rubí","Matí (06 a 14)","41.482894","2.022831","POINT (418420.805 4592826)"
"2/2024","2024-01-02","2024","1","Dimarts","16:42:00","Envestida","2","Zona Nord","818460009","Ajuntament de Rubí","Tarda (14 a 22)","41.500822","2.032791","POINT (419274.622 4594806.96)"
"3/2024","2024-01-02","2024","1","Dimarts","17:15:00","Xoc sense sortida de via","2","Can Rosés","818460009","Ajuntament de Rubí","Tarda (14 a 22)","41.504343","2.042094","POINT (420055.431 4595189.26)"
"4/2024","2024-01-05","2024","1","Divendres","12:25:00","Atropellament","2","Plana de Can Bertran","818460009","Ajuntament de Rubí","Matí (06 a 14)","41.493865","2.037281","POINT (419640.752457 4594030.382766)"
"6/2024","2024-01-07","2024","1","Diumenge","12:45:00","Atropellament","2","Plana de Can Bertran","818460009","Ajuntament de Rubí","Matí (06 a 14)","41.493435","2.038438","POINT (419736.791467 4593981.658064)"
"10/2024","2024-01-07","2024","1","Diumenge","14:15:00","Envestida","2","Can Vallhonrat","818460009","Ajuntament de Rubí","Tarda (14 a 22)","41.474253","2.034885","POINT (419416.432 4591855.38)"
"7/2024","2024-01-09","2024","1","Dimarts","07:47:00","Envestida","2","Can Fatjó","818460009","Ajuntament de Rubí","Matí (06 a 14)","41.487833","2.024387","POINT (418556.869 4593372.85)"
"8/2024","2024-01-09","2024","1","Dimarts","15:44:00","Encalç","2","Centre","818460009","Ajuntament de Rubí","Tarda (14 a 22)","41.491908","2.028936","POINT (418941.701 4593820.95)"
"9/2024","2024-01-11","2024","1","Dijous","12:05:00","Encalç","2","Les Torres","818460009","Ajuntament de Rubí","Matí (06 a 14)","41.483529","2.030067","POINT (419025.752 4592889.69)"
"12/2024","2024-01-13","2024","1","Dissabte","07:05:00","Sortida de via amb xoc o col·lisió","3","Zona Nord","818460009","Ajuntament de Rubí","Matí (06 a 14)","41.496595","2.037089","POINT (419628.141 4594333.7)"
"13/2024","2024-01-14","2024","1","Diumenge","02:46:00","Caiguda en la via","1","El Progrés - Rubí 2000","818460009","Ajuntament de Rubí","Nit (22 a 06)","41.486561","2.03826","POINT (419713.476 4593218.68)"
"14/2024","2024-01-15","2024","1","Dilluns","07:20:00","Envestida","2","Centre","818460009","Ajuntament de Rubí","Matí (06 a 14)","41.49327","2.029638","POINT (419002.059 4593971.52)"
"17/2024","2024-01-15","2024","1","Dilluns","12:45:00","Caiguda en la via","1","Centre","818460009","Ajuntament de Rubí","Matí (06 a 14)","41.492611","2.029456","POINT (418986.013 4593898.53)"
"15/2024","2024-01-15","2024","1","Dilluns","15:10:00","Fregament negatiu (mateix sentit)","4","Can Rosés","818460009","Ajuntament de Rubí","Tarda (14 a 22)","41.500362","2.039659","POINT (419847.263 4594749.5)"
"16/2024","2024-01-15","2024","1","Dilluns","22:00:00","Envestida","2","Centre","818460009","Ajuntament de Rubí","Nit (22 a 06)","41.493855","2.03165","POINT (419170.704 4594034.54)"
"18/2024","2024-01-16","2024","1","Dimarts","08:00:00","Xoc sense sortida de via","1","Can Barceló - Vallespark","818460009","Ajuntament de Rubí","Matí (06 a 14)","41.525835","1.994302","POINT (416094.457 4597620.61)"
"19/2024","2024-01-17","2024","1","Dimecres","11:40:00","Envestida","2","Can Vallhonrat","818460009","Ajuntament de Rubí","Matí (06 a 14)","41.47472","2.035314","POINT (419452.842 4591906.74)"
"20/2024","2024-01-19","2024","1","Divendres","06:30:00","Envestida","2","Can Fatjó","818460009","Ajuntament de Rubí","Matí (06 a 14)","41.485102","2.025682","POINT (418661.619625 4593068.400186)"
"21/2024","2024-01-19","2024","1","Divendres","10:10:00","Atropellament","3","Zona Nord","818460009","Ajuntament de Rubí","Matí (06 a 14)","41.495731","2.038436","POINT (419739.462 4594236.54)"
"23/2024","2024-01-19","2024","1","Divendres","15:15:00","Sortida de via amb xoc o col·lisió","1","Sant Muç","818460009","Ajuntament de Rubí","Tarda (14 a 22)","41.506044","2.00303","POINT (416797.347429 4595414.929516)"
"22/2024","2024-01-19","2024","1","Divendres","17:03:00","Atropellament","2","Centre","818460009","Ajuntament de Rubí","Tarda (14 a 22)","41.493166","2.030808","POINT (419099.545 4593958.82)"
"25/2024","2024-01-20","2024","1","Dissabte","19:24:00","Encalç","2","Can Rosés","818460009","Ajuntament de Rubí","Tarda (14 a 22)","41.506649","2.036333","POINT (419577.448 4595450.62)"
"24/2024","2024-01-21","2024","1","Diumenge","12:00:00","Xoc sense sortida de via","2","Ca n'Oriol","818460009","Ajuntament de Rubí","Matí (06 a 14)","41.496","2.039957","POINT (419866.722351 4594264.951728)"
"26/2024","2024-01-21","2024","1","Diumenge","17:45:00","Encalç","2","Plana de Can Bertran","818460009","Ajuntament de Rubí","Tarda (14 a 22)","41.49331","2.037967","POINT (419697.292 4593968.21)"
"27/2024","2024-01-22","2024","1","Dilluns","08:45:00","Encalç","2","Can Vallhonrat","818460009","Ajuntament de Rubí","Matí (06 a 14)","41.474141","2.030668","POINT (419064.231 4591846.82)"
"28/2024","2024-01-22","2024","1","Dilluns","12:10:00","Caiguda en la via","1","Can Rosés","818460009","Ajuntament de Rubí","Matí (06 a 14)","41.506048","2.038351","POINT (419745.103918 4595382.031205)"
"29/2024","2024-01-23","2024","1","Dimarts","16:00:00","Xoc sense sortida de via","2","Can Rosés","818460009","Ajuntament de Rubí","Tarda (14 a 22)","41.507203","2.034456","POINT (419421.443 4595513.91)"
"30/2024","2024-01-23","2024","1","Dimarts","16:48:00","Atropellament","2","25 de Setembre","818460009","Ajuntament de Rubí","Tarda (14 a 22)","41.48498","2.040833","POINT (419926.33835 4593040.700213)"
"31/2024","2024-01-23","2024","1","Dimarts","18:51:00","Atropellament","2","Ca n'Alzamora","818460009","Ajuntament de Rubí","Tarda (14 a 22)","41.479494","2.034252","POINT (419370.074 4592437.82)"
"32/2024","2024-01-23","2024","1","Dimarts","21:40:00","Xoc sense sortida de via","1","Can Fatjó","818460009","Ajuntament de Rubí","Tarda (14 a 22)","41.474101","2.030464","POINT (419047.16 4591842.55)"
"33/2024","2024-01-25","2024","1","Dijous","07:15:00","Fregament negatiu (mateix sentit)","2","Can Fatjó","818460009","Ajuntament de Rubí","Matí (06 a 14)","41.463103","2.009972","POINT (417322.15 4590640.95)"
"34/2024","2024-01-26","2024","1","Divendres","04:20:00","Sortida de via amb xoc o col·lisió","2","Ca n'Oriol","818460009","Ajuntament de Rubí","Nit (22 a 06)","41.496049","2.039141","POINT (419798.735 4594271.13)"
"36/2024","2024-01-28","2024","1","Diumenge","03:30:00","Xoc sense sortida de via","1","Centre","818460009","Ajuntament de Rubí","Nit (22 a 06)","41.491771","2.031727","POINT (419174.545768 4593803.136735)"
"37/2024","2024-01-28","2024","1","Diumenge","10:36:00","Xoc sense sortida de via","2","Ca n'Oriol","818460009","Ajuntament de Rubí","Matí (06 a 14)","41.498158","2.041424","POINT (419991.855 4594503.2)"
"38/2024","2024-01-28","2024","1","Diumenge","19:30:00","Xoc sense sortida de via","1","Can Rosés","818460009","Ajuntament de Rubí","Tarda (14 a 22)","41.508754","2.045603","POINT (420353.638 4595675.74)"
"41/2024","2024-01-31","2024","1","Dimecres","08:50:00","Fregament negatiu (mateix sentit)","2","Centre","818460009","Ajuntament de Rubí","Matí (06 a 14)","41.493608","2.033243","POINT (419303.388 4594005.62)"
"40/2024","2024-01-31","2024","1","Dimecres","09:15:00","Encalç","3","Ca n'Alzamora","818460009","Ajuntament de Rubí","Matí (06 a 14)","41.482284","2.030529","POINT (419062.717 4592750.95)"
"39/2024","2024-01-31","2024","1","Dimecres","13:39:00","Envestida","2","Plana del Castell","818460009","Ajuntament de Rubí","Matí (06 a 14)","41.494483","2.028136","POINT (418878.193 4594107.64)"
"42/2024","2024-02-02","2024","2","Divendres","14:30:00","Envestida","2","Can Fatjó","818460009","Ajuntament de Rubí","Tarda (14 a 22)","41.482734","2.02702","POINT (418770.38 4592804.21)"
"44/2024","2024-02-03","2024","2","Dissabte","15:45:00","Encalç","2","Can Rosés","818460009","Ajuntament de Rubí","Tarda (14 a 22)","41.507115","2.035893","POINT (419541.314 4595502.76)"
"43/2024","2024-02-03","2024","2","Dissabte","21:55:00","Xoc sense sortida de via","5","El Progrés - Rubí 2000","818460009","Ajuntament de Rubí","Tarda (14 a 22)","41.487038","2.036097","POINT (419533.477 4593273.56)"
"45/2024","2024-02-04","2024","2","Diumenge","10:17:00","Encalç","2","Sant Muç","818460009","Ajuntament de Rubí","Matí (06 a 14)","41.499217","2.028179","POINT (418887.682 4594633.08)"
"46/2024","2024-02-05","2024","2","Dilluns","06:15:00","Atropellament","2","El Mercat","818460009","Ajuntament de Rubí","Matí (06 a 14)","41.487444","2.038242","POINT (419713.074933 4593316.679925)"
"48/2024","2024-02-05","2024","2","Dilluns","20:25:00","Sortida de via amb xoc o col·lisió","1","Centre","818460009","Ajuntament de Rubí","Tarda (14 a 22)","41.488273","2.033365","POINT (419306.901659 4593413.270626)"
"47/2024","2024-02-06","2024","2","Dimarts","08:55:00","Fregament positiu (diferent sentit)","2","Centre","818460009","Ajuntament de Rubí","Matí (06 a 14)","41.494056","2.035233","POINT (419470.07 4594053.5)"
"50/2024","2024-02-07","2024","2","Dimecres","09:30:00","Envestida","2","Can Fatjó","818460009","Ajuntament de Rubí","Matí (06 a 14)","41.480746","2.027506","POINT (418808.43 4592583.12)"
"49/2024","2024-02-07","2024","2","Dimecres","12:55:00","Fregament negatiu (mateix sentit)","2","Can Rosés","818460009","Ajuntament de Rubí","Matí (06 a 14)","41.502789","2.033951","POINT (419373.894323 4595024.323391)"
"51/2024","2024-02-08","2024","2","Dijous","16:55:00","Sortida de via amb xoc o col·lisió","1","Sant Muç","818460009","Ajuntament de Rubí","Tarda (14 a 22)","41.509299","2.012971","POINT (417631.11566 4595766.82835)"
"52/2024","2024-02-11","2024","2","Diumenge","13:45:00","Sortida de via amb xoc o col·lisió","1","Sant Muç","818460009","Ajuntament de Rubí","Matí (06 a 14)","41.508436","2.015454","POINT (417837.202749 4595668.609892)"
"53/2024","2024-02-12","2024","2","Dilluns","08:15:00","Xoc sense sortida de via","2","Centre","818460009","Ajuntament de Rubí","Matí (06 a 14)","41.493473","2.030232","POINT (419051.894941 4593993.481515)"
"54/2024","2024-02-12","2024","2","Dilluns","18:30:00","Fregament negatiu (mateix sentit)","2","Les Torres","818460009","Ajuntament de Rubí","Tarda (14 a 22)","41.485032","2.032063","POINT (419194.22 4593054.69)"
"55/2024","2024-02-16","2024","2","Divendres","20:13:00","Caiguda en la via","1","Can Vallhonrat","818460009","Ajuntament de Rubí","Tarda (14 a 22)","41.474402","2.031038","POINT (419095.462 4591875.48)"
"56/2024","2024-02-19","2024","2","Dilluns","07:25:00","Encalç","2","Can Rosés","818460009","Ajuntament de Rubí","Matí (06 a 14)","41.508545","2.044981","POINT (420301.452 4595653.12)"
"57/2024","2024-02-19","2024","2","Dilluns","09:10:00","Xoc sense sortida de via","1","Sant Jordi Parc","818460009","Ajuntament de Rubí","Matí (06 a 14)","41.490887","2.021382","POINT (418309.926 4593714.74)"
"58/2024","2024-02-19","2024","2","Dilluns","18:15:00","Xoc sense sortida de via","3","Sector Z","818460009","Ajuntament de Rubí","Tarda (14 a 22)","41.489798","2.039648","POINT (419833.342 4593576.75)"
"62/2024","2024-02-21","2024","2","Dimecres","12:30:00","Envestida","2","25 de Setembre","818460009","Ajuntament de Rubí","Matí (06 a 14)","41.484606","2.043264","POINT (420128.787 4592996.99)"
"60/2024","2024-02-21","2024","2","Dimecres","12:37:00","Col·lisió frontal","3","Ca n'Alzamora","818460009","Ajuntament de Rubí","Matí (06 a 14)","41.483717","2.031549","POINT (419149.648392 4592909.085615)"
"59/2024","2024-02-21","2024","2","Dimecres","21:15:00","Encalç","2","Centre","818460009","Ajuntament de Rubí","Tarda (14 a 22)","41.492491","2.029166","POINT (418961.682 4593885.41)"
"61/2024","2024-02-22","2024","2","Dijous","06:30:00","Envestida","2","Ca n'Alzamora","818460009","Ajuntament de Rubí","Matí (06 a 14)","41.483336","2.031591","POINT (419152.702 4592866.85)"
"63/2024","2024-02-22","2024","2","Dijous","09:36:00","Encalç","2","Zona Nord","818460009","Ajuntament de Rubí","Matí (06 a 14)","41.497109","2.031411","POINT (419154.826 4594396.09)"
"64/2024","2024-02-23","2024","2","Divendres","11:28:00","Envestida","2","Plana de Can Bertran","818460009","Ajuntament de Rubí","Matí (06 a 14)","41.493458","2.037241","POINT (419636.912 4593985.28)"
"65/2024","2024-02-24","2024","2","Dissabte","16:36:00","Caiguda en la via","1","Ca n'Oriol","818460009","Ajuntament de Rubí","Tarda (14 a 22)","41.494676","2.038554","POINT (419748.011 4594119.33)"
"66/2024","2024-02-25","2024","2","Diumenge","14:04:00","Fregament negatiu (mateix sentit)","2","Can Vallhonrat","818460009","Ajuntament de Rubí","Tarda (14 a 22)","41.474346","2.033157","POINT (419272.318 4591867.25)"
"67/2024","2024-02-25","2024","2","Diumenge","17:14:00","Envestida","2","Centre","818460009","Ajuntament de Rubí","Tarda (14 a 22)","41.48853","2.029118","POINT (418952.716 4593445.81)"
"68/2024","2024-02-25","2024","2","Diumenge","19:27:00","Fregament negatiu (mateix sentit)","2","Centre","818460009","Ajuntament de Rubí","Tarda (14 a 22)","41.492022","2.029035","POINT (418950.128 4593833.57)"
"69/2024","2024-02-26","2024","2","Dilluns","08:53:00","Sortida de via amb xoc o col·lisió","2","Centre","818460009","Ajuntament de Rubí","Matí (06 a 14)","41.49402","2.02955","POINT (418995.623233 4594054.860064)"
"81/2024","2024-02-26","2024","2","Dilluns","14:05:00","Xoc sense sortida de via","2","Centre","818460009","Ajuntament de Rubí","Tarda (14 a 22)","41.49333","2.030303","POINT (419057.584783 4593977.517499)"
"71/2024","2024-02-27","2024","2","Dimarts","14:20:00","Fregament negatiu (mateix sentit)","2","Can Vallhonrat","818460009","Ajuntament de Rubí","Tarda (14 a 22)","41.474438","2.035239","POINT (419446.223 4591875.58)"
"70/2024","2024-02-27","2024","2","Dimarts","15:30:00","Caiguda en la via","1","Centre","818460009","Ajuntament de Rubí","Tarda (14 a 22)","41.4936","2.032739","POINT (419261.287 4594005.2)"
"72/2024","2024-02-29","2024","2","Dijous","23:29:00","Envestida","2","Can Rosés","818460009","Ajuntament de Rubí","Nit (22 a 06)","41.507113","2.034991","POINT (419466.055833 4595503.381909)"
"73/2024","2024-03-01","2024","3","Divendres","13:30:00","Envestida","2","Zona Nord","818460009","Ajuntament de Rubí","Matí (06 a 14)","41.496172","2.038418","POINT (419738.538828 4594285.551787)"
"74/2024","2024-03-01","2024","3","Divendres","20:00:00","Envestida","3","Zona Nord","818460009","Ajuntament de Rubí","Tarda (14 a 22)","41.49707","2.035255","POINT (419475.635629 4594388.176258)"
"75/2024","2024-03-04","2024","3","Dilluns","12:31:00","Envestida","2","Can Fatjó","818460009","Ajuntament de Rubí","Matí (06 a 14)","41.470012","2.007564","POINT (417129.79896 4591410.256347)"
"79/2024","2024-03-04","2024","3","Dilluns","18:40:00","Altres (incendi, explosió, esllavissada, etc.)","1","Les Torres","818460009","Ajuntament de Rubí","Tarda (14 a 22)","41.48516","2.031789","POINT (419171.504265 4593069.147328)"
"77/2024","2024-03-05","2024","3","Dimarts","08:14:00","Xoc sense sortida de via","2","Ca n'Alzamora","818460009","Ajuntament de Rubí","Matí (06 a 14)","41.481043","2.035758","POINT (419497.728845 4592608.389846)"
"76/2024","2024-03-05","2024","3","Dimarts","16:05:00","Encalç","2","Castellnou - Can Mir","818460009","Ajuntament de Rubí","Tarda (14 a 22)","41.521443","2.009554","POINT (417361.393 4597118.33)"
"78/2024","2024-03-06","2024","3","Dimecres","17:30:00","Encalç","3","El Mercat","818460009","Ajuntament de Rubí","Tarda (14 a 22)","41.486408","2.040087","POINT (419865.769576 4593199.962773)"
"80/2024","2024-03-07","2024","3","Dijous","19:00:00","Envestida","2","El Mercat","818460009","Ajuntament de Rubí","Tarda (14 a 22)","41.489182","2.038991","POINT (419777.745295 4593508.883609)"
"82/2024","2024-03-07","2024","3","Dijous","21:30:00","Envestida","2","Plana de Can Bertran","818460009","Ajuntament de Rubí","Tarda (14 a 22)","41.494094","2.037792","POINT (419683.707 4594055.36)"
"83/2024","2024-03-08","2024","3","Divendres","06:07:00","Xoc sense sortida de via","1","Can Rosés","818460009","Ajuntament de Rubí","Matí (06 a 14)","41.503532","2.03496","POINT (419458.975 4595105.79)"
"84/2024","2024-03-08","2024","3","Divendres","11:00:00","Fregament negatiu (mateix sentit)","2","Zona Nord","818460009","Ajuntament de Rubí","Matí (06 a 14)","41.500576","2.035016","POINT (419460.020994 4594777.641135)"
"86/2024","2024-03-08","2024","3","Divendres","15:56:00","Atropellament","2","Plana de Can Bertran","818460009","Ajuntament de Rubí","Tarda (14 a 22)","41.492615","2.036607","POINT (419582.919 4593892.3)"
"85/2024","2024-03-08","2024","3","Divendres","17:28:00","Xoc sense sortida de via","2","Centre","818460009","Ajuntament de Rubí","Tarda (14 a 22)","41.491168","2.032908","POINT (419272.355669 4593735.077083)"
"87/2024","2024-03-10","2024","3","Diumenge","04:03:00","Sortida de via amb xoc o col·lisió","1","Sector Z","818460009","Ajuntament de Rubí","Nit (22 a 06)","41.488729","2.039839","POINT (419847.976721 4593457.838144)"
"88/2024","2024-03-10","2024","3","Diumenge","22:20:00","Xoc sense sortida de via","1","Can Rosés","818460009","Ajuntament de Rubí","Nit (22 a 06)","41.505256","2.039613","POINT (419849.448913 4595292.909404)"
"89/2024","2024-03-11","2024","3","Dilluns","04:09:00","Fregament negatiu (mateix sentit)","2","Can Rosés","818460009","Ajuntament de Rubí","Nit (22 a 06)","41.510931","2.035936","POINT (419549.621 4595926.41)"
"90/2024","2024-03-13","2024","3","Dimecres","07:15:00","Atropellament","2","El Mercat","818460009","Ajuntament de Rubí","Matí (06 a 14)","41.489694","2.037138","POINT (419623.639 4593567.48)"
"91/2024","2024-03-13","2024","3","Dimecres","07:40:00","Envestida","2","Can Fatjó","818460009","Ajuntament de Rubí","Matí (06 a 14)","41.473588","2.020318","POINT (418199.281441 4591795.127372)"
"92/2024","2024-03-13","2024","3","Dimecres","12:30:00","Atropellament","2","Can Solà","818460009","Ajuntament de Rubí","Matí (06 a 14)","41.533072","2.005295","POINT (417020.928874 4598413.432542)"
"94/2024","2024-03-14","2024","3","Dijous","17:18:00","Envestida","2","El Mercat","818460009","Ajuntament de Rubí","Tarda (14 a 22)","41.489354","2.036755","POINT (419591.27661 4593530.122763)"
"93/2024","2024-03-14","2024","3","Dijous","22:27:00","Sortida de via amb xoc o col·lisió","1","Plana del Castell","818460009","Ajuntament de Rubí","Nit (22 a 06)","41.493128","2.027194","POINT (418797.873663 4593957.983297)"
"95/2024","2024-03-15","2024","3","Divendres","14:26:00","Encalç","5","Can Vallhonrat","818460009","Ajuntament de Rubí","Tarda (14 a 22)","41.470286","2.029864","POINT (418992.245 4591419.63)"
"96/2024","2024-03-16","2024","3","Dissabte","11:22:00","Sortida de via amb xoc o col·lisió","1","Centre","818460009","Ajuntament de Rubí","Matí (06 a 14)","41.486533","2.033101","POINT (419282.74 4593220.36)"
"97/2024","2024-03-17","2024","3","Diumenge","17:52:00","Atropellament","2","Centre","818460009","Ajuntament de Rubí","Tarda (14 a 22)","41.489991","2.034708","POINT (419421.151 4593602.76)"
"98/2024","2024-03-19","2024","3","Dimarts","06:00:00","Xoc sense sortida de via","3","Zona Nord","818460009","Ajuntament de Rubí","Matí (06 a 14)","41.502453","2.03729","POINT (419652.128035 4594983.82323)"
"100/2024","2024-03-19","2024","3","Dimarts","13:20:00","Envestida","2","Can Fatjó","818460009","Ajuntament de Rubí","Matí (06 a 14)","41.464799","2.008953","POINT (417239.189 4590830.26)"
"99/2024","2024-03-20","2024","3","Dimecres","08:00:00","Encalç","3","Centre","818460009","Ajuntament de Rubí","Matí (06 a 14)","41.490029","2.028493","POINT (418902.415 4593612.8)"
"103/2024","2024-03-21","2024","3","Dijous","11:30:00","Sortida de via amb xoc o col·lisió","1","Castellnou - Can Mir","818460009","Ajuntament de Rubí","Matí (06 a 14)","41.537758","1.990999","POINT (415834.364032 4598947.521297)"
"102/2024","2024-03-21","2024","3","Dijous","13:30:00","Altres (incendi, explosió, esllavissada, etc.)","2","Ca n'Alzamora","818460009","Ajuntament de Rubí","Matí (06 a 14)","41.478606","2.031167","POINT (419111.44 4592342.1)"
"101/2024","2024-03-21","2024","3","Dijous","16:30:00","Caiguda en la via","1","Plana de Can Bertran","818460009","Ajuntament de Rubí","Tarda (14 a 22)","41.493286","2.038393","POINT (419732.861 4593965.14)"
"104/2024","2024-03-22","2024","3","Divendres","16:20:00","Caiguda en la via","2","Ca n'Oriol","818460009","Ajuntament de Rubí","Tarda (14 a 22)","41.499522","2.040005","POINT (419875.106 4594655.95)"
"105/2024","2024-03-22","2024","3","Divendres","18:25:00","Xoc sense sortida de via","1","Sant Muç","818460009","Ajuntament de Rubí","Tarda (14 a 22)","41.512377","2.031772","POINT (419203.922 4596090.85)"
"106/2024","2024-03-25","2024","3","Dilluns","11:50:00","Envestida","2","Sector Z","818460009","Ajuntament de Rubí","Matí (06 a 14)","41.486571","2.041858","POINT (420013.87 4593216.46)"
"187/2024","2024-03-25","2024","3","Dilluns","20:15:00","Xoc sense sortida de via","2","Sant Muç","818460009","Ajuntament de Rubí","Tarda (14 a 22)","41.507804","2.031999","POINT (419217.149 4595582.88)"
"107/2024","2024-03-26","2024","3","Dimarts","15:54:00","Sortida de via amb xoc o col·lisió","1","25 de Setembre","818460009","Ajuntament de Rubí","Tarda (14 a 22)","41.484293","2.036076","POINT (419528.29 4592968.86)"
"108/2024","2024-03-26","2024","3","Dimarts","18:53:00","Fregament negatiu (mateix sentit)","2","El Progrés - Rubí 2000","818460009","Ajuntament de Rubí","Tarda (14 a 22)","41.485507","2.038672","POINT (419746.545 4593101.18)"
"109/2024","2024-03-28","2024","3","Dijous","04:10:00","Xoc sense sortida de via","1","Can Vallhonrat","818460009","Ajuntament de Rubí","Nit (22 a 06)","41.468763","2.030325","POINT (419028.872 4591250.07)"
"111/2024","2024-03-28","2024","3","Dijous","10:36:00","Envestida","3","Can Fatjó","818460009","Ajuntament de Rubí","Matí (06 a 14)","41.475194","2.026023","POINT (418677.653 4591968.09)"
"110/2024","2024-03-28","2024","3","Dijous","17:01:00","Xoc sense sortida de via","3","Ca n'Alzamora","818460009","Ajuntament de Rubí","Tarda (14 a 22)","41.483172","2.034311","POINT (419379.559 4592846.02)"
"112/2024","2024-03-30","2024","3","Dissabte","04:45:00","Xoc sense sortida de via","2","Can Rosés","818460009","Ajuntament de Rubí","Nit (22 a 06)","41.503556","2.034971","POINT (419459.901 4595108.45)"
"114/2024","2024-03-30","2024","3","Dissabte","18:51:00","Atropellament","2","Centre","818460009","Ajuntament de Rubí","Tarda (14 a 22)","41.495315","2.035174","POINT (419466.705 4594193.4)"
"113/2024","2024-03-30","2024","3","Dissabte","22:02:00","Fregament negatiu (mateix sentit)","2","Els Avets","818460009","Ajuntament de Rubí","Nit (22 a 06)","41.488231","2.018319","POINT (418050.885 4593422.75)"
"115/2024","2024-03-31","2024","3","Diumenge","19:16:00","Xoc sense sortida de via","5","Zona Nord","818460009","Ajuntament de Rubí","Tarda (14 a 22)","41.499389","2.035882","POINT (419530.854 4594645.06)"
"116/2024","2024-03-31","2024","3","Diumenge","22:55:00","Sortida de via amb xoc o col·lisió","1","Zona Nord","818460009","Ajuntament de Rubí","Nit (22 a 06)","41.501041","2.031956","POINT (419205.16 4594832.05)"
"117/2024","2024-04-01","2024","4","Dilluns","19:13:00","Col·lisió frontal","2","Can Barceló - Vallespark","818460009","Ajuntament de Rubí","Tarda (14 a 22)","41.534373","1.988832","POINT (415649.233679 4598573.905975)"
"119/2024","2024-04-02","2024","4","Dimarts","12:05:00","Sortida de via amb xoc o col·lisió","1","Sant Muç","818460009","Ajuntament de Rubí","Matí (06 a 14)","41.510518","2.021727","POINT (418363.308445 4595893.859828)"
"118/2024","2024-04-02","2024","4","Dimarts","14:00:00","Xoc sense sortida de via","1","Zona Nord","818460009","Ajuntament de Rubí","Tarda (14 a 22)","41.501768","2.035952","POINT (419539.619 4594909.05)"
"120/2024","2024-04-03","2024","4","Dimecres","18:35:00","Encalç","2","Les Torres","818460009","Ajuntament de Rubí","Tarda (14 a 22)","41.485553","2.031669","POINT (419161.991419 4593112.884943)"
"121/2024","2024-04-04","2024","4","Dijous","00:54:00","Envestida","2","Zona Nord","818460009","Ajuntament de Rubí","Nit (22 a 06)","41.494207","2.038496","POINT (419742.579346 4594067.248098)"
"122/2024","2024-04-07","2024","4","Diumenge","17:54:00","Xoc sense sortida de via","3","Centre","818460009","Ajuntament de Rubí","Tarda (14 a 22)","41.493862","2.031468","POINT (419155.559186 4594035.512265)"
"123/2024","2024-04-07","2024","4","Diumenge","22:43:00","Encalç","2","Ca n'Alzamora","818460009","Ajuntament de Rubí","Nit (22 a 06)","41.483468","2.033698","POINT (419328.799347 4592879.445263)"
"125/2024","2024-04-08","2024","4","Dilluns","17:00:00","Xoc sense sortida de via","1","Centre","818460009","Ajuntament de Rubí","Tarda (14 a 22)","41.489384","2.031284","POINT (419134.581344 4593538.566284)"
"124/2024","2024-04-08","2024","4","Dilluns","19:00:00","Encalç","2","Zona Nord","818460009","Ajuntament de Rubí","Tarda (14 a 22)","41.501505","2.033188","POINT (419308.618875 4594882.406352)"
"126/2024","2024-04-09","2024","4","Dimarts","16:20:00","Envestida","2","Can Fatjó","818460009","Ajuntament de Rubí","Tarda (14 a 22)","41.479896","2.023576","POINT (418479.3 4592492.45)"
"127/2024","2024-04-10","2024","4","Dimecres","14:00:00","Xoc sense sortida de via","2","Zona Nord","818460009","Ajuntament de Rubí","Tarda (14 a 22)","41.497591","2.037621","POINT (419673.729672 4594443.820078)"
"131/2024","2024-04-10","2024","4","Dimecres","19:10:00","Atropellament","2","Centre","818460009","Ajuntament de Rubí","Tarda (14 a 22)","41.491815","2.029735","POINT (419008.307 4593809.94)"
"128/2024","2024-04-11","2024","4","Dijous","15:25:00","Encalç","2","25 de Setembre","818460009","Ajuntament de Rubí","Tarda (14 a 22)","41.48461","2.043183","POINT (420122.001371 4592997.4224)"
"130/2024","2024-04-11","2024","4","Dijous","19:04:00","Atropellament","2","Sector Z","818460009","Ajuntament de Rubí","Tarda (14 a 22)","41.489951","2.04115","POINT (419958.916 4593592.31)"
"129/2024","2024-04-11","2024","4","Dijous","22:11:00","Xoc sense sortida de via","2","Plana de Can Bertran","818460009","Ajuntament de Rubí","Nit (22 a 06)","41.491776","2.037229","POINT (419633.830707 4593798.597111)"
"132/2024","2024-04-12","2024","4","Divendres","10:20:00","Atropellament","2","25 de Setembre","818460009","Ajuntament de Rubí","Matí (06 a 14)","41.485223","2.039601","POINT (419823.748497 4593068.803435)"
"133/2024","2024-04-12","2024","4","Divendres","21:19:00","Envestida","2","Centre","818460009","Ajuntament de Rubí","Tarda (14 a 22)","41.495343","2.030979","POINT (419116.584 4594200.44)"
"134/2024","2024-04-14","2024","4","Diumenge","09:05:00","Atropellament","2","Plana de Can Bertran","818460009","Ajuntament de Rubí","Matí (06 a 14)","41.493865","2.037563","POINT (419664.30068 4594030.187253)"
"135/2024","2024-04-14","2024","4","Diumenge","15:30:00","Envestida","2","Centre","818460009","Ajuntament de Rubí","Tarda (14 a 22)","41.494068","2.035241","POINT (419470.756 4594054.83)"
"136/2024","2024-04-14","2024","4","Diumenge","19:25:00","Xoc sense sortida de via","2","Castellnou - Can Mir","818460009","Ajuntament de Rubí","Tarda (14 a 22)","41.536869","1.99421","POINT (416101.088485 4598845.710372)"
"137/2024","2024-04-15","2024","4","Dilluns","07:05:00","Encalç","2","Can Rosés","818460009","Ajuntament de Rubí","Matí (06 a 14)","41.505829","2.038522","POINT (419759.094 4595357.6)"
"138/2024","2024-04-15","2024","4","Dilluns","17:11:00","Envestida","2","25 de Setembre","818460009","Ajuntament de Rubí","Tarda (14 a 22)","41.484984","2.038543","POINT (419735.166046 4593043.267064)"
"139/2024","2024-04-17","2024","4","Dimecres","14:04:00","Encalç","2","25 de Setembre","818460009","Ajuntament de Rubí","Tarda (14 a 22)","41.483505","2.037771","POINT (419668.836 4592879.83)"
"140/2024","2024-04-17","2024","4","Dimecres","14:55:00","Xoc sense sortida de via","1","Can Fatjó","818460009","Ajuntament de Rubí","Tarda (14 a 22)","41.468355","2.024897","POINT (418575.101026 4591209.891813)"
"141/2024","2024-04-17","2024","4","Dimecres","20:10:00","Fregament negatiu (mateix sentit)","4","Ca n'Oriol","818460009","Ajuntament de Rubí","Tarda (14 a 22)","41.500611","2.042398","POINT (420076.137 4594774.61)"
"142/2024","2024-04-19","2024","4","Divendres","13:10:00","Xoc sense sortida de via","2","Centre","818460009","Ajuntament de Rubí","Matí (06 a 14)","41.490952","2.030096","POINT (419037.345 4593713.68)"
"143/2024","2024-04-19","2024","4","Divendres","13:55:00","Encalç","2","Can Rosés","818460009","Ajuntament de Rubí","Matí (06 a 14)","41.508788","2.045544","POINT (420348.756 4595679.58)"
"144/2024","2024-04-19","2024","4","Divendres","14:06:00","Encalç","2","Sant Muç","818460009","Ajuntament de Rubí","Tarda (14 a 22)","41.507677","2.032975","POINT (419298.47 4595567.92)"
"145/2024","2024-04-19","2024","4","Divendres","14:15:00","Xoc sense sortida de via","2","Ca n'Alzamora","818460009","Ajuntament de Rubí","Tarda (14 a 22)","41.477478","2.034824","POINT (419415.393496 4592213.411207)"
"146/2024","2024-04-19","2024","4","Divendres","20:15:00","Atropellament","3","El Progrés - Rubí 2000","818460009","Ajuntament de Rubí","Tarda (14 a 22)","41.485945","2.040051","POINT (419862.178 4593148.53)"
"148/2024","2024-04-20","2024","4","Dissabte","04:05:00","Xoc sense sortida de via","1","Zona Nord","818460009","Ajuntament de Rubí","Nit (22 a 06)","41.501691","2.032696","POINT (419267.755 4594903.61)"
"147/2024","2024-04-20","2024","4","Dissabte","20:27:00","Caiguda en la via","1","Can Barceló - Vallespark","818460009","Ajuntament de Rubí","Tarda (14 a 22)","41.526592","1.988478","POINT (415609.6176 4597710.377894)"
"149/2024","2024-04-21","2024","4","Diumenge","04:45:00","Xoc sense sortida de via","4","25 de Setembre","818460009","Ajuntament de Rubí","Nit (22 a 06)","41.485525","2.040029","POINT (419859.892666 4593101.96122)"
"150/2024","2024-04-21","2024","4","Diumenge","13:18:00","Encalç","2","Can Rosés","818460009","Ajuntament de Rubí","Matí (06 a 14)","41.50318","2.03428","POINT (419401.804012 4595067.392967)"
"151/2024","2024-04-22","2024","4","Dilluns","15:40:00","Atropellament","3","Centre","818460009","Ajuntament de Rubí","Tarda (14 a 22)","41.489115","2.032635","POINT (419247.050559 4593507.405624)"
"152/2024","2024-04-22","2024","4","Dilluns","19:21:00","Xoc sense sortida de via","1","Sant Muç","818460009","Ajuntament de Rubí","Tarda (14 a 22)","41.507951","2.014386","POINT (417747.523945 4595615.851639)"
"153/2024","2024-04-24","2024","4","Dimecres","07:20:00","Atropellament","2","Zona Nord","818460009","Ajuntament de Rubí","Matí (06 a 14)","41.496026","2.034519","POINT (419412.85663 4594272.903272)"
"154/2024","2024-04-24","2024","4","Dimecres","17:44:00","Envestida","2","Plana de Can Bertran","818460009","Ajuntament de Rubí","Tarda (14 a 22)","41.48971","2.037167","POINT (419626.122 4593569.24)"
"156/2024","2024-04-24","2024","4","Dimecres","19:43:00","Envestida","2","Sant Jordi Parc","818460009","Ajuntament de Rubí","Tarda (14 a 22)","41.490291","2.020797","POINT (418260.272139 4593649.122043)"
"155/2024","2024-04-24","2024","4","Dimecres","22:13:00","Xoc sense sortida de via","1","Ca n'Oriol","818460009","Ajuntament de Rubí","Nit (22 a 06)","41.501453","2.046291","POINT (420402.152452 4594864.49145)"
"157/2024","2024-04-26","2024","4","Divendres","18:04:00","Fregament negatiu (mateix sentit)","2","Zona Nord","818460009","Ajuntament de Rubí","Tarda (14 a 22)","41.498789","2.038136","POINT (419718.163 4594576.28)"
"158/2024","2024-04-27","2024","4","Dissabte","18:40:00","Fregament negatiu (mateix sentit)","2","El Mercat","818460009","Ajuntament de Rubí","Tarda (14 a 22)","41.48745","2.03649","POINT (419566.799977 4593318.996535)"
"159/2024","2024-04-28","2024","4","Diumenge","16:00:00","Fregament negatiu (mateix sentit)","2","Zona Nord","818460009","Ajuntament de Rubí","Tarda (14 a 22)","41.497563","2.031296","POINT (419145.764 4594446.6)"
"160/2024","2024-04-29","2024","4","Dilluns","15:55:00","Envestida","2","Els Avets","818460009","Ajuntament de Rubí","Tarda (14 a 22)","41.487944","2.018231","POINT (418043.139084 4593390.95974)"
"163/2024","2024-04-29","2024","4","Dilluns","20:05:00","Atropellament","2","Zona Nord","818460009","Ajuntament de Rubí","Tarda (14 a 22)","41.501901","2.033848","POINT (419364.17063 4594925.788534)"
"161/2024","2024-04-30","2024","4","Dimarts","18:40:00","Fregament negatiu (mateix sentit)","3","Can Rosés","818460009","Ajuntament de Rubí","Tarda (14 a 22)","41.506798","2.036483","POINT (419590.167 4595466.98)"
"162/2024","2024-05-01","2024","5","Dimecres","16:50:00","Encalç","3","Zona Nord","818460009","Ajuntament de Rubí","Tarda (14 a 22)","41.501619","2.033061","POINT (419298.11 4594895.25)"
"165/2024","2024-05-02","2024","5","Dijous","16:00:00","Xoc sense sortida de via","1","Can Solà","818460009","Ajuntament de Rubí","Tarda (14 a 22)","41.531941","2.008976","POINT (417326.573432 4598284.393655)"
"164/2024","2024-05-03","2024","5","Divendres","14:15:00","Sortida de via amb xoc o col·lisió","4","Centre","818460009","Ajuntament de Rubí","Tarda (14 a 22)","41.493791","2.032257","POINT (419221.280768 4594026.926269)"
"167/2024","2024-05-05","2024","5","Diumenge","02:00:00","Envestida","2","Centre","818460009","Ajuntament de Rubí","Nit (22 a 06)","41.494815","2.031671","POINT (419173.689 4594141.14)"
"166/2024","2024-05-05","2024","5","Diumenge","08:35:00","Envestida","2","Ca n'Alzamora","818460009","Ajuntament de Rubí","Matí (06 a 14)","41.483784","2.034999","POINT (419437.754 4592913.31)"
"168/2024","2024-05-06","2024","5","Dilluns","07:25:00","Encalç","3","Sector Z","818460009","Ajuntament de Rubí","Matí (06 a 14)","41.489931","2.039208","POINT (419796.785 4593591.88)"
"169/2024","2024-05-07","2024","5","Dimarts","09:35:00","Envestida","2","Zona Nord","818460009","Ajuntament de Rubí","Matí (06 a 14)","41.501675","2.032653","POINT (419264.153 4594901.87)"
"170/2024","2024-05-07","2024","5","Dimarts","15:16:00","Xoc sense sortida de via","2","Ca n'Oriol","818460009","Ajuntament de Rubí","Tarda (14 a 22)","41.495972","2.038514","POINT (419746.252 4594263.23)"
"171/2024","2024-05-08","2024","5","Dimecres","10:30:00","Xoc sense sortida de via","1","Zona Nord","818460009","Ajuntament de Rubí","Matí (06 a 14)","41.494666","2.037422","POINT (419653.518 4594119.27)"
"172/2024","2024-05-09","2024","5","Dijous","08:35:00","Xoc sense sortida de via","1","Castellnou - Can Mir","818460009","Ajuntament de Rubí","Matí (06 a 14)","41.531566","1.999893","POINT (416568.34134 4598251.513491)"
"173/2024","2024-05-09","2024","5","Dijous","09:40:00","Fregament negatiu (mateix sentit)","2","Can Fatjó","818460009","Ajuntament de Rubí","Matí (06 a 14)","41.463098","2.009289","POINT (417265.102596 4590641.091709)"
"175/2024","2024-05-10","2024","5","Divendres","14:30:00","Envestida","2","Can Fatjó","818460009","Ajuntament de Rubí","Tarda (14 a 22)","41.473831","2.027116","POINT (418767.234035 4591815.784492)"
"174/2024","2024-05-11","2024","5","Dissabte","07:50:00","Encalç","2","Sector Z","818460009","Ajuntament de Rubí","Matí (06 a 14)","41.485306","2.041751","POINT (420003.356 4593076.02)"
"176/2024","2024-05-11","2024","5","Dissabte","13:31:00","Caiguda en la via","1","Castellnou - Can Mir","818460009","Ajuntament de Rubí","Matí (06 a 14)","41.529335","1.995177","POINT (416172.039 4598008.33)"
"178/2024","2024-05-12","2024","5","Diumenge","01:34:00","Caiguda en la via","1","Centre","818460009","Ajuntament de Rubí","Nit (22 a 06)","41.488068","2.02926","POINT (418963.987909 4593394.281813)"
"179/2024","2024-05-12","2024","5","Diumenge","05:27:00","Caiguda en la via","1","Ca n'Oriol","818460009","Ajuntament de Rubí","Nit (22 a 06)","41.498513","2.044537","POINT (420252.136578 4594539.701562)"
"177/2024","2024-05-12","2024","5","Diumenge","18:40:00","Sortida de via amb xoc o col·lisió","1","El Mercat","818460009","Ajuntament de Rubí","Tarda (14 a 22)","41.486194","2.040279","POINT (419881.518 4593175.98)"
"180/2024","2024-05-14","2024","5","Dimarts","07:15:00","Atropellament","2","El Progrés - Rubí 2000","818460009","Ajuntament de Rubí","Matí (06 a 14)","41.485569","2.039493","POINT (419815.14 4593107.34)"
"181/2024","2024-05-15","2024","5","Dimecres","07:02:00","Envestida","2","Can Fatjó","818460009","Ajuntament de Rubí","Matí (06 a 14)","41.473727","2.02599","POINT (418673.131 4591805.25)"
"182/2024","2024-05-15","2024","5","Dimecres","09:15:00","Atropellament","2","Centre","818460009","Ajuntament de Rubí","Matí (06 a 14)","41.492928","2.029595","POINT (418998.051 4593933.64)"
"184/2024","2024-05-17","2024","5","Divendres","16:15:00","Envestida","3","Castellnou - Can Mir","818460009","Ajuntament de Rubí","Tarda (14 a 22)","41.526795","2.001008","POINT (416655.25 4597720.68)"
"183/2024","2024-05-19","2024","5","Diumenge","09:03:00","Xoc sense sortida de via","2","Els Avets","818460009","Ajuntament de Rubí","Matí (06 a 14)","41.488221","2.02182","POINT (418343.073 4593418.33)"
"185/2024","2024-05-20","2024","5","Dilluns","11:50:00","Caiguda en la via","1","Can Rosés","818460009","Ajuntament de Rubí","Matí (06 a 14)","41.504922","2.045903","POINT (420374.012 4595249.97)"
"186/2024","2024-05-22","2024","5","Dimecres","12:20:00","Envestida","2","Can Fatjó","818460009","Ajuntament de Rubí","Matí (06 a 14)","41.464767","2.008486","POINT (417200.173 4590827.14)"
"188/2024","2024-05-23","2024","5","Dijous","19:37:00","Sortida de via amb xoc o col·lisió","1","Ca n'Alzamora","818460009","Ajuntament de Rubí","Tarda (14 a 22)","41.476637","2.031033","POINT (419097.793 4592123.58)"
"190/2024","2024-05-28","2024","5","Dimarts","07:10:00","Fregament negatiu (mateix sentit)","2","Ca n'Alzamora","818460009","Ajuntament de Rubí","Matí (06 a 14)","41.483149","2.030372","POINT (419050.696835 4592847.193175)"
"189/2024","2024-05-28","2024","5","Dimarts","07:13:00","Encalç","2","Sant Muç","818460009","Ajuntament de Rubí","Matí (06 a 14)","41.512094","1.998402","POINT (416418.911938 4596091.061325)"
"191/2024","2024-05-28","2024","5","Dimarts","23:18:00","Sortida de via amb xoc o col·lisió","1","Can Rosés","818460009","Ajuntament de Rubí","Nit (22 a 06)","41.508915","2.045646","POINT (420357.417 4595693.54)"
"193/2024","2024-05-29","2024","5","Dimecres","07:59:00","Encalç","2","Centre","818460009","Ajuntament de Rubí","Matí (06 a 14)","41.492163","2.029098","POINT (418955.558293 4593849.123375)"
"192/2024","2024-05-29","2024","5","Dimecres","17:15:00","Fregament negatiu (mateix sentit)","2","Can Rosés","818460009","Ajuntament de Rubí","Tarda (14 a 22)","41.506512","2.036119","POINT (419559.371 4595435.65)"
"194/2024","2024-05-30","2024","5","Dijous","11:00:00","Fregament negatiu (mateix sentit)","2","Centre","818460009","Ajuntament de Rubí","Matí (06 a 14)","41.492759","2.033047","POINT (419285.933655 4593911.559484)"
"195/2024","2024-05-30","2024","5","Dijous","17:25:00","Envestida","2","El Mercat","818460009","Ajuntament de Rubí","Tarda (14 a 22)","41.487809","2.038693","POINT (419751.178 4593356.8)"
"196/2024","2024-05-31","2024","5","Divendres","04:00:00","Xoc sense sortida de via","1","25 de Setembre","818460009","Ajuntament de Rubí","Nit (22 a 06)","41.483795","2.037894","POINT (419679.494 4592911.84)"
"197/2024","2024-05-31","2024","5","Divendres","08:30:00","Xoc sense sortida de via","1","Can Fatjó","818460009","Ajuntament de Rubí","Matí (06 a 14)","41.479775","2.023684","POINT (418488.081565 4592478.901745)"
"198/2024","2024-05-31","2024","5","Divendres","14:15:00","Fregament positiu (diferent sentit)","2","Ca n'Alzamora","818460009","Ajuntament de Rubí","Tarda (14 a 22)","41.476597","2.030958","POINT (419091.473 4592119.19)"
"199/2024","2024-05-31","2024","5","Divendres","16:41:00","Atropellament","2","Can Fatjó","818460009","Ajuntament de Rubí","Tarda (14 a 22)","41.490305","2.025261","POINT (418632.956 4593646.4)"
"200/2024","2024-05-31","2024","5","Divendres","18:50:00","Xoc sense sortida de via","1","Les Torres","818460009","Ajuntament de Rubí","Tarda (14 a 22)","41.484767","2.031795","POINT (419171.499 4593025.5)"
"201/2024","2024-06-01","2024","6","Dissabte","09:55:00","Xoc sense sortida de via","3","Sant Muç","818460009","Ajuntament de Rubí","Matí (06 a 14)","41.499152","2.030132","POINT (419050.58 4594624.11)"
"204/2024","2024-06-01","2024","6","Dissabte","21:19:00","Caiguda en la via","1","Sant Muç","818460009","Ajuntament de Rubí","Tarda (14 a 22)","41.501861","2.029288","POINT (418983.526151 4594925.571985)"
"203/2024","2024-06-01","2024","6","Dissabte","21:40:00","Caiguda en la via","1","Zona Nord","818460009","Ajuntament de Rubí","Tarda (14 a 22)","41.500791","2.032939","POINT (419286.896 4594803.36)"
"202/2024","2024-06-02","2024","6","Diumenge","07:15:00","Xoc sense sortida de via","3","El Mercat","818460009","Ajuntament de Rubí","Matí (06 a 14)","41.489708","2.037197","POINT (419628.582 4593568.99)"
"205/2024","2024-06-02","2024","6","Diumenge","19:50:00","Xoc sense sortida de via","2","Can Fatjó","818460009","Ajuntament de Rubí","Tarda (14 a 22)","41.486109","2.024457","POINT (418560.609676 4593181.37885)"
"206/2024","2024-06-03","2024","6","Dilluns","03:46:00","Caiguda en la via","1","Ca n'Alzamora","818460009","Ajuntament de Rubí","Nit (22 a 06)","41.48357","2.032939","POINT (419265.556319 4592891.477668)"
"207/2024","2024-06-03","2024","6","Dilluns","14:02:00","Fregament positiu (diferent sentit)","2","Centre","818460009","Ajuntament de Rubí","Tarda (14 a 22)","41.496009","2.032072","POINT (419208.586757 4594273.366044)"
"208/2024","2024-06-04","2024","6","Dimarts","04:31:00","Atropellament","2","Can Rosés","818460009","Ajuntament de Rubí","Nit (22 a 06)","41.505902","2.038436","POINT (419752.02 4595365.7)"
"210/2024","2024-06-04","2024","6","Dimarts","19:20:00","Xoc sense sortida de via","2","Centre","818460009","Ajuntament de Rubí","Tarda (14 a 22)","41.488089","2.029242","POINT (418962.505243 4593396.672382)"
"215/2024","2024-06-05","2024","6","Dimecres","08:01:00","Caiguda en la via","2","Can Fatjó","818460009","Ajuntament de Rubí","Matí (06 a 14)","41.463879","2.009801","POINT (417308.8 4590727.25)"
"209/2024","2024-06-05","2024","6","Dimecres","08:10:00","Atropellament","2","El Mercat","818460009","Ajuntament de Rubí","Matí (06 a 14)","41.488709","2.036438","POINT (419563.982 4593458.83)"
"214/2024","2024-06-06","2024","6","Dijous","06:50:00","Xoc sense sortida de via","2","Can Fatjó","818460009","Ajuntament de Rubí","Matí (06 a 14)","41.480584","2.021662","POINT (418320.346741 4592570.602122)"
"211/2024","2024-06-06","2024","6","Dijous","14:50:00","Sortida de via amb xoc o col·lisió","1","Sant Muç","818460009","Ajuntament de Rubí","Tarda (14 a 22)","41.507823","2.01072","POINT (417441.380362 4595605.07495)"
"212/2024","2024-06-06","2024","6","Dijous","15:29:00","Fregament negatiu (mateix sentit)","2","Can Rosés","818460009","Ajuntament de Rubí","Tarda (14 a 22)","41.506488","2.041059","POINT (419971.666 4595428.39)"
"213/2024","2024-06-06","2024","6","Dijous","19:06:00","Sortida de via amb xoc o col·lisió","1","Sant Muç","818460009","Ajuntament de Rubí","Tarda (14 a 22)","41.506262","2.009997","POINT (417379.043175 4595432.530389)"
"218/2024","2024-06-07","2024","6","Divendres","05:30:00","Fregament negatiu (mateix sentit)","2","Sector Z","818460009","Ajuntament de Rubí","Nit (22 a 06)","41.488007","2.039913","POINT (419853.230803 4593377.607311)"
"222/2024","2024-06-07","2024","6","Divendres","07:40:00","Atropellament","2","Zona Nord","818460009","Ajuntament de Rubí","Matí (06 a 14)","41.4942","2.03769","POINT (419675.317555 4594067.292368)"
"216/2024","2024-06-07","2024","6","Divendres","15:23:00","Col·lisió frontal","2","Zona Nord","818460009","Ajuntament de Rubí","Tarda (14 a 22)","41.494739","2.03835","POINT (419731.030238 4594126.455884)"
"217/2024","2024-06-07","2024","6","Divendres","19:01:00","Encalç","2","Can Fatjó","818460009","Ajuntament de Rubí","Tarda (14 a 22)","41.490654","2.027444","POINT (418815.649 4593683.16)"
"219/2024","2024-06-09","2024","6","Diumenge","07:30:00","Xoc sense sortida de via","2","Can Barceló - Vallespark","818460009","Ajuntament de Rubí","Matí (06 a 14)","41.506539","2.002228","POINT (416731.07432 4595470.634797)"
"220/2024","2024-06-09","2024","6","Diumenge","18:50:00","Sortida de via amb xoc o col·lisió","1","Can Fatjó","818460009","Ajuntament de Rubí","Tarda (14 a 22)","41.470123","2.020567","POINT (418215.767097 4591410.193753)"
"221/2024","2024-06-10","2024","6","Dilluns","10:20:00","Caiguda en la via","1","Castellnou - Can Mir","818460009","Ajuntament de Rubí","Matí (06 a 14)","41.521467","2.00957","POINT (417362.766 4597120.99)"
"223/2024","2024-06-11","2024","6","Dimarts","06:15:00","Caiguda en la via","1","25 de Setembre","818460009","Ajuntament de Rubí","Matí (06 a 14)","41.48199","2.039246","POINT (419790.127 4592710.26)"
"228/2024","2024-06-12","2024","6","Dimecres","10:00:00","Xoc sense sortida de via","1","Can Rosés","818460009","Ajuntament de Rubí","Matí (06 a 14)","41.508399","2.038529","POINT (419762.904873 4595642.818678)"
"224/2024","2024-06-12","2024","6","Dimecres","16:15:00","Envestida","2","Can Fatjó","818460009","Ajuntament de Rubí","Tarda (14 a 22)","41.482894","2.022772","POINT (418415.879 4592826.06)"
"225/2024","2024-06-12","2024","6","Dimecres","21:20:00","Altres (incendi, explosió, esllavissada, etc.)","1","Zona Nord","818460009","Ajuntament de Rubí","Tarda (14 a 22)","41.497982","2.031093","POINT (419129.377903 4594493.297473)"
"229/2024","2024-06-13","2024","6","Dijous","06:15:00","Encalç","3","25 de Setembre","818460009","Ajuntament de Rubí","Matí (06 a 14)","41.485537","2.040075","POINT (419863.727762 4593103.26328)"
"226/2024","2024-06-14","2024","6","Divendres","00:19:00","Sortida de via amb xoc o col·lisió","1","Ca n'Oriol","818460009","Ajuntament de Rubí","Nit (22 a 06)","41.502079","2.047564","POINT (420509.167144 4594932.881595)"
"227/2024","2024-06-14","2024","6","Divendres","13:25:00","Sortida de via amb xoc o col·lisió","2","Can Serrafossà - La Perla","818460009","Ajuntament de Rubí","Matí (06 a 14)","41.486307","2.013706","POINT (417663.360998 4593213.562846)"
"230/2024","2024-06-15","2024","6","Dissabte","19:38:00","Atropellament","2","El Mercat","818460009","Ajuntament de Rubí","Tarda (14 a 22)","41.488959","2.037905","POINT (419686.746458 4593485.190215)"
"231/2024","2024-06-17","2024","6","Dilluns","09:02:00","Envestida","2","Ca n'Alzamora","818460009","Ajuntament de Rubí","Matí (06 a 14)","41.483136","2.030271","POINT (419042.281 4592845.78)"
"232/2024","2024-06-17","2024","6","Dilluns","17:40:00","Xoc sense sortida de via","3","Ca n'Oriol","818460009","Ajuntament de Rubí","Tarda (14 a 22)","41.501798","2.046708","POINT (420437.344 4594902.44)"
"273/2024","2024-06-18","2024","6","Dimarts","09:00:00","Xoc sense sortida de via","1","Centre","818460009","Ajuntament de Rubí","Matí (06 a 14)","41.495944","2.03174","POINT (419180.808306 4594266.459781)"
"233/2024","2024-06-18","2024","6","Dimarts","16:25:00","Envestida","2","Ca n'Alzamora","818460009","Ajuntament de Rubí","Tarda (14 a 22)","41.480158","2.034069","POINT (419355.668 4592511.62)"
"234/2024","2024-06-18","2024","6","Dimarts","18:10:00","Encalç","2","Les Torres","818460009","Ajuntament de Rubí","Tarda (14 a 22)","41.483369","2.030185","POINT (419035.405 4592871.74)"
"235/2024","2024-06-19","2024","6","Dimecres","13:20:00","Xoc sense sortida de via","2","Ca n'Alzamora","818460009","Ajuntament de Rubí","Matí (06 a 14)","41.481809","2.031001","POINT (419101.539 4592697.86)"
"236/2024","2024-06-20","2024","6","Dijous","21:27:00","Xoc sense sortida de via","1","Centre","818460009","Ajuntament de Rubí","Tarda (14 a 22)","41.48746","2.028726","POINT (418918.69 4593327.29)"
"238/2024","2024-06-22","2024","6","Dissabte","12:15:00","Envestida","2","Els Avets","818460009","Ajuntament de Rubí","Matí (06 a 14)","41.488086","2.019003","POINT (418107.799 4593406.04)"
"237/2024","2024-06-22","2024","6","Dissabte","19:10:00","Encalç","2","Zona Nord","818460009","Ajuntament de Rubí","Tarda (14 a 22)","41.496183","2.034659","POINT (419424.795 4594290.24)"
"244/2024","2024-06-22","2024","6","Dissabte","23:10:00","Xoc sense sortida de via","1","El Progrés - Rubí 2000","818460009","Ajuntament de Rubí","Nit (22 a 06)","41.486411","2.034134","POINT (419368.796 4593205.79)"
"239/2024","2024-06-24","2024","6","Dilluns","13:30:00","Xoc sense sortida de via","2","Ca n'Oriol","818460009","Ajuntament de Rubí","Matí (06 a 14)","41.498171","2.040178","POINT (419887.881 4594505.8)"
"240/2024","2024-06-24","2024","6","Dilluns","22:50:00","Encalç","2","Sector Z","818460009","Ajuntament de Rubí","Nit (22 a 06)","41.485156","2.042455","POINT (420061.931785 4593058.76196)"
"245/2024","2024-06-25","2024","6","Dimarts","11:51:00","Xoc sense sortida de via","2","Centre","818460009","Ajuntament de Rubí","Matí (06 a 14)","41.493251","2.035439","POINT (419486.201 4593963.98)"
"242/2024","2024-06-25","2024","6","Dimarts","17:15:00","Fregament negatiu (mateix sentit)","2","El Progrés - Rubí 2000","818460009","Ajuntament de Rubí","Tarda (14 a 22)","41.485023","2.035864","POINT (419511.561733 4593050.064458)"
"241/2024","2024-06-25","2024","6","Dimarts","19:20:00","Atropellament","3","El Progrés - Rubí 2000","818460009","Ajuntament de Rubí","Tarda (14 a 22)","41.487221","2.035526","POINT (419486.058329 4593294.491811)"
"243/2024","2024-06-25","2024","6","Dimarts","21:17:00","Fregament negatiu (mateix sentit)","2","Sant Muç","818460009","Ajuntament de Rubí","Tarda (14 a 22)","41.50549","2.032361","POINT (419244.54769 4595325.631271)"
"246/2024","2024-06-26","2024","6","Dimecres","10:15:00","Atropellament","2","Centre","818460009","Ajuntament de Rubí","Matí (06 a 14)","41.495469","2.0302","POINT (419051.64262 4594215.132393)"
"247/2024","2024-06-26","2024","6","Dimecres","20:30:00","Envestida","2","Centre","818460009","Ajuntament de Rubí","Tarda (14 a 22)","41.494331","2.031655","POINT (419171.744 4594087.4)"
"251/2024","2024-06-27","2024","6","Dijous","12:18:00","Encalç","2","Sector Z","818460009","Ajuntament de Rubí","Matí (06 a 14)","41.489975","2.040271","POINT (419885.506 4593595.8)"
"248/2024","2024-06-27","2024","6","Dijous","15:53:00","Caiguda en la via","1","Sant Muç","818460009","Ajuntament de Rubí","Tarda (14 a 22)","41.502061","2.029424","POINT (418995.103 4594947.71)"
"249/2024","2024-06-27","2024","6","Dijous","17:15:00","Encalç","2","Plana del Castell","818460009","Ajuntament de Rubí","Tarda (14 a 22)","41.495697","2.028683","POINT (418925.38 4594241.85)"
"250/2024","2024-06-28","2024","6","Divendres","01:20:00","Xoc sense sortida de via","1","Can Rosés","818460009","Ajuntament de Rubí","Nit (22 a 06)","41.507482","2.033664","POINT (419355.747923 4595545.580514)"
"252/2024","2024-06-28","2024","6","Divendres","07:33:00","Fregament negatiu (mateix sentit)","2","25 de Setembre","818460009","Ajuntament de Rubí","Matí (06 a 14)","41.484606","2.043301","POINT (420131.922 4592996.96)"
"253/2024","2024-06-28","2024","6","Divendres","16:00:00","Fregament positiu (diferent sentit)","2","Can Fatjó","818460009","Ajuntament de Rubí","Tarda (14 a 22)","41.474278","2.030325","POINT (419035.734 4591862.31)"
"254/2024","2024-06-29","2024","6","Dissabte","08:25:00","Sortida de via amb xoc o col·lisió","2","El Progrés - Rubí 2000","818460009","Ajuntament de Rubí","Matí (06 a 14)","41.485185","2.036859","POINT (419594.833176 4593067.207517)"
"255/2024","2024-06-29","2024","6","Dissabte","13:00:00","Caiguda en la via","1","Can Fatjó","818460009","Ajuntament de Rubí","Matí (06 a 14)","41.489887","2.024177","POINT (418541.976 4593601.02)"
"256/2024","2024-06-29","2024","6","Dissabte","23:38:00","Xoc sense sortida de via","1","Centre","818460009","Ajuntament de Rubí","Nit (22 a 06)","41.4941","2.029158","POINT (418963.016 4594064.08)"
"257/2024","2024-06-30","2024","6","Diumenge","07:51:00","Sortida de via amb xoc o col·lisió","1","Can Rosés","818460009","Ajuntament de Rubí","Matí (06 a 14)","41.508256","2.038554","POINT (419764.776 4595626.95)"
"258/2024","2024-06-30","2024","6","Diumenge","09:50:00","Envestida","2","El Mercat","818460009","Ajuntament de Rubí","Matí (06 a 14)","41.486001","2.040319","POINT (419884.639 4593154.53)"
"263/2024","2024-07-02","2024","7","Dimarts","14:30:00","Xoc sense sortida de via","1","25 de Setembre","818460009","Ajuntament de Rubí","Tarda (14 a 22)","41.482966","2.041205","POINT (419954.857136 4592816.771748)"
"264/2024","2024-07-02","2024","7","Dimarts","16:04:00","Xoc sense sortida de via","2","Can Rosés","818460009","Ajuntament de Rubí","Tarda (14 a 22)","41.508296","2.044369","POINT (420250.111 4595626.03)"
"259/2024","2024-07-03","2024","7","Dimecres","09:30:00","Xoc sense sortida de via","1","25 de Setembre","818460009","Ajuntament de Rubí","Matí (06 a 14)","41.483136","2.038404","POINT (419721.226 4592838.2)"
"260/2024","2024-07-03","2024","7","Dimecres","15:43:00","Envestida","2","Sant Muç","818460009","Ajuntament de Rubí","Tarda (14 a 22)","41.508904","2.017035","POINT (417969.76724 4595719.099326)"
"261/2024","2024-07-04","2024","7","Dijous","08:09:00","Envestida","2","Can Rosés","818460009","Ajuntament de Rubí","Matí (06 a 14)","41.503897","2.045056","POINT (420302.066292 4595136.993773)"
"262/2024","2024-07-04","2024","7","Dijous","09:00:00","Xoc sense sortida de via","1","Can Fatjó","818460009","Ajuntament de Rubí","Matí (06 a 14)","41.46879","2.025173","POINT (418598.671047 4591257.87075)"
"265/2024","2024-07-04","2024","7","Dijous","10:15:00","Fregament negatiu (mateix sentit)","2","Zona Nord","818460009","Ajuntament de Rubí","Matí (06 a 14)","41.49832","2.03816","POINT (419719.609553 4594524.165104)"
"266/2024","2024-07-06","2024","7","Dissabte","15:10:00","Xoc sense sortida de via","2","Zona Nord","818460009","Ajuntament de Rubí","Tarda (14 a 22)","41.496762","2.036993","POINT (419620.295111 4594352.333843)"
"269/2024","2024-07-08","2024","7","Dilluns","05:00:00","Envestida","3","Sector Z","818460009","Ajuntament de Rubí","Nit (22 a 06)","41.48935","2.041145","POINT (419957.729 4593525.62)"
"267/2024","2024-07-08","2024","7","Dilluns","21:24:00","Envestida","2","Can Fatjó","818460009","Ajuntament de Rubí","Tarda (14 a 22)","41.490558","2.026983","POINT (418777.018 4593672.88)"
"268/2024","2024-07-09","2024","7","Dimarts","17:14:00","Sortida de via amb xoc o col·lisió","1","Centre","818460009","Ajuntament de Rubí","Tarda (14 a 22)","41.49383","2.033519","POINT (419326.724 4594030.01)"
"272/2024","2024-07-10","2024","7","Dimecres","08:40:00","Encalç","2","Plana del Castell","818460009","Ajuntament de Rubí","Matí (06 a 14)","41.49412","2.028092","POINT (418874.04778 4594067.344569)"
"274/2024","2024-07-10","2024","7","Dimecres","16:38:00","Sortida de via amb xoc o col·lisió","1","Sant Muç","818460009","Ajuntament de Rubí","Tarda (14 a 22)","41.498152","2.0283","POINT (418896.427 4594514.76)"
"277/2024","2024-07-11","2024","7","Dijous","05:05:00","Envestida","2","Les Torres","818460009","Ajuntament de Rubí","Nit (22 a 06)","41.484755","2.030244","POINT (419042.057 4593025.61)"
"276/2024","2024-07-11","2024","7","Dijous","12:29:00","Caiguda en la via","1","Sector Z","818460009","Ajuntament de Rubí","Matí (06 a 14)","41.492466","2.038688","POINT (419756.477 4593873.86)"
"275/2024","2024-07-11","2024","7","Dijous","16:50:00","Xoc sense sortida de via","1","Zona Nord","818460009","Ajuntament de Rubí","Tarda (14 a 22)","41.49588","2.037537","POINT (419664.636381 4594253.851933)"
"271/2024","2024-07-11","2024","7","Dijous","17:15:00","Encalç","2","Can Fatjó","818460009","Ajuntament de Rubí","Tarda (14 a 22)","41.464316","2.009797","POINT (417309.006722 4590775.779881)"
"270/2024","2024-07-11","2024","7","Dijous","21:47:00","Caiguda en la via","1","Centre","818460009","Ajuntament de Rubí","Tarda (14 a 22)","41.49327","2.035453","POINT (419487.456 4593966.08)"
"278/2024","2024-07-12","2024","7","Divendres","20:20:00","Caiguda en la via","1","Sector Z","818460009","Ajuntament de Rubí","Tarda (14 a 22)","41.489117","2.042752","POINT (420091.577064 4593498.235655)"
"280/2024","2024-07-13","2024","7","Dissabte","10:05:00","Xoc sense sortida de via","1","Zona Nord","818460009","Ajuntament de Rubí","Matí (06 a 14)","41.496055","2.037492","POINT (419661.055 4594273.33)"
"279/2024","2024-07-13","2024","7","Dissabte","11:30:00","Col·lisió frontal","2","Sant Muç","818460009","Ajuntament de Rubí","Matí (06 a 14)","41.507814","2.002081","POINT (416720.431 4595612.39)"
"281/2024","2024-07-13","2024","7","Dissabte","16:41:00","Caiguda en la via","1","Els Avets","818460009","Ajuntament de Rubí","Tarda (14 a 22)","41.488362","2.0195","POINT (418149.569 4593436.13)"
"282/2024","2024-07-14","2024","7","Diumenge","14:41:00","Xoc sense sortida de via","2","Zona Nord","818460009","Ajuntament de Rubí","Tarda (14 a 22)","41.497609","2.036027","POINT (419540.74 4594447.32)"
"283/2024","2024-07-15","2024","7","Dilluns","08:15:00","Envestida","2","Can Fatjó","818460009","Ajuntament de Rubí","Matí (06 a 14)","41.48707","2.023261","POINT (418461.981 4593289.15)"
"284/2024","2024-07-15","2024","7","Dilluns","14:50:00","Xoc sense sortida de via","1","Les Torres","818460009","Ajuntament de Rubí","Tarda (14 a 22)","41.4858","2.031977","POINT (419188.009 4593139.99)"
"285/2024","2024-07-16","2024","7","Dimarts","15:20:00","Xoc sense sortida de via","1","Centre","818460009","Ajuntament de Rubí","Tarda (14 a 22)","41.490544","2.034165","POINT (419376.495 4593664.6)"
"286/2024","2024-07-17","2024","7","Dimecres","14:15:00","Encalç","2","Sector Z","818460009","Ajuntament de Rubí","Tarda (14 a 22)","41.487984","2.039912","POINT (419853.16 4593375.08)"
"287/2024","2024-07-19","2024","7","Divendres","08:00:00","Xoc sense sortida de via","2","Les Torres","818460009","Ajuntament de Rubí","Matí (06 a 14)","41.485999","2.030554","POINT (419069.479833 4593163.44287)"
"288/2024","2024-07-21","2024","7","Diumenge","03:45:00","Xoc sense sortida de via","2","Ca n'Oriol","818460009","Ajuntament de Rubí","Nit (22 a 06)","41.502117","2.046123","POINT (420388.933 4594938.44)"
"290/2024","2024-07-21","2024","7","Diumenge","18:33:00","Xoc sense sortida de via","2","El Mercat","818460009","Ajuntament de Rubí","Tarda (14 a 22)","41.487359","2.037216","POINT (419627.247 4593308.21)"
"289/2024","2024-07-21","2024","7","Diumenge","23:22:00","Envestida","2","El Progrés - Rubí 2000","818460009","Ajuntament de Rubí","Nit (22 a 06)","41.488052","2.034202","POINT (419376.541 4593387.97)"
"291/2024","2024-07-22","2024","7","Dilluns","10:10:00","Atropellament","2","Sant Jordi Parc","818460009","Ajuntament de Rubí","Matí (06 a 14)","41.48947","2.02077","POINT (418256.977546 4593557.977232)"
"293/2024","2024-07-22","2024","7","Dilluns","18:10:00","Envestida","2","Can Fatjó","818460009","Ajuntament de Rubí","Tarda (14 a 22)","41.463131","2.009251","POINT (417261.931 4590644.76)"
"294/2024","2024-07-22","2024","7","Dilluns","20:03:00","Envestida","2","Plana del Castell","818460009","Ajuntament de Rubí","Tarda (14 a 22)","41.498063","2.02819","POINT (418887.138 4594505.05)"
"295/2024","2024-07-22","2024","7","Dilluns","20:10:00","Encalç","2","Sant Muç","818460009","Ajuntament de Rubí","Tarda (14 a 22)","41.509477","2.013306","POINT (417659.316 4595786.28)"
"292/2024","2024-07-22","2024","7","Dilluns","20:15:00","Envestida","3","Ca n'Alzamora","818460009","Ajuntament de Rubí","Tarda (14 a 22)","41.478329","2.036942","POINT (419593.244 4592305.92)"
"297/2024","2024-07-26","2024","7","Divendres","13:50:00","Envestida","2","Centre","818460009","Ajuntament de Rubí","Matí (06 a 14)","41.491927","2.030186","POINT (419046.124 4593821.91)"
"296/2024","2024-07-26","2024","7","Divendres","16:24:00","Sortida de via amb xoc o col·lisió","1","El Mercat","818460009","Ajuntament de Rubí","Tarda (14 a 22)","41.48789","2.038329","POINT (419720.837751 4593366.070614)"
"298/2024","2024-07-28","2024","7","Diumenge","13:30:00","Xoc sense sortida de via","3","Can Fatjó","818460009","Ajuntament de Rubí","Matí (06 a 14)","41.472001","2.024446","POINT (418541.97 4591615.04)"
"299/2024","2024-07-29","2024","7","Dilluns","07:50:00","Encalç","2","Centre","818460009","Ajuntament de Rubí","Matí (06 a 14)","41.494461","2.031663","POINT (419172.578 4594101.89)"
"300/2024","2024-07-29","2024","7","Dilluns","12:20:00","Envestida","2","El Mercat","818460009","Ajuntament de Rubí","Matí (06 a 14)","41.486768","2.040088","POINT (419866.328 4593239.96)"
"303/2024","2024-08-01","2024","8","Dijous","15:10:00","Atropellament","2","Can Rosés","818460009","Ajuntament de Rubí","Tarda (14 a 22)","41.505789","2.038468","POINT (419754.567 4595353.19)"
"301/2024","2024-08-02","2024","8","Divendres","15:28:00","Envestida","2","Can Fatjó","818460009","Ajuntament de Rubí","Tarda (14 a 22)","41.480349","2.026509","POINT (418724.658436 4592539.943693)"
"302/2024","2024-08-02","2024","8","Divendres","19:21:00","Xoc sense sortida de via","1","Ca n'Oriol","818460009","Ajuntament de Rubí","Tarda (14 a 22)","41.493372","2.041801","POINT (420017.415983 4593971.564456)"
"304/2024","2024-08-03","2024","8","Dissabte","00:30:00","Xoc sense sortida de via","2","El Mercat","818460009","Ajuntament de Rubí","Nit (22 a 06)","41.488585","2.037637","POINT (419663.915 4593443.89)"
"305/2024","2024-08-04","2024","8","Diumenge","02:38:00","Fregament negatiu (mateix sentit)","2","Can Rosés","818460009","Ajuntament de Rubí","Nit (22 a 06)","41.506537","2.036156","POINT (419562.535 4595438.29)"
"306/2024","2024-08-05","2024","8","Dilluns","01:26:00","Caiguda en la via","1","Centre","818460009","Ajuntament de Rubí","Nit (22 a 06)","41.493881","2.033302","POINT (419308.653 4594035.9)"
"307/2024","2024-08-05","2024","8","Dilluns","18:00:00","Xoc sense sortida de via","1","Castellnou - Can Mir","818460009","Ajuntament de Rubí","Tarda (14 a 22)","41.522746","2.008333","POINT (417261.141583 4597264.120701)"
"308/2024","2024-08-05","2024","8","Dilluns","21:05:00","Caiguda en la via","1","Can Fatjó","818460009","Ajuntament de Rubí","Tarda (14 a 22)","41.470371","2.016388","POINT (417867.121 4591441.71)"
"309/2024","2024-08-05","2024","8","Dilluns","21:14:00","Caiguda en la via","1","Can Fatjó","818460009","Ajuntament de Rubí","Tarda (14 a 22)","41.474294","2.030357","POINT (419038.442 4591864.07)"
"310/2024","2024-08-06","2024","8","Dimarts","14:00:00","Caiguda en la via","1","Ca n'Alzamora","818460009","Ajuntament de Rubí","Tarda (14 a 22)","41.483468","2.033698","POINT (419328.799347 4592879.445263)"
"311/2024","2024-08-09","2024","8","Divendres","17:35:00","Caiguda en la via","2","Can Fatjó","818460009","Ajuntament de Rubí","Tarda (14 a 22)","41.473771","2.025948","POINT (418669.603 4591810.2)"
"312/2024","2024-08-09","2024","8","Divendres","18:56:00","Caiguda en la via","1","Plana de Can Bertran","818460009","Ajuntament de Rubí","Tarda (14 a 22)","41.489742","2.038447","POINT (419732.964 4593571.62)"
"313/2024","2024-08-12","2024","8","Dilluns","16:43:00","Envestida","2","Can Rosés","818460009","Ajuntament de Rubí","Tarda (14 a 22)","41.506806","2.035909","POINT (419542.274 4595468.4)"
"314/2024","2024-08-13","2024","8","Dimarts","17:20:00","Sortida de via amb xoc o col·lisió","1","Sant Muç","818460009","Ajuntament de Rubí","Tarda (14 a 22)","41.504597","2.01111","POINT (417469.805823 4595246.570255)"
"315/2024","2024-08-14","2024","8","Dimecres","10:50:00","Xoc sense sortida de via","2","Can Fatjó","818460009","Ajuntament de Rubí","Matí (06 a 14)","41.468642","2.024746","POINT (418562.85 4591241.91)"
"316/2024","2024-08-15","2024","8","Dijous","10:00:00","Xoc sense sortida de via","1","Ca n'Alzamora","818460009","Ajuntament de Rubí","Matí (06 a 14)","41.482513","2.030577","POINT (419067.033 4592776.34)"
"317/2024","2024-08-15","2024","8","Dijous","11:15:00","Xoc sense sortida de via","1","Can Vallhonrat","818460009","Ajuntament de Rubí","Matí (06 a 14)","41.475077","2.03082","POINT (419078.049 4591950.65)"
"318/2024","2024-08-16","2024","8","Divendres","10:40:00","Envestida","2","Centre","818460009","Ajuntament de Rubí","Matí (06 a 14)","41.486187","2.032066","POINT (419195.879 4593182.85)"
"323/2024","2024-08-16","2024","8","Divendres","15:47:00","Encalç","2","Zona Nord","818460009","Ajuntament de Rubí","Tarda (14 a 22)","41.499502","2.032894","POINT (419281.602 4594660.33)"
"319/2024","2024-08-16","2024","8","Divendres","22:52:00","Xoc sense sortida de via","3","Zona Nord","818460009","Ajuntament de Rubí","Nit (22 a 06)","41.497877","2.031685","POINT (419178.656321 4594481.081203)"
"320/2024","2024-08-17","2024","8","Dissabte","15:30:00","Xoc sense sortida de via","2","Centre","818460009","Ajuntament de Rubí","Tarda (14 a 22)","41.490051","2.034767","POINT (419426.168796 4593609.288312)"
"322/2024","2024-08-17","2024","8","Dissabte","16:35:00","Xoc sense sortida de via","3","Centre","818460009","Ajuntament de Rubí","Tarda (14 a 22)","41.487544","2.029888","POINT (419015.749 4593335.57)"
"321/2024","2024-08-18","2024","8","Diumenge","04:45:00","Sortida de via amb xoc o col·lisió","1","Sant Muç","818460009","Ajuntament de Rubí","Nit (22 a 06)","41.507894","2.032717","POINT (419277.251 4595592.25)"
"324/2024","2024-08-18","2024","8","Diumenge","13:05:00","Xoc sense sortida de via","4","Sant Muç","818460009","Ajuntament de Rubí","Matí (06 a 14)","41.512495","2.015291","POINT (417828.758434 4596119.411462)"
"325/2024","2024-08-20","2024","8","Dimarts","13:51:00","Encalç","3","25 de Setembre","818460009","Ajuntament de Rubí","Matí (06 a 14)","41.485527","2.039836","POINT (419843.75 4593102.33)"
"326/2024","2024-08-20","2024","8","Dimarts","15:37:00","Fregament positiu (diferent sentit)","2","Sant Muç","818460009","Ajuntament de Rubí","Tarda (14 a 22)","41.504769","2.015997","POINT (417877.874 4595261)"
"327/2024","2024-08-20","2024","8","Dimarts","18:31:00","Caiguda en la via","1","Sector Z","818460009","Ajuntament de Rubí","Tarda (14 a 22)","41.489752","2.039222","POINT (419797.66543 4593571.988634)"
"328/2024","2024-08-22","2024","8","Dijous","11:00:00","Encalç","2","El Mercat","818460009","Ajuntament de Rubí","Matí (06 a 14)","41.487974","2.034509","POINT (419402.081 4593378.99)"
"330/2024","2024-08-22","2024","8","Dijous","12:00:00","Encalç","3","Plana de Can Bertran","818460009","Ajuntament de Rubí","Matí (06 a 14)","41.491012","2.038599","POINT (419747.20606 4593712.471937)"
"329/2024","2024-08-24","2024","8","Dissabte","02:00:00","Sortida de via amb xoc o col·lisió","1","Can Serrafossà - La Perla","818460009","Ajuntament de Rubí","Nit (22 a 06)","41.483458","2.0142","POINT (417700.945216 4592896.755781)"
"331/2024","2024-08-24","2024","8","Dissabte","02:00:00","Sortida de via amb xoc o col·lisió","1","Can Serrafossà - La Perla","818460009","Ajuntament de Rubí","Nit (22 a 06)","41.483458","2.0142","POINT (417700.945216 4592896.755781)"
"332/2024","2024-08-27","2024","8","Dimarts","14:27:00","Xoc sense sortida de via","1","Centre","818460009","Ajuntament de Rubí","Tarda (14 a 22)","41.489522","2.031903","POINT (419186.467031 4593553.274752)"
"333/2024","2024-08-27","2024","8","Dimarts","17:13:00","Col·lisió frontal","2","Sector Z","818460009","Ajuntament de Rubí","Tarda (14 a 22)","41.48597","2.041682","POINT (419998.391871 4593149.814462)"
"334/2024","2024-08-28","2024","8","Dimecres","19:00:00","Xoc sense sortida de via","2","El Progrés - Rubí 2000","818460009","Ajuntament de Rubí","Tarda (14 a 22)","41.487819","2.034158","POINT (419372.557 4593362.14)"
"335/2024","2024-08-30","2024","8","Divendres","21:41:00","Envestida","2","Ca n'Oriol","818460009","Ajuntament de Rubí","Tarda (14 a 22)","41.497388","2.04357","POINT (420170.01 4594415.79)"
"336/2024","2024-08-31","2024","8","Dissabte","13:40:00","Xoc sense sortida de via","2","El Progrés - Rubí 2000","818460009","Ajuntament de Rubí","Matí (06 a 14)","41.486078","2.036082","POINT (419531.059 4593167.05)"
"337/2024","2024-08-31","2024","8","Dissabte","20:30:00","Envestida","2","Can Fatjó","818460009","Ajuntament de Rubí","Tarda (14 a 22)","41.48289","2.022815","POINT (418419.457 4592825.57)"
"338/2024","2024-09-02","2024","9","Dilluns","14:15:00","Fregament negatiu (mateix sentit)","2","Can Rosés","818460009","Ajuntament de Rubí","Tarda (14 a 22)","41.508867","2.046096","POINT (420394.962 4595687.77)"
"340/2024","2024-09-02","2024","9","Dilluns","23:30:00","Sortida de via amb xoc o col·lisió","1","Can Fatjó","818460009","Ajuntament de Rubí","Nit (22 a 06)","41.468522","2.028565","POINT (418881.643 4591224.94)"
"341/2024","2024-09-03","2024","9","Dimarts","00:30:00","Xoc sense sortida de via","1","Castellnou - Can Mir","818460009","Ajuntament de Rubí","Nit (22 a 06)","41.517388","2.000821","POINT (416627.500473 4596676.541594)"
"339/2024","2024-09-03","2024","9","Dimarts","13:24:00","Encalç","2","Can Fatjó","818460009","Ajuntament de Rubí","Matí (06 a 14)","41.464687","2.008202","POINT (417176.328 4590818.48)"
"342/2024","2024-09-04","2024","9","Dimecres","11:45:00","Encalç","2","Can Vallhonrat","818460009","Ajuntament de Rubí","Matí (06 a 14)","41.474479","2.033254","POINT (419280.545 4591881.89)"
"343/2024","2024-09-05","2024","9","Dijous","15:35:00","Xoc sense sortida de via","1","Can Rosés","818460009","Ajuntament de Rubí","Tarda (14 a 22)","41.50023","2.043652","POINT (420180.377906 4594731.17469)"
"344/2024","2024-09-07","2024","9","Dissabte","10:55:00","Envestida","2","Sant Muç","818460009","Ajuntament de Rubí","Matí (06 a 14)","41.501861","2.029288","POINT (418983.526151 4594925.571985)"
"345/2024","2024-09-07","2024","9","Dissabte","11:30:00","Sortida de via amb xoc o col·lisió","1","Castellnou - Can Mir","818460009","Ajuntament de Rubí","Matí (06 a 14)","41.524439","2.000247","POINT (416588.672 4597459.91)"
"346/2024","2024-09-07","2024","9","Dissabte","19:40:00","Xoc sense sortida de via","2","El Progrés - Rubí 2000","818460009","Ajuntament de Rubí","Tarda (14 a 22)","41.487324","2.036235","POINT (419545.348001 4593305.222994)"
"347/2024","2024-09-09","2024","9","Dilluns","15:00:00","Envestida","2","El Progrés - Rubí 2000","818460009","Ajuntament de Rubí","Tarda (14 a 22)","41.486232","2.035327","POINT (419468.217 4593184.82)"
"348/2024","2024-09-09","2024","9","Dilluns","21:05:00","Caiguda en la via","1","El Mercat","818460009","Ajuntament de Rubí","Tarda (14 a 22)","41.488094","2.034944","POINT (419438.504 4593391.96)"
"350/2024","2024-09-10","2024","9","Dimarts","19:10:00","Xoc sense sortida de via","2","25 de Setembre","818460009","Ajuntament de Rubí","Tarda (14 a 22)","41.485044","2.041209","POINT (419957.803 4593047.52)"
"349/2024","2024-09-10","2024","9","Dimarts","20:46:00","Encalç","2","Can Vallhonrat","818460009","Ajuntament de Rubí","Tarda (14 a 22)","41.4748","2.035303","POINT (419452.046 4591915.68)"
"351/2024","2024-09-12","2024","9","Dijous","09:30:00","Xoc sense sortida de via","1","El Progrés - Rubí 2000","818460009","Ajuntament de Rubí","Matí (06 a 14)","41.485676","2.038301","POINT (419715.800633 4593120.318281)"
"352/2024","2024-09-13","2024","9","Divendres","07:00:00","Atropellament","2","Can Fatjó","818460009","Ajuntament de Rubí","Matí (06 a 14)","41.482866","2.023051","POINT (418439.132 4592822.67)"
"353/2024","2024-09-13","2024","9","Divendres","09:45:00","Fregament negatiu (mateix sentit)","2","Ca n'Oriol","818460009","Ajuntament de Rubí","Matí (06 a 14)","41.498128","2.039339","POINT (419817.813466 4594501.799065)"
"355/2024","2024-09-13","2024","9","Divendres","11:15:00","Xoc sense sortida de via","2","Can Rosés","818460009","Ajuntament de Rubí","Matí (06 a 14)","41.507189","2.034614","POINT (419434.633 4595512.2)"
"354/2024","2024-09-13","2024","9","Divendres","12:41:00","Altres (incendi, explosió, esllavissada, etc.)","2","Can Vallhonrat","818460009","Ajuntament de Rubí","Matí (06 a 14)","41.474358","2.035351","POINT (419455.53 4591866.55)"
"356/2024","2024-09-14","2024","9","Dissabte","06:15:00","Xoc sense sortida de via","3","Plana de Can Bertran","818460009","Ajuntament de Rubí","Matí (06 a 14)","41.489714","2.037492","POINT (419653.219 4593569.38)"
"357/2024","2024-09-14","2024","9","Dissabte","06:25:00","Sortida de via amb bolcada","1","Sant Jordi Parc","818460009","Ajuntament de Rubí","Matí (06 a 14)","41.489269","2.017971","POINT (418023.085 4593538.3)"
"359/2024","2024-09-14","2024","9","Dissabte","07:10:00","Encalç","2","Zona Nord","818460009","Ajuntament de Rubí","Matí (06 a 14)","41.501812","2.033093","POINT (419301.036 4594916.62)"
"358/2024","2024-09-14","2024","9","Dissabte","11:05:00","Atropellament","2","Ca n'Alzamora","818460009","Ajuntament de Rubí","Matí (06 a 14)","41.483087","2.030443","POINT (419056.552 4592840.27)"
"360/2024","2024-09-14","2024","9","Dissabte","11:30:00","Atropellament","2","Zona Nord","818460009","Ajuntament de Rubí","Matí (06 a 14)","41.498237","2.037732","POINT (419683.759088 4594515.414735)"
"361/2024","2024-09-14","2024","9","Dissabte","23:57:00","Col·lisió frontal","2","Can Rosés","818460009","Ajuntament de Rubí","Nit (22 a 06)","41.507637","2.042803","POINT (420118.578 4595554.33)"
"362/2024","2024-09-15","2024","9","Diumenge","02:15:00","Sortida de via amb atropellament","3","Can Fatjó","818460009","Ajuntament de Rubí","Nit (22 a 06)","41.47099","2.008612","POINT (417218.580272 4591517.919709)"
"363/2024","2024-09-15","2024","9","Diumenge","11:40:00","Caiguda en la via","1","Ca n'Oriol","818460009","Ajuntament de Rubí","Matí (06 a 14)","41.497395","2.039199","POINT (419805.215997 4594420.594976)"
"364/2024","2024-09-16","2024","9","Dilluns","12:20:00","Col·lisió frontal","2","Can Ximelis - D4","818460009","Ajuntament de Rubí","Matí (06 a 14)","41.495219","2.012811","POINT (417599.934784 4594203.768164)"
"365/2024","2024-09-16","2024","9","Dilluns","17:03:00","Xoc sense sortida de via","2","Zona Nord","818460009","Ajuntament de Rubí","Tarda (14 a 22)","41.501491","2.032589","POINT (419258.551 4594881.41)"
"366/2024","2024-09-18","2024","9","Dimecres","09:30:00","Envestida","2","Ca n'Oriol","818460009","Ajuntament de Rubí","Matí (06 a 14)","41.499518","2.038921","POINT (419784.658 4594656.51)"
"367/2024","2024-09-18","2024","9","Dimecres","11:35:00","Xoc sense sortida de via","2","Can Rosés","818460009","Ajuntament de Rubí","Matí (06 a 14)","41.508348","2.039201","POINT (419818.912847 4595636.552056)"
"369/2024","2024-09-19","2024","9","Dijous","13:10:00","Xoc sense sortida de via","2","Centre","818460009","Ajuntament de Rubí","Matí (06 a 14)","41.496259","2.031537","POINT (419164.291 4594301.63)"
"368/2024","2024-09-20","2024","9","Divendres","11:07:00","Encalç","2","El Progrés - Rubí 2000","818460009","Ajuntament de Rubí","Matí (06 a 14)","41.484687","2.036623","POINT (419574.457 4593012.07)"
"370/2024","2024-09-21","2024","9","Dissabte","10:00:00","Xoc sense sortida de via","1","El Mercat","818460009","Ajuntament de Rubí","Matí (06 a 14)","41.488156","2.037692","POINT (419668.023874 4593396.259929)"
"376/2024","2024-09-21","2024","9","Dissabte","20:10:00","Xoc sense sortida de via","2","Sant Jordi Parc","818460009","Ajuntament de Rubí","Tarda (14 a 22)","41.491582","2.018451","POINT (418066.079 4593794.69)"
"371/2024","2024-09-22","2024","9","Diumenge","09:30:00","Atropellament","2","El Mercat","818460009","Ajuntament de Rubí","Matí (06 a 14)","41.489278","2.036954","POINT (419607.787 4593521.48)"
"372/2024","2024-09-23","2024","9","Dilluns","12:22:00","Sortida de via amb xoc o col·lisió","1","Sector Z","818460009","Ajuntament de Rubí","Matí (06 a 14)","41.490047","2.042931","POINT (420107.706 4593601.37)"
"373/2024","2024-09-23","2024","9","Dilluns","15:56:00","Xoc sense sortida de via","1","Les Torres","818460009","Ajuntament de Rubí","Tarda (14 a 22)","41.485303","2.030375","POINT (419053.599046 4593086.324017)"
"374/2024","2024-09-23","2024","9","Dilluns","17:14:00","Envestida","4","Can Fatjó","818460009","Ajuntament de Rubí","Tarda (14 a 22)","41.48271","2.027004","POINT (418769.006 4592801.55)"
"375/2024","2024-09-24","2024","9","Dimarts","10:53:00","Envestida","2","Plana de Can Bertran","818460009","Ajuntament de Rubí","Matí (06 a 14)","41.491846","2.03855","POINT (419744.22033 4593805.108037)"
"379/2024","2024-09-24","2024","9","Dimarts","11:55:00","Sortida de via amb xoc o col·lisió","1","Plana del Castell","818460009","Ajuntament de Rubí","Matí (06 a 14)","41.492868","2.02805","POINT (418869.013 4593928.39)"
"377/2024","2024-09-25","2024","9","Dimecres","09:30:00","Encalç","2","Ca n'Oriol","818460009","Ajuntament de Rubí","Matí (06 a 14)","41.500157","2.043377","POINT (420157.31025 4594723.29104)"
"378/2024","2024-09-25","2024","9","Dimecres","16:00:00","Encalç","3","Plana de Can Bertran","818460009","Ajuntament de Rubí","Tarda (14 a 22)","41.493342","2.037889","POINT (419690.839 4593971.85)"
"381/2024","2024-09-27","2024","9","Divendres","11:00:00","Envestida","2","Zona Nord","818460009","Ajuntament de Rubí","Matí (06 a 14)","41.495876","2.03301","POINT (419286.748911 4594257.69055)"
"382/2024","2024-09-28","2024","9","Dissabte","21:01:00","Xoc sense sortida de via","1","Plana del Castell","818460009","Ajuntament de Rubí","Tarda (14 a 22)","41.492924","2.028565","POINT (418912.071 4593934.16)"
"380/2024","2024-09-29","2024","9","Diumenge","12:40:00","Encalç","2","Les Torres","818460009","Ajuntament de Rubí","Matí (06 a 14)","41.485303","2.030375","POINT (419053.599046 4593086.324017)"
"383/2024","2024-09-29","2024","9","Diumenge","19:50:00","Fregament negatiu (mateix sentit)","2","El Mercat","818460009","Ajuntament de Rubí","Tarda (14 a 22)","41.486375","2.040163","POINT (419872.113 4593196.17)"
"384/2024","2024-09-29","2024","9","Diumenge","20:55:00","Xoc sense sortida de via","3","Ca n'Oriol","818460009","Ajuntament de Rubí","Tarda (14 a 22)","41.496482","2.039359","POINT (419817.404 4594319.1)"
"385/2024","2024-10-01","2024","10","Dimarts","19:30:00","Envestida","2","Sant Muç","818460009","Ajuntament de Rubí","Tarda (14 a 22)","41.50855","2.015202","POINT (417816.325385 4595681.539086)"
"386/2024","2024-10-02","2024","10","Dimecres","15:30:00","Encalç","2","Can Rosés","818460009","Ajuntament de Rubí","Tarda (14 a 22)","41.50726","2.035786","POINT (419532.539 4595518.92)"
"387/2024","2024-10-03","2024","10","Dijous","00:41:00","Sortida de via amb xoc o col·lisió","1","Can Fatjó","818460009","Ajuntament de Rubí","Nit (22 a 06)","41.483031","2.027879","POINT (418842.408 4592836.42)"
"388/2024","2024-10-03","2024","10","Dijous","04:50:00","Atropellament","2","Can Rosés","818460009","Ajuntament de Rubí","Nit (22 a 06)","41.505026","2.036131","POINT (419558.59885 4595270.624919)"
"389/2024","2024-10-03","2024","10","Dijous","04:50:00","Envestida","2","Can Rosés","818460009","Ajuntament de Rubí","Nit (22 a 06)","41.50914","2.04585","POINT (420374.704 4595718.32)"
"391/2024","2024-10-04","2024","10","Divendres","08:00:00","Atropellament","3","Plana de Can Bertran","818460009","Ajuntament de Rubí","Matí (06 a 14)","41.492382","2.037647","POINT (419669.502 4593865.46)"
"390/2024","2024-10-04","2024","10","Divendres","13:30:00","Xoc sense sortida de via","2","Zona Nord","818460009","Ajuntament de Rubí","Matí (06 a 14)","41.497181","2.034804","POINT (419438.121352 4594400.89648)"
"392/2024","2024-10-04","2024","10","Divendres","18:34:00","Fregament negatiu (mateix sentit)","3","Ca n'Oriol","818460009","Ajuntament de Rubí","Tarda (14 a 22)","41.499403","2.039064","POINT (419796.382 4594643.66)"
"393/2024","2024-10-06","2024","10","Diumenge","03:25:00","Xoc sense sortida de via","2","Ca n'Oriol","818460009","Ajuntament de Rubí","Nit (22 a 06)","41.499287","2.04258","POINT (420089.733 4594627.47)"
"394/2024","2024-10-07","2024","10","Dilluns","04:25:00","Xoc sense sortida de via","1","El Progrés - Rubí 2000","818460009","Ajuntament de Rubí","Nit (22 a 06)","41.486354","2.034236","POINT (419377.235 4593199.45)"
"395/2024","2024-10-07","2024","10","Dilluns","13:01:00","Caiguda en la via","1","Can Rosés","818460009","Ajuntament de Rubí","Matí (06 a 14)","41.50734","2.035786","POINT (419532.639 4595527.84)"
"396/2024","2024-10-07","2024","10","Dilluns","17:30:00","Fregament positiu (diferent sentit)","2","El Mercat","818460009","Ajuntament de Rubí","Tarda (14 a 22)","41.489855","2.034397","POINT (419395.008 4593587.88)"
"397/2024","2024-10-08","2024","10","Dimarts","16:30:00","Envestida","2","Centre","818460009","Ajuntament de Rubí","Tarda (14 a 22)","41.487958","2.028694","POINT (418916.624 4593382.64)"
"398/2024","2024-10-09","2024","10","Dimecres","23:30:00","Caiguda en la via","2","Castellnou - Can Mir","818460009","Ajuntament de Rubí","Nit (22 a 06)","41.528428","2.002462","POINT (416778.650785 4597900.560633)"
"399/2024","2024-10-10","2024","10","Dijous","06:05:00","Caiguda en la via","1","Zona Nord","818460009","Ajuntament de Rubí","Matí (06 a 14)","41.50333","2.036864","POINT (419617.69036 4595081.691016)"
"400/2024","2024-10-10","2024","10","Dijous","16:20:00","Xoc sense sortida de via","1","Centre","818460009","Ajuntament de Rubí","Tarda (14 a 22)","41.491878","2.028571","POINT (418911.213 4593817.94)"
"401/2024","2024-10-10","2024","10","Dijous","19:25:00","Envestida","2","Les Torres","818460009","Ajuntament de Rubí","Tarda (14 a 22)","41.484108","2.029901","POINT (419012.59 4592954.1)"
"402/2024","2024-10-10","2024","10","Dijous","19:50:00","Caiguda en la via","2","Centre","818460009","Ajuntament de Rubí","Tarda (14 a 22)","41.494371","2.030239","POINT (419053.581 4594093.18)"
"403/2024","2024-10-12","2024","10","Dissabte","10:40:00","Caiguda en la via","1","Els Avets","818460009","Ajuntament de Rubí","Matí (06 a 14)","41.489121","2.01818","POINT (418040.363 4593521.7)"
"404/2024","2024-10-13","2024","10","Diumenge","01:50:00","Xoc sense sortida de via","2","Sant Muç","818460009","Ajuntament de Rubí","Nit (22 a 06)","41.499168","2.028201","POINT (418889.412 4594627.7)"
"405/2024","2024-10-14","2024","10","Dilluns","08:04:00","Xoc sense sortida de via","1","Centre","818460009","Ajuntament de Rubí","Matí (06 a 14)","41.492923","2.033061","POINT (419287.356462 4593929.797706)"
"407/2024","2024-10-14","2024","10","Dilluns","10:45:00","Xoc sense sortida de via","2","Can Barceló - Vallespark","818460009","Ajuntament de Rubí","Matí (06 a 14)","41.527018","1.993062","POINT (415992.601 4597753.12)"
"406/2024","2024-10-14","2024","10","Dilluns","12:55:00","Encalç","2","Sant Muç","818460009","Ajuntament de Rubí","Matí (06 a 14)","41.507611","2.033143","POINT (419312.448793 4595560.360429)"
"409/2024","2024-10-14","2024","10","Dilluns","14:00:00","Encalç","2","Centre","818460009","Ajuntament de Rubí","Tarda (14 a 22)","41.489524","2.033058","POINT (419282.828506 4593552.479797)"
"408/2024","2024-10-15","2024","10","Dimarts","16:00:00","Envestida","2","Les Torres","818460009","Ajuntament de Rubí","Tarda (14 a 22)","41.485303","2.030375","POINT (419053.599046 4593086.324017)"
"414/2024","2024-10-15","2024","10","Dimarts","19:00:00","Xoc sense sortida de via","2","Can Solà","818460009","Ajuntament de Rubí","Tarda (14 a 22)","41.536077","2.001552","POINT (416712.537261 4598750.743628)"
"413/2024","2024-10-15","2024","10","Dimarts","19:15:00","Xoc sense sortida de via","3","Can Solà","818460009","Ajuntament de Rubí","Tarda (14 a 22)","41.529836","2.010036","POINT (417412.324733 4598049.690195)"
"410/2024","2024-10-16","2024","10","Dimecres","12:47:00","Fregament negatiu (mateix sentit)","2","El Progrés - Rubí 2000","818460009","Ajuntament de Rubí","Matí (06 a 14)","41.487506","2.033639","POINT (419328.866465 4593327.824852)"
"411/2024","2024-10-16","2024","10","Dimecres","12:57:00","Encalç","2","Can Rosés","818460009","Ajuntament de Rubí","Matí (06 a 14)","41.506231","2.03621","POINT (419566.634 4595404.35)"
"412/2024","2024-10-16","2024","10","Dimecres","15:49:00","Col·lisió frontal","2","Can Fatjó","818460009","Ajuntament de Rubí","Tarda (14 a 22)","41.490982","2.02779","POINT (418844.941 4593719.19)"
"420/2024","2024-10-17","2024","10","Dijous","07:10:00","Envestida","2","Can Fatjó","818460009","Ajuntament de Rubí","Matí (06 a 14)","41.487677","2.023222","POINT (418459.495 4593356.55)"
"422/2024","2024-10-17","2024","10","Dijous","13:40:00","Envestida","3","Sector Z","818460009","Ajuntament de Rubí","Matí (06 a 14)","41.489189","2.042642","POINT (420082.458095 4593506.347738)"
"417/2024","2024-10-18","2024","10","Divendres","04:00:00","Sortida de via amb xoc o col·lisió","1","Can Fatjó","818460009","Ajuntament de Rubí","Nit (22 a 06)","41.479502","2.02289","POINT (418421.478 4592449.37)"
"423/2024","2024-10-18","2024","10","Divendres","06:50:00","Atropellament","2","Can Fatjó","818460009","Ajuntament de Rubí","Matí (06 a 14)","41.490132","2.025378","POINT (418642.505065 4593627.138335)"
"419/2024","2024-10-18","2024","10","Divendres","09:25:00","Xoc sense sortida de via","1","Can Rosés","818460009","Ajuntament de Rubí","Matí (06 a 14)","41.509517","2.038586","POINT (419769.02 4595766.96)"
"415/2024","2024-10-18","2024","10","Divendres","11:51:00","Envestida","2","Ca n'Alzamora","818460009","Ajuntament de Rubí","Matí (06 a 14)","41.480917","2.030904","POINT (419092.368 4592598.9)"
"424/2024","2024-10-18","2024","10","Divendres","14:00:00","Encalç","2","Sant Muç","818460009","Ajuntament de Rubí","Tarda (14 a 22)","41.509131","2.011103","POINT (417475.004805 4595749.947395)"
"416/2024","2024-10-19","2024","10","Dissabte","12:50:00","Envestida","2","Zona Nord","818460009","Ajuntament de Rubí","Matí (06 a 14)","41.494207","2.038496","POINT (419742.579346 4594067.248098)"
"418/2024","2024-10-19","2024","10","Dissabte","19:40:00","Fregament negatiu (mateix sentit)","2","Sant Muç","818460009","Ajuntament de Rubí","Tarda (14 a 22)","41.507066","2.009946","POINT (417375.85322 4595521.750956)"
"421/2024","2024-10-21","2024","10","Dilluns","05:25:00","Caiguda en la via","2","Can Fatjó","818460009","Ajuntament de Rubí","Nit (22 a 06)","41.474398","2.030397","POINT (419041.931 4591875.63)"
"425/2024","2024-10-21","2024","10","Dilluns","11:24:00","Sortida de via amb xoc o col·lisió","1","Els Avets","818460009","Ajuntament de Rubí","Matí (06 a 14)","41.486545","2.019615","POINT (418156.911 4593234.37)"
"428/2024","2024-10-22","2024","10","Dimarts","16:15:00","Envestida","2","Centre","818460009","Ajuntament de Rubí","Tarda (14 a 22)","41.492123","2.032846","POINT (419268.399136 4593841.137405)"
"426/2024","2024-10-22","2024","10","Dimarts","16:30:00","Xoc sense sortida de via","2","Can Fatjó","818460009","Ajuntament de Rubí","Tarda (14 a 22)","41.489298","2.027699","POINT (418835.227 4593532.35)"
"429/2024","2024-10-22","2024","10","Dimarts","19:30:00","Col·lisió frontal","2","Can Fatjó","818460009","Ajuntament de Rubí","Tarda (14 a 22)","41.482894","2.022769","POINT (418415.655 4592826.06)"
"431/2024","2024-10-23","2024","10","Dimecres","07:10:00","Encalç","3","Can Rosés","818460009","Ajuntament de Rubí","Matí (06 a 14)","41.506279","2.039402","POINT (419833.071 4595406.73)"
"427/2024","2024-10-23","2024","10","Dimecres","14:40:00","Xoc sense sortida de via","1","Zona Nord","818460009","Ajuntament de Rubí","Tarda (14 a 22)","41.497374","2.034606","POINT (419421.794 4594422.55)"
"430/2024","2024-10-23","2024","10","Dimecres","17:18:00","Encalç","2","Sant Muç","818460009","Ajuntament de Rubí","Tarda (14 a 22)","41.509049","2.001278","POINT (416655.011238 4595750.269516)"
"432/2024","2024-10-25","2024","10","Divendres","07:27:00","Atropellament","2","El Progrés - Rubí 2000","818460009","Ajuntament de Rubí","Matí (06 a 14)","41.487103","2.033529","POINT (419319.147 4593283.22)"
"433/2024","2024-10-25","2024","10","Divendres","13:50:00","Atropellament","2","Ca n'Oriol","818460009","Ajuntament de Rubí","Matí (06 a 14)","41.496135","2.040598","POINT (419920.409 4594279.37)"
"434/2024","2024-10-25","2024","10","Divendres","17:30:00","Xoc sense sortida de via","2","Ca n'Oriol","818460009","Ajuntament de Rubí","Tarda (14 a 22)","41.496912","2.039157","POINT (419801.144 4594367.02)"
"436/2024","2024-10-25","2024","10","Divendres","18:17:00","Atropellament","2","Can Rosés","818460009","Ajuntament de Rubí","Tarda (14 a 22)","41.506095","2.039369","POINT (419830.157 4595386.25)"
"435/2024","2024-10-25","2024","10","Divendres","19:20:00","Atropellament","2","Centre","818460009","Ajuntament de Rubí","Tarda (14 a 22)","41.486678","2.032202","POINT (419207.909 4593237.26)"
"437/2024","2024-10-27","2024","10","Diumenge","04:28:00","Xoc sense sortida de via","2","Plana de Can Bertran","818460009","Ajuntament de Rubí","Nit (22 a 06)","41.491558","2.037492","POINT (419655.498 4593774.15)"
"438/2024","2024-10-28","2024","10","Dilluns","05:50:00","Encalç","3","El Mercat","818460009","Ajuntament de Rubí","Nit (22 a 06)","41.486151","2.040288","POINT (419882.249 4593171.18)"
"439/2024","2024-10-28","2024","10","Dilluns","17:00:00","Xoc sense sortida de via","2","Ca n'Alzamora","818460009","Ajuntament de Rubí","Tarda (14 a 22)","41.476753","2.031564","POINT (419142.28 4592136.02)"
"440/2024","2024-10-30","2024","10","Dimecres","15:14:00","Caiguda en la via","2","Plana de Can Bertran","818460009","Ajuntament de Rubí","Tarda (14 a 22)","41.492577","2.036896","POINT (419607.053 4593887.79)"
"443/2024","2024-10-31","2024","10","Dijous","10:15:00","Sortida de via amb xoc o col·lisió","1","Zona Nord","818460009","Ajuntament de Rubí","Matí (06 a 14)","41.495569","2.037768","POINT (419683.526189 4594219.19316)"
"441/2024","2024-10-31","2024","10","Dijous","20:55:00","Atropellament","2","Plana de Can Bertran","818460009","Ajuntament de Rubí","Tarda (14 a 22)","41.492582","2.034634","POINT (419418.236809 4593890.422544)"
"442/2024","2024-10-31","2024","10","Dijous","21:40:00","Xoc sense sortida de via","2","Els Avets","818460009","Ajuntament de Rubí","Tarda (14 a 22)","41.489226","2.02","POINT (418192.4096 4593531.638265)"
"444/2024","2024-11-01","2024","11","Divendres","21:40:00","Caiguda en la via","1","Plana de Can Bertran","818460009","Ajuntament de Rubí","Tarda (14 a 22)","41.493536","2.037185","POINT (419632.324954 4593994.023891)"
"445/2024","2024-11-02","2024","11","Dissabte","19:00:00","Fregament negatiu (mateix sentit)","2","Plana de Can Bertran","818460009","Ajuntament de Rubí","Tarda (14 a 22)","41.492197","2.038651","POINT (419753.011 4593844)"
"446/2024","2024-11-03","2024","11","Diumenge","11:30:00","Xoc sense sortida de via","2","Ca n'Oriol","818460009","Ajuntament de Rubí","Matí (06 a 14)","41.498179","2.045364","POINT (420320.753 4594501.9)"
"448/2024","2024-11-04","2024","11","Dilluns","11:04:00","Xoc sense sortida de via","1","Centre","818460009","Ajuntament de Rubí","Matí (06 a 14)","41.487709","2.029446","POINT (418979.094749 4593354.270716)"
"447/2024","2024-11-04","2024","11","Dilluns","19:00:00","Xoc sense sortida de via","2","El Progrés - Rubí 2000","818460009","Ajuntament de Rubí","Tarda (14 a 22)","41.486857","2.037508","POINT (419651.032 4593252.17)"
"449/2024","2024-11-06","2024","11","Dimecres","13:15:00","Fregament negatiu (mateix sentit)","2","Can Serrafossà - La Perla","818460009","Ajuntament de Rubí","Matí (06 a 14)","41.489414","2.017284","POINT (417965.932 4593555.1)"
"451/2024","2024-11-06","2024","11","Dimecres","16:35:00","Fregament negatiu (mateix sentit)","2","Can Rosés","818460009","Ajuntament de Rubí","Tarda (14 a 22)","41.506488","2.03614","POINT (419561.132 4595432.96)"
"450/2024","2024-11-07","2024","11","Dijous","17:50:00","Encalç","3","Centre","818460009","Ajuntament de Rubí","Tarda (14 a 22)","41.494274","2.030241","POINT (419053.582 4594082.44)"
"452/2024","2024-11-11","2024","11","Dilluns","13:00:00","Envestida","2","Can Fatjó","818460009","Ajuntament de Rubí","Matí (06 a 14)","41.482701","2.02701","POINT (418769.444 4592800.65)"
"453/2024","2024-11-12","2024","11","Dimarts","11:45:00","Caiguda en la via","1","Can Rosés","818460009","Ajuntament de Rubí","Matí (06 a 14)","41.505134","2.046622","POINT (420434.265 4595272.95)"
"454/2024","2024-11-12","2024","11","Dimarts","13:20:00","Caiguda en la via","2","Can Fatjó","818460009","Ajuntament de Rubí","Matí (06 a 14)","41.481866","2.022563","POINT (418397.122 4592712.03)"
"455/2024","2024-11-12","2024","11","Dimarts","16:30:00","Envestida","2","Centre","818460009","Ajuntament de Rubí","Tarda (14 a 22)","41.487532","2.030177","POINT (419039.916 4593333.96)"
"456/2024","2024-11-13","2024","11","Dimecres","15:30:00","Atropellament","2","Centre","818460009","Ajuntament de Rubí","Tarda (14 a 22)","41.49024","2.030143","POINT (419040.411281 4593634.655438)"
"457/2024","2024-11-13","2024","11","Dimecres","20:00:00","Envestida","2","Ca n'Alzamora","818460009","Ajuntament de Rubí","Tarda (14 a 22)","41.480104","2.03401","POINT (419350.619099 4592505.703254)"
"458/2024","2024-11-15","2024","11","Divendres","11:30:00","Caiguda en la via","1","Sant Muç","818460009","Ajuntament de Rubí","Matí (06 a 14)","41.507535","2.033447","POINT (419337.657661 4595551.623203)"
"459/2024","2024-11-15","2024","11","Divendres","17:00:00","Atropellament","2","Plana de Can Bertran","818460009","Ajuntament de Rubí","Tarda (14 a 22)","41.493023","2.038582","POINT (419748.348019 4593935.705547)"
"460/2024","2024-11-16","2024","11","Dissabte","10:00:00","Sortida de via amb xoc o col·lisió","3","Centre","818460009","Ajuntament de Rubí","Matí (06 a 14)","41.495341","2.031022","POINT (419120.164 4594200.18)"
"461/2024","2024-11-17","2024","11","Diumenge","15:15:00","Xoc sense sortida de via","2","Can Rosés","818460009","Ajuntament de Rubí","Tarda (14 a 22)","41.504241","2.035255","POINT (419484.478 4595184.23)"
"462/2024","2024-11-18","2024","11","Dilluns","00:55:00","Caiguda en la via","1","Les Torres","818460009","Ajuntament de Rubí","Nit (22 a 06)","41.485185","2.033769","POINT (419336.823 4593070.05)"
"463/2024","2024-11-18","2024","11","Dilluns","07:00:00","Atropellament","3","Les Torres","818460009","Ajuntament de Rubí","Matí (06 a 14)","41.48579","2.031972","POINT (419187.548 4593138.88)"
"464/2024","2024-11-18","2024","11","Dilluns","10:20:00","Xoc sense sortida de via","1","Centre","818460009","Ajuntament de Rubí","Matí (06 a 14)","41.492382","2.03092","POINT (419107.974 4593871.73)"
"465/2024","2024-11-18","2024","11","Dilluns","11:25:00","Caiguda en la via","1","Can Rosés","818460009","Ajuntament de Rubí","Matí (06 a 14)","41.508401","2.044337","POINT (420247.553 4595637.66)"
"466/2024","2024-11-19","2024","11","Dimarts","06:10:00","Atropellament","2","Centre","818460009","Ajuntament de Rubí","Matí (06 a 14)","41.486576","2.03282","POINT (419259.30017 4593225.384619)"
"467/2024","2024-11-19","2024","11","Dimarts","08:35:00","Fregament positiu (diferent sentit)","4","Can Fatjó","818460009","Ajuntament de Rubí","Matí (06 a 14)","41.475829","2.026012","POINT (418677.551 4592038.6)"
"468/2024","2024-11-20","2024","11","Dimecres","06:35:00","Encalç","2","Can Ximelis - D4","818460009","Ajuntament de Rubí","Matí (06 a 14)","41.50043","2.009463","POINT (417327.051 4594785.51)"
"469/2024","2024-11-22","2024","11","Divendres","19:29:00","Envestida","2","El Progrés - Rubí 2000","818460009","Ajuntament de Rubí","Tarda (14 a 22)","41.486445","2.033947","POINT (419353.217103 4593209.783815)"
"475/2024","2024-11-22","2024","11","Divendres","20:20:00","Xoc sense sortida de via","2","Plana del Castell","818460009","Ajuntament de Rubí","Tarda (14 a 22)","41.492951","2.027522","POINT (418825.009 4593938.04)"
"470/2024","2024-11-23","2024","11","Dissabte","09:55:00","Col·lisió frontal","1","Ca n'Oriol","818460009","Ajuntament de Rubí","Matí (06 a 14)","41.498227","2.042404","POINT (420073.727255 4594509.97489)"
"471/2024","2024-11-23","2024","11","Dissabte","10:37:00","Fregament negatiu (mateix sentit)","2","Can Vallhonrat","818460009","Ajuntament de Rubí","Matí (06 a 14)","41.473618","2.030561","POINT (419054.623 4591788.91)"
"472/2024","2024-11-23","2024","11","Dissabte","13:18:00","Caiguda en la via","1","Can Barceló - Vallespark","818460009","Ajuntament de Rubí","Matí (06 a 14)","41.531623","1.991065","POINT (415831.916009 4598266.359583)"
"473/2024","2024-11-24","2024","11","Diumenge","02:40:00","Envestida","2","Ca n'Oriol","818460009","Ajuntament de Rubí","Nit (22 a 06)","41.49466","2.038565","POINT (419748.886 4594117.54)"
"474/2024","2024-11-24","2024","11","Diumenge","17:33:00","Envestida","2","Zona Nord","818460009","Ajuntament de Rubí","Tarda (14 a 22)","41.495305","2.037052","POINT (419623.412 4594190.54)"
"476/2024","2024-11-26","2024","11","Dimarts","14:07:00","Xoc sense sortida de via","2","Plana del Castell","818460009","Ajuntament de Rubí","Tarda (14 a 22)","41.492507","2.027021","POINT (418782.597679 4593889.265683)"
"478/2024","2024-11-27","2024","11","Dimecres","04:10:00","Sortida de via amb xoc o col·lisió","1","Sant Muç","818460009","Ajuntament de Rubí","Nit (22 a 06)","41.509944","2.004731","POINT (416944.275375 4595846.277371)"
"477/2024","2024-11-27","2024","11","Dimecres","06:19:00","Atropellament","2","Can Fatjó","818460009","Ajuntament de Rubí","Matí (06 a 14)","41.479649","2.024443","POINT (418551.299513 4592464.193605)"
"479/2024","2024-11-29","2024","11","Divendres","10:05:00","Encalç","2","Can Fatjó","818460009","Ajuntament de Rubí","Matí (06 a 14)","41.490627","2.027139","POINT (418790.150492 4593680.371546)"
"480/2024","2024-11-29","2024","11","Divendres","16:00:00","Envestida","2","Les Torres","818460009","Ajuntament de Rubí","Tarda (14 a 22)","41.484126","2.029893","POINT (419011.94 4592956.11)"
"481/2024","2024-12-01","2024","12","Diumenge","19:30:00","Envestida","2","Can Barceló - Vallespark","818460009","Ajuntament de Rubí","Tarda (14 a 22)","41.519172","1.996264","POINT (416249.587319 4596879.026311)"
"482/2024","2024-12-02","2024","12","Dilluns","15:17:00","Encalç","2","Can Vallhonrat","818460009","Ajuntament de Rubí","Tarda (14 a 22)","41.474157","2.0307","POINT (419066.938 4591848.58)"
