REC,"CIF","NOM","ADRECA","CODI_POSTAL","POBLACIO","DISTRICTE",LONGITUD,LATITUD,"TELEFON","E_MAIL","WEB","TIPUS_ENTITAT","REGISTRE_OFICIAL",DATA_FUNDACIO,"CODI_ENS","NOM_ENS"
"1","G59527903","C.E. Olímpic Can Fatjó","C. Segarra, 12","08191","Rubí","1","2.0244879286","41.4846147505","695199767","olimpiccanfatjo@olimpiccanfatjo.es",,"Entitats esportives","Registre d'Entitats Esportives",,"818460009","Ajuntament de Rubí"
"2","G60867025","Associació d'Escacs Rubinenca","C. Joaquim Blume, 28","08191","Rubí","4","2.0296803852","41.4942513907","607216777","escacsrubi@gmail.com","www.escacsrubi.com/","Entitats esportives","Registre d'Entitats Esportives",,"818460009","Ajuntament de Rubí"
"4","G58203183","Esbart Dansaire de Rubí","Passeig de les Torres, 37","08191","Rubí","3","2.0330000084","41.4818484299","658160494","esbartderubi@esbartderubi.cat","https://esbartderubi.cat/","Associació","Registre d'associacions (Generalitat)",,"818460009","Ajuntament de Rubí"
"5","G59370007","Associació de Vecinos 25 de Septiembre","Grup vint-i-cinc de Setembre, local 13","08191","Rubí","3","2.0388302795","41.4844812969","669773705","aavv25desetembre@gmail.com","https://www.rubi.cat/es/guia/guia/asociaciones/aavv/av-25-de-septiembre","Associació","Registre d'associacions (Generalitat)","1978-04-22T01:00:00.000+02:00","818460009","Ajuntament de Rubí"
"6","G58190109","Club Natació Rubí","Av. Olimpiades, s/n","08191","Rubí","5","2.0458016599","41.5032671403","936064097","cnr@cnrubi.cat; f.mateo@cnrubi.cat","www.cnrubi.cat","Altres",,"1971-11-18T00:00:00.000+01:00","818460009","Ajuntament de Rubí"
"7","G58061011","Irmandade Galega de Rubí","c. Monturiol, 18 baixos","08191","Rubí",,,,"678350282","Irmandadegalegarubi@gmail.com","www.irmandaderubi.galiciaaberta.com","Associació","Registre d'associacions (Generalitat)","1981-10-02T00:00:00.000+01:00","818460009","Ajuntament de Rubí"
"9","G58781303","AFA Col·legi Maristes","C. Magallanes, 65","08191","Rubí","6","2.0366568767","41.4903497386","662.013.003","ampamaristesrubi@gmail.com","ampamaristesrubi.blogspot.com/","Associació","Registre d'associacions (Generalitat)","1987-12-12T00:00:00.000+01:00","818460009","Ajuntament de Rubí"
"10","V59521765","Centre d'Estudis i protecció de la natura (CEPNA)","Travessía de Trafalgar, 15","08191","Rubí",,,,"936974691","rafel.bosch.janer@gmail.com",,"Associació","Registre d'associacions (Generalitat)","1989-03-04T00:00:00.000+01:00","818460009","Ajuntament de Rubí"
"11","G59582007","Associació de Veïns de la Barriada de Ca n'Oriol (Rubí)","C. Soria, 1","08191","Rubí","5","2.0415068195","41.4967433913","687111644","avcanoriol@gmail.com; javieraaron.fernandez@gmail.com",,"Associació","Registre d'associacions (Generalitat)","1977-04-15T01:00:00.000+02:00","818460009","Ajuntament de Rubí"
"12","G59511048","Associación de Vecinos Las Torres-Rubí 2000","c. Joan Puig, 47 Edifici Jamaica","08191","Rubí",,,,"935885005","avlestorres2000@gmail.com",,"Associació","Registre d'associacions (Generalitat)","1984-02-03T00:00:00.000+01:00","818460009","Ajuntament de Rubí"
"13","G59119297","Asociación de Vecinos El Pinar","El Pinar, bloque 2 esc. B baixos 3a","08191","Rubí",,,,"626223887","mjose@lineaimage.com; aavvelpinar@outlook.es",,"Associació","Registre d'associacions (Generalitat)","1972-10-10T00:00:00.000+01:00","818460009","Ajuntament de Rubí"
"15","G59349910","Associació de Veïns de Can Vallhonrat","c. Federico Chueca, 25","08191","Rubí",,,,"675910063","avvallhonrat@gmail.com; mpuriop@gmail.com",,"Associació","Registre d'associacions (Generalitat)",,"818460009","Ajuntament de Rubí"
"16","G58640731","Centre d'Esplai l'Eixam","c. Molí, 21","08191","Rubí",,,,"671857774","ceeixam@gmail.com","https://esplaieixam.wordpress.com/","Associació","Registre d'associacions (Generalitat)","1972-05-11T00:00:00.000+01:00","818460009","Ajuntament de Rubí"
"17","G60423308","C.E.B. Sant Jordi de Rubí","C. Pintor Coello, 5","08191","Rubí","4","2.0332701507","41.4887079003","93 588 65 69","cebsantjordi@cebsantjordi.cat","www.cebsantjordi.cat","Entitats esportives","Registre d'Entitats Esportives",,"818460009","Ajuntament de Rubí"
"19","G62129119","Associació Gent Gran de Rubí","C. Magallanes, 60","08191","Rubí","6","2.0355199543","41.4898761941","935884487","casalgentgranrubi@hotmail.com","www.casalgentgranrubi.cat","Associació","Registre d'associacions (Generalitat)","1977-02-14T00:00:00.000+01:00","818460009","Ajuntament de Rubí"
"20","V59078352","Centre d'Estudis Rubinencs","C. Aribau, 5","08191","Rubí","6","2.0364862489","41.4928589109","600793022","gcmr.cer@gmail.com","historiaygrupomuseorubi.blogspot.com/","Associació","Registre d'associacions (Generalitat)","1988-12-01T00:00:00.000+01:00","818460009","Ajuntament de Rubí"
"21","G59499996","Coral Unió Rubinenca","c. Sant Sebastià, 33","08191","Rubí",,,,"630760898","massmarti@gmail.com","culturapopulartradicionalcatalanarubi.blogspot.com/.../entitats-agr...","Associació","Registre d'associacions (Generalitat)","1985-09-13T00:00:00.000+02:00","818460009","Ajuntament de Rubí"
"22","G58280009","Escola de Sardanes Flor de Neu","c. Sant Miquel, 31 baixos","08191","Rubí",,,,"617480966","flordeneu.rubi@gmail.com",,"Associació","Registre d'associacions (Generalitat)","1985-11-27T00:00:00.000+01:00","818460009","Ajuntament de Rubí"
"23","G58221086","AFA de l'escola Torre de la Llebre","Av. dels Massana, 5","08191","Rubí","3","2.0336651569","41.4771446061","657906722","afatorredelallebre@gmail.com","https://ampatorrellebre.com/","Associació","Registre d'associacions (Generalitat)","1985-12-12T00:00:00.000+01:00","818460009","Ajuntament de Rubí"
"24","G58543182","Agrupació Rubinenca Cultural i Artística","c. Maestro Guerrero, 27","08191","Rubí",,,,"935887473","angelesf26@hotmail.com",,"Associació","Registre d'associacions (Generalitat)",,"818460009","Ajuntament de Rubí"
"25","G59849760","Foment de la Sardana de Rubí","Av. Castellbisbal, 161","08191","Rubí",,,,"676722381","fomentdelasardanaderubi@gmail.com","https://fomentdelasardanaderubi.wordpress.com/","Associació","Registre d'associacions (Generalitat)","1990-12-20T00:00:00.000+01:00","818460009","Ajuntament de Rubí"
"30","G59466011","C.F. Juventud 25 de Septiembre","C. Penedes, 11","08191","Rubí","3","2.0406473853","41.4840432198","623475391","juv25septiembre@gmail.com","www.juventud25septiembre.com","Entitats esportives","Registre d'Entitats Esportives","1981-12-10T00:00:00.000+01:00","818460009","Ajuntament de Rubí"
"31","G63505960","Asociación de Padres de Alumnos del Col·legi Públic Mossèn Cinto Verdaguer","C. Numància, 20","08191","Rubí","5","2.0367914989","41.4996942399","603515276","nouampamossencinto@gmail.com","https://agora.xtec.cat/escolamossencinto/categoria/ampa/","Associació","Registre d'associacions (Generalitat)","1988-10-27T00:00:00.000+01:00","818460009","Ajuntament de Rubí"
"32","G58085010","Centro Aragonés de Rubí","C. Marconi, 8","08191","Rubí","6","2.0364419708","41.4854680782","618240505","caragones.rubi@gmail.com",,"Associació","Registre d'associacions (Generalitat)","1987-03-21T00:00:00.000+01:00","818460009","Ajuntament de Rubí"
"34","G60977097","Grup de col·laboradors del Museu de Rubí","C. Topazi, 1","08191","Rubí","1","2.0258185963","41.4900554949","655946920","gcmr.cer@gmail.com; jordivilaltam@gmail.com; j_vilalta@hotmail.com","historiaygrupomuseorubi.blogspot.com/","Associació","Registre d'associacions (Generalitat)","1995-03-15T00:00:00.000+01:00","818460009","Ajuntament de Rubí"
"35","G59369991","Asociación de Vecinos de Can Fatjó","C. Topazi, 1","08191","Rubí","1","2.0258185963","41.4900554949","628747089","avcanfatjo@gmail.com",,"Associació",,,"818460009","Ajuntament de Rubí"
"36","G08886384","Associació de Mares i Pares d'Alumnes del Col·legi d'Educació Infantil i Primària Maria Montessori","C. Monturiol, 35","08191","Rubí","3","2.0342030677","41.4843405115","647532679","ampamontessorirubi@gmail.com",,"Associació","Registre d'associacions (Generalitat)",,"818460009","Ajuntament de Rubí"
"38","G59437806","Associació de Mares i Pares d'Alumnes de l'Escola Pau Casals de Rubí","C. Sant Pere, 42","08191","Rubí","4","2.0336130258","41.4910945137","693236556","afa@escolapaucasalsrubi.cat","ampapaucasals@blogspot.com","Associació","Registre d'associacions (Generalitat)",,"818460009","Ajuntament de Rubí"
"39","G59101113","Associació d'amics de l'Astronomia TRI-A","C. Xile, 3","08191","Rubí","4","2.033040072","41.4925344084","656718465","genismajoraloller@gmail.com",,"Associació","Registre d'associacions (Generalitat)","1989-11-19T00:00:00.000+01:00","818460009","Ajuntament de Rubí"
"41","G61380697","La Cámara Teatre-Rubí","Plana de Can Bertran, 2","08191","Rubí",,,,"669491083","manufusterg@gmail.com; lacamarateatre@gmail.com",,"Associació","Registre d'associacions (Generalitat)","1990-01-11T00:00:00.000+01:00","818460009","Ajuntament de Rubí"
"43","G59956037","Associació de Pares d'Alumnes del C.p. Teresa Altet","C. Mallorca, 90-118","08191","Rubí","5","2.0460634338","41.4984050727","936998001","afa@ieteresaaltet.cat","https://agora.xtec.cat/ieteresaaltet-rubi/","Associació","Registre d'associacions (Generalitat)","1988-03-22T00:00:00.000+01:00","818460009","Ajuntament de Rubí"
"44","G58287640","AMPA IES Duc de Montblanc","Av. Can Fatjó, 132","08191","Rubí","1","2.0218813339","41.4859875599","654358321","afa@ducdemontblanc.cat","agora.xtec.cat/iesducdemontblanc/categoria/ampa/","Associació","Registre d'associacions (Generalitat)",,"818460009","Ajuntament de Rubí"
"46","G59382408","Penya blaugrana Ramon Llorens","c. Unió, 12","08191","Rubí",,,,"93 004 50 49","social@pbramonllorens.cat","www.agrupaciofcb.com/p-b-ramon-llorens/","Associació",,,"818460009","Ajuntament de Rubí"
"48","G78558483","Sociedad Teosófica Española","c. Pomaret, 114","08017","Barcelona",,,,"936748572","presidencia@sociedadteosofica.es; secretaria@sociedadteosofica.es","www.sociedadteosofica.es","Associació","Registro nacional de asociaciones (Ministeri Interior)","1977-05-14T01:00:00.000+02:00","818460009","Ajuntament de Rubí"
"49","G08919953","Grup fotogràfic El Gra","C. Historiador Serra, 2","08191","Rubí","4","2.0304454031","41.4867608043","629803543","elgrafoto@gmail.com","www.grupfotograficelgra.cat/","Associació","Registre d'associacions (Generalitat)",,"818460009","Ajuntament de Rubí"
"50","G58978651","Gimnàs Artístic i Esportiu Rubí","c. Bonaventura Aribau, 5 4t","08191","Rubí",,,,"936998190","gaerubi@hotmail.com",,"Associació",,"1977-03-01T00:00:00.000+01:00","818460009","Ajuntament de Rubí"
"51","G08983199","Agrupament Escolta Guspira (Escoltes Catalans)","Pg. De la Riera, 30-32","08191","Rubí",,,,"649692085","aeguspirarubi@gmail.com","www.aeguspira.wixsite.com/aeguspira","Associació","Registre d'associacions (Generalitat)","1984-06-15T00:00:00.000+02:00","818460009","Ajuntament de Rubí"
"56","G58173063","A.E. Albada, Centre Marista d'Escoltes","C. Magallanes, 65","08191","Rubí","6","2.0366568767","41.4903497386","622951118","aealbada@maristes.cat","cms.maristes.cat/","Associació","Registre d'associacions (Generalitat)",,"818460009","Ajuntament de Rubí"
"59","G58451774","Grup de teatre Esbarjo (Regina Carmeli)","C. SANT SEBASTIÀ, 34","08191","RUBÍ",,,,"639 378 403","checanona@gmail.com",,"Associació",,,"818460009","Ajuntament de Rubí"
"60","G58451774","AMPA Regina Carmeli","C. Sant Sebastià, 34","08191","Rubí","4","2.029416161","41.4895887499","936990353","carme.ampa@reginacarmeli.com","www.reginacarmeli.com/ampa/","Associació","Registre d'associacions (Generalitat)",,"818460009","Ajuntament de Rubí"
"61","G60836871","Grup de Teatre CORIMBO","C. Topazi, 1","08191","Rubí","1","2.0258185963","41.4900554949","627085212","caguilera@addvante.com",,"Associació","Registre d'associacions (Generalitat)","1993-04-30T00:00:00.000+02:00","818460009","Ajuntament de Rubí"
"62","G59818559","AV Font de la Via","Pg. De la Riera, s/n","08191","Rubí",,,,"699171177","aa.vv.fontdelavia@hotmail.es",,"Associació","Registre d'associacions (Generalitat)","1986-11-04T00:00:00.000+01:00","818460009","Ajuntament de Rubí"
"65","G58376740","AFA Escola Ramon Llull","Avd. de les Flors 39-43","08191","Rubí",,,,"629541054","afaramonllullrubi@gmail.com",,"Associació","Registre d'associacions (Generalitat)",,"818460009","Ajuntament de Rubí"
"66","G59823377","AV La Plana de Can Bertran","c. General Castaños, 2","08191","Rubí",,,,"699071371","a.v.canbertran@gmail.com",,"Associació","Registre d'associacions (Generalitat)",,"818460009","Ajuntament de Rubí"
"70","G08992786","Associació de Persones amb diversitat intel·lectual de Rubí. APDIR","GRUP VINT-I-CINC DE SETEMBRE, 47","08191","RUBÍ",,,,"691430298","apdir@apdir.org; apdir2015@gmail.com",,"Associació","Registre d'associacions (Generalitat)",,"818460009","Ajuntament de Rubí"
"71","V59492041","Obrador Coral de Rubí","Santa Eulàlia, 5 1r 1a","08191","Rubí",,,,"639791669","obrador.coral@gmail.com",,"Associació","Registre d'associacions (Generalitat)","1990-06-20T00:00:00.000+02:00","818460009","Ajuntament de Rubí"
"72","G60480985","Hermandad Rociera Andaluza de Rubí","Ctra. Sabadell, 183","08191","Rubí","5","2.0346568799","41.5029042213","676253770","hermandadrocierarubi@hotmail.com",,"Associació","Registre d'associacions (Generalitat)","1989-05-25T00:00:00.000+02:00","818460009","Ajuntament de Rubí"
"77","G62424767","Societat Sant Antoni Abat de Rubí","C. Rafael Casanova, 1","08191","Rubí","4","2.031398095","41.4925671909","630228007","trestombsrubi@gmail.com",,"Associació","Registre d'associacions (Generalitat)",,"818460009","Ajuntament de Rubí"
"78","G59549956","Club Petanca el Vallès","C. Maria Aurèlia Capmany, 35-39","08191","Rubí","5","2.034232205","41.4999254741","651476424","antonioexpositojimenez@gmail.com",,"Entitats esportives","Registre d'Entitats Esportives",,"818460009","Ajuntament de Rubí"
"79","G60118650","Peña cultural flamenca Calixto Sánchez","Ctra. Sabadell, s/n","08191","Rubí",,,,"629832701","calixtosanchez1980@hotmail.com",,"Associació","Registre d'associacions (Generalitat)",,"818460009","Ajuntament de Rubí"
"80","G60208972","Club esportiu Rubí Futbol Sala","C. Joaquim Blume s/n, L'Escardívol","08191","Rubí",,"2.0291404966","41.4939877011","669618516","esportiurubifs@hotmail.com","www.futbolsalaweb.com","Entitats esportives","Registre d'Entitats Esportives","1986-06-30T00:00:00.000+02:00","818460009","Ajuntament de Rubí"
"81","G08804916","Unión Extremeña de Rubí","Plana de Can Bertran, 10","08191","Rubí",,,,"649325055","unioexrubi@hotmail.com","unionextremederubi.blogspot.com/","Associació","Registre d'Entitats Esportives","1979-04-04T01:00:00.000+02:00","818460009","Ajuntament de Rubí"
"84","G58525643","Club Petanca Santa Rosa","Parc de Ca n'Oriol","08191","Rubí","5","2.0434773609","41.5004454839","661409039","mcvalbes@hotmail.com",,"Entitats esportives","Registre d'Entitats Esportives","1986-09-27T00:00:00.000+02:00","818460009","Ajuntament de Rubí"
"85","G61139432","Club Petanca Unió Les Torres-Rubí","Av. Cova Solera, 4","08191","Rubí","1","2.0276092284","41.4841345283","676119377","lastorresrubi@gmail.com",,"Entitats esportives","Registre d'Entitats Esportives","1995-05-10T00:00:00.000+02:00","818460009","Ajuntament de Rubí"
"86","V58070103","Centre Excursionista de Rubí","Passeig de la Riera, 30-32","08191","Rubí","4","2.0289687958","41.4886977687","626175815","cer@rubicer.cat","www.rubicer.cat/","Entitats esportives","Registre d'Entitats Esportives",,"818460009","Ajuntament de Rubí"
"87","G58375346","AMPA Escola Schola","C. Sant Pere, 12","08191","Rubí","4","2.0326481534","41.490060992","659000644","ampaschola@gmail.com",,"Associació","Registre d'associacions (Generalitat)",,"818460009","Ajuntament de Rubí"
"88","G59881409","Associació de Veïns Zona Nord","C.Maria Aurèlia Capmany, 32-34","08191","Rubí","5","2.0347890755","41.4999002655","636589475","carumo16@gmail.com",,"Associació","Registre d'associacions (Generalitat)",,"818460009","Ajuntament de Rubí"
"89","G59496711","Associació de Veïns Els Avets (ASPUR)","Pl. dels Ocells,s/n","08191","Rubí",,,,"636561613","gemmagr93@gmail.com",,"Associació","Registre d'associacions (Generalitat)",,"818460009","Ajuntament de Rubí"
"90","G58239013","AMPA INS JV FOIX","Ctra. de Rubí a Ullastrell , s/n","08191","Rubí","2","1.9965818261","41.5070123859","620891410","ampa.jvfoix@gmail.com","agora.xtec.cat/insjvfoix/ampa/","Associació","Registre d'associacions (Generalitat)",,"818460009","Ajuntament de Rubí"
"98","G58202953","Centro Cultural Casa de Andalucía en Rubí","C. Orso, 6","08191","Rubí","4","2.0304626618","41.4946655724","936970062","casadeandaluciaenrubi@hotmail.com",,"Associació","Registre d'associacions (Generalitat)","1985-04-10T00:00:00.000+02:00","818460009","Ajuntament de Rubí"
"99","G60319944","Ass. D'animació cultural del carrer Sant Jaume","c. Sant Jaume, 27","08191","Rubí",,,,"93 6972781","xavier.cots@gmail.com",,"Associació","Registre d'associacions (Generalitat)","1982-05-01T00:00:00.000+02:00","818460009","Ajuntament de Rubí"
"101","G59678102","Club Ciclista Rubí","Carrer Marconi nº10",,,,,,"652921561","clubciclistarubi@gmail.com","ccrubi.blogspot.com/","Entitats esportives","Registre d'Entitats Esportives","1971-05-05T00:00:00.000+01:00","818460009","Ajuntament de Rubí"
"104","G59755363","Associació de Pessebristes de Rubí","Av. Castellbisbal, 109","08191","Rubí",,,,"654238328","pessebristes.rubi@gmail.com",,"Associació","Registre d'associacions (Generalitat)","1990-03-20T00:00:00.000+01:00","818460009","Ajuntament de Rubí"
"109","G60429636","Club Esportiu Maristes Rubí","C. Magallanes, 65","08191","Rubí","6","2.0366568767","41.4903497386","935885022","cemrubi@maristes.cat","cemrubi.maristes.cat/","Entitats esportives","Registre d'entitats religioses",,"818460009","Ajuntament de Rubí"
"110","V66203159","Joventuts d'Esquerra Republicana de Catalunya de Rubí","c. Sant Josep,  16","08191","Rubí",,,,"936776737","rubi@esquerra.cat","https://www.esquerrarubi.cat/","Partit polític",,,"818460009","Ajuntament de Rubí"
"115","G60552916","Centre Cultural de Raja Ioga","c. Santa Llúcia, 25","08191","Rubí",,,,"626892613","yogapbel@gmail.com",,"Associació","Registre d'associacions (Generalitat)","1993-09-13T00:00:00.000+02:00","818460009","Ajuntament de Rubí"
"118","G60595964","Associació Esportiva Terranova","c. Hàndbol, 1-8","08191","Rubí",,,,"693834624","associacioesportivaterranova@gmail.com","www.associacioesportivaterranova.com","Associació","Registre d'associacions (Generalitat)","1994-02-14T00:00:00.000+01:00","818460009","Ajuntament de Rubí"
"119","G59429290","Ass. Compartir-Grup Social Marista","Ctra. de Sabadel C-1413a s/n","08191","Rubí","5","2.0456154422","41.5085965535","670550199","ccelpinar.dir@maristes.cat","https://www.maristes.cat/obres-socials/associacio-compartir-rubi",,,"1990-06-06T00:00:00.000+02:00","818460009","Ajuntament de Rubí"
"122","G60313459","Associació Colla de Geganters de Rubí","CARRETERA DE TERRASSA N. 10, LOCAL 2","08191","RUBÍ",,,,"633581635","gegantsrubi@gmail.com",,"Associació","Registre d'associacions (Generalitat)","1992-04-25T00:00:00.000+02:00","818460009","Ajuntament de Rubí"
"125","Q0801202C","Cooperació, Agència Catalana de Cooperació Internacional","c. Elisabets, 11","00000","Barcelona",,,,"0000000",,,,,,"818460009","Ajuntament de Rubí"
"126","G60892452","Associació de Veïns de Can Serrallac","Camí de Sant Muç, s/n","08191","Rubí",,,,"659389091","manuelfuentesgarcia37@gmail.com",,"Associació","Registre d'associacions (Generalitat)",,"818460009","Ajuntament de Rubí"
"127","G61043188","Associació de Veïns Can Serrafossà","c. Joventud, 14","08191","Rubí",,,,"649454635","esteban@ditegsl.com",,"Associació","Registre d'associacions (Generalitat)",,"818460009","Ajuntament de Rubí"
"128","G60871761","Club Voleibol Rubí","c. Monturiol, 17","08191","Rubí",,,,"625436373","cvrubi@hotmail.com","www.clubvoleibolrubi.com","Entitats esportives","Registre d'Entitats Esportives","1995-09-06T00:00:00.000+02:00","818460009","Ajuntament de Rubí"
"130","G61044673","Asso. De Vecinos de la Plana del Castell","c. Molí, 21","08191","Rubí",,,,"625606453","av.laplanadelcastell@gmail.com",,"Associació","Registre d'associacions (Generalitat)",,"818460009","Ajuntament de Rubí"
"131","Q2800226I","Comunidad Baha'i de Rubí","c. Sabadell, 21","08191","Rubí",,,,"618616311","angeles.gngr@gmail.com","www.bahaibarcelona.org/",,,,"818460009","Ajuntament de Rubí"
"133","G61380648","Associació de Veïns de Can Solà","c. José Echegaray, 9","08191","Rubí",,,,"619550180","aavvcansola@gmail.com",,"Associació","Registre d'associacions (Generalitat)",,"818460009","Ajuntament de Rubí"
"135","G60613932","Asociación de Propietarios Valles-Park","Camí d'Ullastrell, 413","08191","Rubí",,,,"637750975","vallespark.zonaresidencial@gmail.com",,"Associació","Registre d'associacions (Generalitat)","1994-04-23T00:00:00.000+02:00","818460009","Ajuntament de Rubí"
"137","G61183034","Asociación Rociera Andaluza de Rubí","C. Topazi, 1","08191","Rubí","1","2.0258185963","41.4900554949","661657308","asociacionrocierarubi@gmail.com",,"Associació","Registre d'associacions (Generalitat)","1996-03-12T00:00:00.000+01:00","818460009","Ajuntament de Rubí"
"140","G61392445","Diables de Rubí","C. Xile, 3","08191","Rubí","4","2.033040072","41.4925344084","639719330","colladediablesderubi@gmail.com",,"Associació","Registre d'associacions (Generalitat)","1995-06-06T00:00:00.000+02:00","818460009","Ajuntament de Rubí"
"141","G59584295","Associació de Veïns de Castellnou Sector D","C. Viella s/n, Castellnou","08191","Rubí",,,,"626737528","aavvsectord@gmail.com",,"Associació","Registre d'associacions (Generalitat)",,"818460009","Ajuntament de Rubí"
"143","G61197703","Els Castellers de Rubí","C. Xile, 3","08191","Rubí","4","2.033040072","41.4925344084","654474588","castellersderubi@castellersderubi.cat","www.castellersderubi.cat","Associació","Registre d'associacions (Generalitat)","1996-04-20T00:00:00.000+02:00","818460009","Ajuntament de Rubí"
"144","G61004412","Hoquei Club Rubí Cent Patins","Pg. de les Torres, 4","08191","Rubí","3","2.0302891253","41.4843317874","610902843","presidencia@centpatins.com","http://centpatins.com/","Associació",,"1995-12-21T00:00:00.000+01:00","818460009","Ajuntament de Rubí"
"147","G60710886","Associació de Veïns Can Mir-Castellnou Sector A","Racó de can Mir, s/n","08191","Rubí",,,,"600422827","avcanmir@gmail.com",,"Associació","Registre d'associacions (Generalitat)",,"818460009","Ajuntament de Rubí"
"148","G59190579","Asociación de Vecinos de Castellnou -Can Tapis Sector B","c. Berga, s/n","08191","Rubí",,,,"660910273","terecantapis@gmail.com",,"Associació","Registre d'associacions (Generalitat)",,"818460009","Ajuntament de Rubí"
"152","G58663733","International Police Association (IPA)","Ctra. Terrassa, 118","08191","Rubí","5","2.0350815818","41.503448015","666033481","ipavallesocc@ipavallesocc.org","www.ipaespaña.org","Associació","Registre d'associacions (Generalitat)",,"818460009","Ajuntament de Rubí"
"154","G61323317","Amics dels automòbils antics de Rubí","c. Verge del Pilar, 19","08191","Rubí",,,,"636389821","classicrubi@gmail.com","www.automobilsantics.blogspot.com","Associació","Registre d'associacions (Generalitat)","1996-05-10T00:00:00.000+02:00","818460009","Ajuntament de Rubí"
"158","G60731999","Club de Rol PNJ nunca muere","Av. De Les Torres, edifici El Triangle","08191","Rubí",,,,"936974464",,"pnjnuncamuere.blogspot.com","Associació","Registre d'associacions (Generalitat)",,"818460009","Ajuntament de Rubí"
"160","G61323721","Associació de Veïns Zona Mercat","c. Juan Ramón Jiménez, 18","08191","Rubí",,,,"644.87.25.65","david-goldenpool@hotmail.com",,"Associació","Registre d'associacions (Generalitat)","1997-03-25T00:00:00.000+01:00","818460009","Ajuntament de Rubí"
"163","G60871225","Casa Cultural Árabe de Rubí","c. Sabaell, 7","08191","Rubí",,,,"000000","casaculturalarabe@hotmail.com",,"Associació","Registre d'associacions (Generalitat)","1994-11-20T00:00:00.000+01:00","818460009","Ajuntament de Rubí"
"164","Q5800597F","Iglesia Cristiana Evangélica KIR","c. Rio Llobregat, 24","08191","Rubí",,,,"696033906","mision.kir@gmail.com",,,,"1991-09-02T00:00:00.000+02:00","818460009","Ajuntament de Rubí"
"166","G61471033","Club Patinatge Artístic Rubí","Pg. de le Torres, 4","08191","Rubí","3","2.0306441706","41.4843232966","608913851","cparubi@hotmail.es",,"Entitats esportives","Registre d'Entitats Esportives","1997-08-05T00:00:00.000+02:00","818460009","Ajuntament de Rubí"
"173","G58990961","Associació de Propietaris i Veïns de les Valls de Sant Muç","Casella postal 10 (Les Valls de Sant Muç)","08191","Rubí",,,,"935860607","aavvsantmuc@gmail.com",,"Associació","Registre d'associacions (Generalitat)",,"818460009","Ajuntament de Rubí"
"174","G62582515","Activitat Social Rubinenca (ACSO)","C. ABAT ESCARRÉ, 19","08191","RUBI",,,,"619970517","info@acso.es; jordidiez@hotmail.com",,"Associació","Registre d'associacions (Generalitat)","1997-10-01T00:00:00.000+02:00","818460009","Ajuntament de Rubí"
"179","G60858826","Agrupación de personas mayores de la Zona Norte de Rubí","Ctra. Sabadell, 96","08191","Rubí","5","2.0338206164","41.5017261584","655980804","agrupacionpersonasmayoresrubi@hotmail.com; Quintanilla01@hotmail.es",,"Associació","Registre d'associacions (Generalitat)","1995-01-12T00:00:00.000+01:00","818460009","Ajuntament de Rubí"
"180","G60275229","Moviment de mestres de Rubí","C. Joaquim Blume, 28","08191","Rubí","4","2.0296757087","41.4940904184","658400814","mmrubi@avant.pangea.org","www.mmrubi.blogspot.com","Associació","Registre d'associacions (Generalitat)",,"818460009","Ajuntament de Rubí"
"187","G61840013","Associació de Veïns Quatre Vents","Passatge dels Quatre Vents, 9","08191","Rubí",,,,"937883368","av4vents@gmail.com",,"Associació","Registre d'associacions (Generalitat)","1998-10-13T00:00:00.000+02:00","818460009","Ajuntament de Rubí"
"189","G60571668","Unió Atlètica Rubí","Av. Olimpiades, s/n","08191","Rubí","5","2.0434794682","41.5014710336","935882762","secretaria@uar.es; uar@uar.es","https://uar.es/","Entitats esportives","Registre d'Entitats Esportives","1993-10-08T00:00:00.000+01:00","818460009","Ajuntament de Rubí"
"191","G61931275","Associació de dones aturades i dones immigrants (ADAI)","c. Aribau, 3","08191","Rubí",,,,"0000","doracabrera@gmail.com",,"Associació","Registre d'associacions (Generalitat)","1999-02-01T00:00:00.000+01:00","818460009","Ajuntament de Rubí"
"192","G62017488","Companyia de dansa Metrónomo","c. Madrid, 59 2n 3a","08191","Rubí",,,,"936974323","ciadedansametronomo@gmail.com","www.ciametronomo.bogspot.com","Associació","Registre d'associacions (Generalitat)","1999-01-30T00:00:00.000+01:00","818460009","Ajuntament de Rubí"
"193","G59467142","Leones de Barcelona del Athetic club de Bilbao","Ctra. Sabadell, 17","08191","Rubí",,,,"651123711","harohidalgo1898@gmail.com; haro-hidalgo@hotmail.com","https://www.aupaathletic.com/...leones-de-barcelona/...athletic...","Associació","Registre d'associacions (Generalitat)",,"818460009","Ajuntament de Rubí"
"196","G62129119","Associació de Gent Gran de Rubí i el seu entorn","c. Magallanes, 60","08191","Rubí",,,,"935884487","casalgentgranrubi@hotmail.com",,"Associació","Registre d'associacions (Generalitat)","1998-11-03T00:00:00.000+01:00","818460009","Ajuntament de Rubí"
"197","G62123633","Associació de Propietaris del sector de Can Balasch","Passeig de la Riera, 43 1r 2a","08191","Rubí",,,,"615229688","ximolavi@hotmail.com",,"Associació","Registre d'associacions (Generalitat)","1999-09-12T00:00:00.000+02:00","818460009","Ajuntament de Rubí"
"198","G62167945","Associació Cultural Segon Mil·leni","c. Poesia, 2","08191","Rubí",,,,"670232936","xavierserratcrespo@gmail.com",,"Associació","Registre d'associacions (Generalitat)","1999-10-09T00:00:00.000+02:00","818460009","Ajuntament de Rubí"
"202","G64108905","Asociación Deportiva Castellnou","Camí del Racó, S/n","08191","RUBÍ",,,,"666265498","adcastellnou@hotmail.com","canmir.blogspot.com/p/nosaltres.html","Entitats esportives","Registre d'Entitats Esportives","1995-12-12T00:00:00.000+01:00","818460009","Ajuntament de Rubí"
"203","G60554425","Club Esportiu Horitzó 1994","c. Lluís Ribas, 27-29 escala A 1r 6a","08191","Rubí",,,,"630066202","horitzo@horitzo.cat","www.horitzo.org",,,,"818460009","Ajuntament de Rubí"
"204","G61816609","Grup de Teatre Gatzara","Passeig del Ferrocarril, 11","08191","Rubí",,,,"620446418","gatzara@casalpopular.org","www.casalpopular.org/grup-gatzara","Associació","Registre d'associacions (Generalitat)","1998-09-21T00:00:00.000+02:00","818460009","Ajuntament de Rubí"
"205","G61289658","Associació Cultural Sant Galderic","Plaça Jaume Pla i Pallejà, 6","08191","Rubí",,,,"667883194","santgaldericrubi@gmail.com","www.santgaldericrubi.cat","Associació","Registre d'associacions (Generalitat)","1996-05-08T00:00:00.000+02:00","818460009","Ajuntament de Rubí"
"208","G60944246","Ass. Per a la promoció de l'espectacle infantil i juvenil a Rubí","c. Sant Josep, 31","08191","Rubí",,,,"628257720","francinarusi@gmail.com",,"Associació","Registre d'associacions (Generalitat)","1995-09-20T00:00:00.000+02:00","818460009","Ajuntament de Rubí"
"211","G62078696","Grup de puntaires de Rubí","C. Lope de Vega, 27","08191","Rubí",,,,"628257720","francinarusi@gmail.com",,"Associació","Registre d'associacions (Generalitat)","1999-02-27T00:00:00.000+01:00","818460009","Ajuntament de Rubí"
"212","G62382320","Companyia de Teatre El Desvan","c. Pit roig, 6","08191","Rubí",,,,"692195361","mluzdramaturga@hotmail.com",,"Associació","Registre d'associacions (Generalitat)","2000-03-21T00:00:00.000+01:00","818460009","Ajuntament de Rubí"
"215","G60845922","Rubí Solidari","C. Orso, 6","08191","Rubí","4","2.0304626618","41.4946655724","935888643","info@rubisolidari.org","www.rubisolidari.org","Associació","Registre d'associacions (Generalitat)","1994-09-05T00:00:00.000+02:00","818460009","Ajuntament de Rubí"
"216","G58363631","Fundació Museu-Biblioteca de Rubí","Plaça Dr. Guardiet, 9","08191","Rubí",,,,"600793022","jordivilaltam@gmail.com","www.ccfundacions.cat/fundacions/fundacio-museu-biblioteca-de-rubi","Fundació","Registre d'associacions (Generalitat)",,"818460009","Ajuntament de Rubí"
"217","G62437785","Associació de Propietaris Tres Camins","c. Pintor Coello, 10 bxos.","08191","Rubí",,,,"660060382","setcasesrubi@hotmail.com",,"Associació","Registre d'associacions (Generalitat)","2000-09-20T00:00:00.000+02:00","818460009","Ajuntament de Rubí"
"218","G62462494","Coordinadora de Entidades Culturales Andaluzas de Rubí (CECAR)","C. Orso, 6","08191","Rubí","4","2.0304626618","41.4946655724","609347755","c.e.c.a.r@hotmail.com",,"Federació","Registre d'associacions (Generalitat)","2000-03-13T00:00:00.000+01:00","818460009","Ajuntament de Rubí"
"219","G61994000","Associació de Dansa de Rubí (ADANUBI)","Carrer de Sant Pere, 40 (Esc. Pau Casals)",,,,,,"629 78 96 12","adanubi.rubi@gmail.com","http://adanubidansa.org/","Associació","Registre d'associacions (Generalitat)","1998-06-20T00:00:00.000+02:00","818460009","Ajuntament de Rubí"
"223","G59183806","Unió Esportiva Rubí","Av. Olimpiades, s/n","08191","Rubí","5","2.0434794682","41.5014710336","606681527","uerubi1912@hotmail.com","www.eurubi.cat","Entitats esportives","Registre d'Entitats Esportives",,"818460009","Ajuntament de Rubí"
"225","G62529706","Associació cultural 'Som gent alegre'","Av. Sant Muç, 52","08191","Rubí",,,,"620523231","NO TENEN",,"Associació","Registre d'associacions (Generalitat)","2001-03-01T00:00:00.000+01:00","818460009","Ajuntament de Rubí"
"232","G62654462","Associació Aplec de Rubí","Passeig Francesc Macià, 32 àtic","08191","Rubí",,,,"686758957","comissioaplecderubi@gmail.com",,"Associació","Registre d'associacions (Generalitat)","2001-05-25T00:00:00.000+02:00","818460009","Ajuntament de Rubí"
"234","G62722608","Compañía de Teatro Clásicos Mal Versados","c. Corbera, 51","08191","Rubí",,,,"630319129","SENSE MAIL",,"Associació","Registre d'associacions (Generalitat)","2001-07-26T00:00:00.000+02:00","818460009","Ajuntament de Rubí"
"237","G59741694","Asociación de Vecinos de Can Mir - Castellnou Sector C","c. Còlera, s/n","08191","Rubí",,,,"639503420","aavvveinssectorccastellnou@gmail.com",,"Associació","Registre d'associacions (Generalitat)",,"818460009","Ajuntament de Rubí"
"238","G63903579","Asociación de Vecinos y Propietarios de les Valls Sector V - Rubí","c. Lluís Canadell-Sant Muç, 30","08191","Rubí",,,,"670480833","asc-vecinoslesvallssectorv@hotmail.com",,"Associació","Registre d'associacions (Generalitat)","2001-02-07T00:00:00.000+01:00","818460009","Ajuntament de Rubí"
"239","G62889969","As. Cultural Uruguayo-Catalana de Rubí 'Los Botijas'","Rambla Prim, 76","08019","Barcelona",,,,"630230772","asoc.losbotijas@gmail.com",,"Associació","Registre d'associacions (Generalitat)",,"818460009","Ajuntament de Rubí"
"240","G62943550","Tertúlies de l'Ateneu de Rubí","C. Xile, 3","08191","Rubí","4","2.033040072","41.4925344084","936996033","angelesf26@hotmail.com",,"Associació","Registre d'associacions (Generalitat)","2001-09-04T00:00:00.000+02:00","818460009","Ajuntament de Rubí"
"241","G62943576","Associació Amics del col·leccionisme","c. Riera, 3","08191","Rubí",,,,"639636328","isidrefores@yahoo.es",,"Associació","Registre d'associacions (Generalitat)","2002-02-27T00:00:00.000+01:00","818460009","Ajuntament de Rubí"
"246","G60837945","Associació de la Comunitat de Propietaris Rubí 128","Passatge Barcelona, s/n","08191","Rubí",,,,"936973347","asociacion_rubi128@msn.com",,"Associació","Registre d'associacions (Generalitat)","1994-11-06T00:00:00.000+01:00","818460009","Ajuntament de Rubí"
"249","G62797865","Ass. Per a la recerca d'acords i folklore Imaginari","C. Dr. Ferran, 13 1r 4a","08191","Rubí",,,,"606116988","ivangalan66@hotmail.com",,"Associació","Registre d'associacions (Generalitat)","2001-11-20T00:00:00.000+01:00","818460009","Ajuntament de Rubí"
"250","G62167150","Club de Ràdio-control de Rubí","c. Francesc Macià, 47","08191","Rubí",,,,"692806979","clubradiocontrolrubi@gmail.com","www.clubradiocontrolrubi.com","Associació","Registre d'associacions (Generalitat)",,"818460009","Ajuntament de Rubí"
"251","G63110134","Associació de familiars de malalts mentals","c. Pitàgoras, 4","08191","Rubí",,,,"661281450","afmmr@hotmail.com","https://www.afammca.org/",,,"2002-12-18T00:00:00.000+01:00","818460009","Ajuntament de Rubí"
"253","G62887419","Associació de Veïns Sant Jordi Park-Xercavins","c. Agustí Pujol i Vallhonrat, 11","08191","Rubí",,,,"607167800","ricardomontalvo@hotmail.com",,"Associació","Registre d'associacions (Generalitat)","2002-05-27T00:00:00.000+02:00","818460009","Ajuntament de Rubí"
"254","G63171698","Associació de Veïns Districte 5 El Portal","c. Ntra. Sra. De Lourdes, 86","08191","Rubí",,,,"630280059","casa-de-todos@hotmail.com",,"Associació","Registre d'associacions (Generalitat)","2002-09-20T00:00:00.000+02:00","818460009","Ajuntament de Rubí"
"256","G60020724","Associació de Propietaris del barri de Ximelis","c. Serra de Collserola, 5-7","08191","Rubí",,,,"639781795","victorgcerezales@gmail.com",,"Associació","Registre d'associacions (Generalitat)","1994-06-09T00:00:00.000+02:00","818460009","Ajuntament de Rubí"
"259","G62106117","Coordinadora d'associacions per la llengua","C. Olzinelles, 118","08014","BARCELONA",,,,"934159002","cal@cal.cat","www.cal.cat","Associació",,"1999-06-14T00:00:00.000+02:00","818460009","Ajuntament de Rubí"
"263","G63331847","Colla de geganters Teresa Altet","c. Mallora, s/n","08191","Rubí",,,,"634438203","teresinaaltet@gmail.com","www.teresinaaltet.wordpress.com","Associació","Registre d'associacions (Generalitat)","2003-02-14T00:00:00.000+01:00","818460009","Ajuntament de Rubí"
"267","G63280325","Club deportivo Fondistas Rubí","c. Ferrol, 4 1r 1a","08191","Rubí",,,,"699639903","sampar774@telefonica.net","www.fondistesrubi.es","Entitats esportives","Registre d'Entitats Esportives","2003-09-13T00:00:00.000+02:00","818460009","Ajuntament de Rubí"
"269","G60910528","Ass. Catalana d'Enginyeria sense fronteres","c. murcia n. 24, Baixos","08027","Barcelona",,,,"933022753","projectes@esf-cat.org; contacta@esf-cat.org","www.esf.cat.org","Associació","Registre d'associacions (Generalitat)","1994-10-15T00:00:00.000+01:00","818460009","Ajuntament de Rubí"
"270","G61116240","Colla de Diables de la Riera de Rubí","C. Orso, 6","08191","Rubí","4","2.0304626618","41.4946655724","691920219","diablesdelariera@gmail.com",,"Associació","Registre d'associacions (Generalitat)",,"818460009","Ajuntament de Rubí"
"271","G63444129","Associació del Casal Primer de Maig","C. Lepant, 29","08191","Rubí","5","2.0348395505","41.4992285255","697704389","SENSE MAIL",,"Associació","Registre d'associacions (Generalitat)","2003-01-08T00:00:00.000+01:00","818460009","Ajuntament de Rubí"
"272","G63487607","Fundació privada Lliga Catalana d'ajuda oncològica (ONCOLLIGA)","c. Rector Ubach, 5","08021","Barcelona",,,,"615223277","rubi@oncolliga.cat; oncolliga@oncolliga.cat","www.oncolliga.cat","Fundació","Registre d'associacions (Generalitat)",,"818460009","Ajuntament de Rubí"
"273","G60338878","Ass. Vallès Amics de la Neurologia (AVAN)","Plaça de la Cultura, 5","08225","Terrassa",,,,"935881790","rubi@amicsdelaneurologia.org","www.avan.cat","Associació","Registre d'associacions (Generalitat)",,"818460009","Ajuntament de Rubí"
"279","G63501670","Casal Popular de Rubí","C. Pere Esmendia, 14","08191","Rubí","4","2.0309842503","41.4902897315","609060237","casal@casalpopular.org","www.casalpopular.org","Associació",,,"818460009","Ajuntament de Rubí"
"280","G63801534","Salsarubí","c. Sant Ignasi, 15","08191","Rubí",,,,"619741546","jab13_13@hotmail.com",,"Associació","Registre d'associacions (Generalitat)","2002-01-10T00:00:00.000+01:00","818460009","Ajuntament de Rubí"
"281","G63436398","Associació de Mares i Pares d'Alumnes del CEE Ca n'Oriol","C. Granada, 31","08191","Rubí","5","2.0455405972","41.4990627629","629117668","ampaceecanooriol@gmail.com","www.escolacanoriol.com/comunitat-educativa/ampa","Associació","Registre d'associacions (Generalitat)","2004-01-27T00:00:00.000+01:00","818460009","Ajuntament de Rubí"
"283","G59321760","AMPA Escola Montserrat","C. Pintor Coello, 5","08191","Rubí","4","2.0332701507","41.4887079003","678580674","ampa@escolamontserrat.cat; vanessalcaldehernandez@gmail.com","www.ampa.escolamontserrat.cat","Associació",,"1974-05-11T01:00:00.000+02:00","818460009","Ajuntament de Rubí"
"288","G63860944","Associació de Mares i Pares d'Alumnes Escola Ca n'Alzamora","C. d'Antoni Sedó, 91-101","08191","Rubí","3","2.0356816782","41.4797147179","653179092","canalzamora.ampa@gmail.com","www.canalzamora.cat/ampa/qui-som","Associació","Registre d'associacions (Generalitat)",,"818460009","Ajuntament de Rubí"
"289","G64222474","Associació juvenil de hip hop Bronquitis squad","c. Oriol, 26 1r 1a","08191","Rubí",,,,"649878193","bronquitissquad@hotmail.com",,"Associació","Registre d'associacions (Generalitat)","2004-06-21T00:00:00.000+02:00","818460009","Ajuntament de Rubí"
"294","G61609772","Frontenis Rubí","C. Soria, 1","08191","Rubí","5","2.0412259778","41.4966125067","659261613","carlos.vi2005@hotmail.com","https://www.yelp.es/biz/club-de-frontenis-rubi-rubi","Entitats esportives","Registre d'Entitats Esportives","1998-02-22T00:00:00.000+01:00","818460009","Ajuntament de Rubí"
"295","G08504870","Club Sportenis de Rubí","C. Pineda, 22-32","08191","Rubí","2","2.0163215485","41.5036679724","936992890","sportenis@adade.es","www.sportenis.es          Apartat  de Correus 55","Entitats esportives","Registre d'Entitats Esportives","1994-01-24T00:00:00.000+01:00","818460009","Ajuntament de Rubí"
"297","G64172174","As. Cultural andaluza Aromas del Sur de ca n'Oriol (RUBÍ)","C. SÒRIA, 2",,,,,,"935887007","aromasdelsur@canoriol.es; zofi78@gmail.com","www.canoriol.es","Associació","Registre d'associacions (Generalitat)","2005-09-15T00:00:00.000+02:00","818460009","Ajuntament de Rubí"
"300","G64133473","Peña Bética de Rubí","Passeig del Ferrocarril, 23","08191","Rubí",,,,"617617133","sporting1988@gmail.com",,"Associació estatal","Registre d'associacions (Generalitat)","2005-06-11T00:00:00.000+02:00","818460009","Ajuntament de Rubí"
"301","Q2866001G","Creu Roja Sant Cugat-Rubí-Valldoreix","Carrer de Primer de Maig, 43","08191","Rubí",,,,"936742383","scugatrubi@creuroja.org; xavier.royo@creuroja.org","http://www.creurojascru.santcugatentitats.net/Home/_H4QS29qxa7343wF9yQGfUBkKnMKGhHpzyCUneVEV_0txqYOSCjF4CA",,,,"818460009","Ajuntament de Rubí"
"302","G63511034","Associació de Veïns Camí de Can Carreras","Can Carreras. Parcel·la 53. Caseta postal 763","08191","Rubí",,,,"600080208","associaciocancarreras@gmail.com",,"Associació","Registre d'associacions (Generalitat)","2003-01-03T00:00:00.000+01:00","818460009","Ajuntament de Rubí"
"306","G64541220","Ass. Juvenil de promoció del Magnanime Otakurubí","C. Sabadell, 18","08191","Rubí","4","2.0340006148","41.4945615312","689 075 323","info@otakurubi.org; marc.palenzuela.reyes@gmail.com",,"Associació","Registre d'associacions (Generalitat)","2006-12-11T00:00:00.000+01:00","818460009","Ajuntament de Rubí"
"309","G64599509","Club Escola de Futbol Can Mir","c. Alforja, s/n","08191","Rubí",,,,"607722071","cefcanmir@cefcanmir.com","www.cefcanmir.org","Entitats esportives","Registre d'Entitats Esportives","2007-06-08T00:00:00.000+02:00","818460009","Ajuntament de Rubí"
"310","G60593944","AMPA CEIP 25 de Setembre 1993","Grup 25 de Setembre, s/n","08191","Rubí",,,,"630224199","afa25desetembre@gmail.com","www.agora.xtec.cat/ceip-25setembre-rubi/ampa","Associació","Registre d'associacions (Generalitat)",,"818460009","Ajuntament de Rubí"
"315","G64315658","Associació de famílies d'Alumnes Rivo Rubeo de Rubí","c. Gràcia, s/n","08191","Rubí",,,,"623108955","afa@rivorubeo.cat",,"Associació","Registre d'associacions (Generalitat)",,"818460009","Ajuntament de Rubí"
"316","G59719278","Associació de Pares i Mares d'Alumnes del CEIP Joan Maragall Les Cabanyes, de Rubí","Ctra. de Rubí a Ullastrelll, 133","08191","Rubí","2","2.0021474874","41.5064973101","623 066 936","ampamaragallrubi@gmail.com","www.joanmaragallrubi.cat","Associació","Registre d'associacions (Generalitat)","1990-12-17T00:00:00.000+01:00","818460009","Ajuntament de Rubí"
"317","G61220703","AFA IES La Serreta","C. Lepant, 5","08191","Rubí","5","2.0346636775","41.4980056633","936996363","afa@serreta.cat","https://agora.xtec.cat/iesserreta/afa/qui-som/","Associació","Registre d'associacions (Generalitat)","1996-10-16T00:00:00.000+02:00","818460009","Ajuntament de Rubí"
"321","G64685597","Colla Gegantera El Pinar","El Pinar Zona aparcaments, s/n","08191","Rubí",,,,"616554664","silvestreblazquezromero@gmail.com",,"Associació","Registre d'associacions (Generalitat)","2007-09-23T00:00:00.000+02:00","818460009","Ajuntament de Rubí"
"323","G64895915","Associació Catalana - Senegalesa per la Cooperació i la Promoció Social i Cultural de Rubí (Acsproc)","C. Orso, 6","08191","Rubí","4","2.0304626618","41.4946655724","602835884","acsprosc@hotmail.es; rounage@hotmail.com",,"Associació","Registre d'associacions (Generalitat)","2008-05-11T00:00:00.000+02:00","818460009","Ajuntament de Rubí"
"326","G58063496","Ass.d'Adjudicataris del Mercat Municipal de Rubí","c. Cal Gerrer, s/n","08191","Rubí",,,,"663813415","mercatmunicipalderubi@gmail.com; cansaladeria-casas@hotmail.com",,"Associació",,,"818460009","Ajuntament de Rubí"
"327","G63876734","Coral Conturbat me","c. Federico García Lorca, 37 5è 3a","08191","Rubí",,,,"650528393","eduardsaez@gmail.com","www.conturbatmeblog.wordpresscom","Associació","Registre d'associacions (Generalitat)","2004-06-15T00:00:00.000+02:00","818460009","Ajuntament de Rubí"
"329","G65161473","AMIGOS DE LAS MOTOS CUSTOM COWBOYS MOTORCICLE CLUB","ctra. Molins de Rei, km 13,5 Nau 107","08191","Rubí",,,,"617603449","cowboysmcrubi@gmail.com",,"Associació","Registre d'associacions (Generalitat)","2009-05-01T00:00:00.000+02:00","818460009","Ajuntament de Rubí"
"330","G08995466","Patronat Acció Solidària contra l'Atur","Oficina Barcelona  Riera Sant Miquel, 1, planta -1","08006","Barcelona",,,,"932174708","info@acciosolidaria.cat","www.acciosolidaria.cat","Fundació","Registre d'associacions (Generalitat)","1984-11-08T00:00:00.000+01:00","818460009","Ajuntament de Rubí"
"331","G64804198","Associació de veïns del carrer Sant Isidre","c. Sant Isidre, 11","08191","Rubí",,,,"630168506","fvbenas@gmail.com",,"Associació","Registre d'associacions (Generalitat)","2008-01-31T00:00:00.000+01:00","818460009","Ajuntament de Rubí"
"332","G08310070","Òmnium Cultural","c. Diputació, 276 principal","00000","Barcelona",,,,"93 319 80 50","rubi@omnium.cat","www.omnium.cat/rubi","Associació","Registre d'associacions (Generalitat)",,"818460009","Ajuntament de Rubí"
"333","G65282071","Asociación de Vecinos Siglo XXI","c. de la Lluna, 13 1r 1a","08191","Rubí",,,,"619342244","asocsigloXXI@gmail.com","www.asocsiglo21@blogspot","Associació","Registre d'associacions (Generalitat)","2010-01-25T00:00:00.000+01:00","818460009","Ajuntament de Rubí"
"335","G65373599","Ass. Colla de diables Rubeo Diablorum","Ctra. Sabadell, 16 4t 3a","08191","Rubí",,,,"607726148","rubeodiablorum@gmail.com",,"Associació","Registre d'associacions (Generalitat)","2010-03-19T00:00:00.000+01:00","818460009","Ajuntament de Rubí"
"336","G65254146","Associació Airsoft Rubí","c. Joan Puig, local lk-44","08191","Rubí",,,,"658912180","utarairsoftrubi@hotmail.com; fjcarva@hotmail.com","www.utar-airsoft.foroactivo.com","Associació","Registre d'associacions (Generalitat)",,"818460009","Ajuntament de Rubí"
"337","G62799184","Fundació benèfica privada Quetzal","Passeig Comerç, 6-8 5è 2a","08203","Sabadell",,,,"661473927","fundacioquetzal@gmail.com; paquita1quetzal@gmail.com","www.fundacioquetzal.org","Fundació","Registre d'associacions (Generalitat)","2001-06-23T00:00:00.000+02:00","818460009","Ajuntament de Rubí"
"340","G65143745","Kyokushin Ryu","c. Abat Escarré, 49 4t 3a","08191","Rubí",,,,".","modestopozo@hotmail.com","knkryu.blogspot.com/2013/09/1-quienes-somos.html","Associació","Registre d'associacions (Generalitat)","1990-04-30T00:00:00.000+02:00","818460009","Ajuntament de Rubí"
"341","G65383283","Associació de Mares i Pares d'Alumnes de l'Escola del Bosc","C. Anton de Borja s/n","08191","Rubí","5","2.0401735267","41.4940425085","607160821","afaescoladelbosc@gmail.com","www.ampaescoladelbosc.blogspot.com","Associació","Registre d'associacions (Generalitat)","2010-07-14T00:00:00.000+02:00","818460009","Ajuntament de Rubí"
"342","G65361941","Associació Rodamons de Rubí","c. Amor, 12","08191","Rubí",,,,"639679777","rodamonsderubiassociacio@gmail.com","www.rodamonsderubi.com","Associació","Registre d'associacions (Generalitat)","2010-06-01T00:00:00.000+02:00","818460009","Ajuntament de Rubí"
"344","G65298838","AMPA Escola Municipal de Música Pere Burés","C. Joaquim Blume, 28","08191","Rubí","4","2.0296757087","41.4940904184","634438203","ampaperebures@gmail.com; jmesteveg@gmail.com","www.ampaescolaperebures.blogspot.com","Associació","Registre d'associacions (Generalitat)","2010-01-21T00:00:00.000+01:00","818460009","Ajuntament de Rubí"
"349","G65540171","Associació Rubí musical Segle XXI","c. Nou, 52","08191","Rubí",,,,"680241590","armrubi@gmail.com",,"Associació","Registre d'associacions (Generalitat)","2011-01-19T00:00:00.000+01:00","818460009","Ajuntament de Rubí"
"350","G09326745","Fundación Vicente Ferrer","c. París, 71","08610","Barcelona",,,,"900111300","remegoga53@gmail.com; ipublicas@fundacionvicenteferrer.org; lfita@fundacionvicenteferrer.org","www.fundacionvicenteferrer.org","Fundació","Altres",,"818460009","Ajuntament de Rubí"
"351","G65530776","Associació Riuroig","C. PONTEVEDRA, 12","08191","RUBÍ",,,,"653804737","riuroig@hotmail.com",,"Associació","Registre d'associacions (Generalitat)","2011-02-11T00:00:00.000+01:00","818460009","Ajuntament de Rubí"
"354","G65796179","Associació Va d Teatre","c. Tres Camins, 17","08191","Rubí",,,,"620877505","flipon_50@hotmail.com",,"Associació","Registre d'associacions (Generalitat)","2011-11-29T00:00:00.000+01:00","818460009","Ajuntament de Rubí"
"355","G65876955","Associació de solidaritat i ajuda veïnal (ASAV)","c. Cervantes, 32","08191","Rubí",,,,"931708421","asavrubi@gmail.com","www.asavrubi.org","Associació","Registre d'associacions (Generalitat)","2012-05-28T00:00:00.000+02:00","818460009","Ajuntament de Rubí"
"356","G65581621","Assemblea Nacional Catalana (ANC) Assemblea territorial E XI","Ps. De Gràcia, 122 planta A3 1r","08008","Barcelona",,,,"661501337","secretaria@assemblea.cat","https://assemblea.cat/?q=assemblees-territorials","Associació","Registre d'associacions (Generalitat)","2011-05-28T00:00:00.000+02:00","818460009","Ajuntament de Rubí"
"358","J65884496","Asociación Musical Fenix","Urbanització El Pinar, bloc 1, esc. 3 bxos. 1a","08191","Rubí",,,,"600735441","SENSE MAIL",,"Associació","Registre d'associacions (Generalitat)","2012-10-05T00:00:00.000+02:00","818460009","Ajuntament de Rubí"
"359","G65625840","Associació Casal de Rubí","c. Sant Joan, 1","08191","Rubí",,,,"640220962","cracrubi@gmail.com","https://crac.cat","Associació","Registre d'associacions (Generalitat)","2011-11-18T00:00:00.000+01:00","818460009","Ajuntament de Rubí"
"360","G65845307","Associació Cultural i Social de Touba-rubí (ACSOT)","Plaça Constitució, 9 3r 1a","08191","Rubí",,,,"605550853","acsotrubi@gmail.com",,"Associació","Registre d'associacions (Generalitat)","2012-06-17T00:00:00.000+02:00","818460009","Ajuntament de Rubí"
"364","G63930499","Fundació privada AVAN","c. Estrella, 110","08186","Sabadell",,,,"935881790","rubi@avan.cat; direccio@avan.cat","www.avan.cat","Fundació","Registre d'associacions (Generalitat)","2012-11-12T00:00:00.000+01:00","818460009","Ajuntament de Rubí"
"366","G65832768","Associació Club Ornitològic Rubí (ACOR)","c. Balmes, 5","08191","Rubí",,,,"667450260","acor.rubi@gmail.com","https://clubornitologicorubi.jimdofree.com/","Associació","Registre d'associacions (Generalitat)","2012-06-27T00:00:00.000+02:00","818460009","Ajuntament de Rubí"
"367","G65958019","Associació Juvenil Tiamat Teatre","c. Mossén Cinto, 14 àtic","08191","Rubí",,,,"658485723","tiamatteatre@gmail.com","www.tiamatteagre.wixsite.com/tiamat-teatre.com","Associació","Registre d'associacions (Generalitat)","2012-09-12T00:00:00.000+02:00","818460009","Ajuntament de Rubí"
"369","G65974040","Ass. De Jubilats i pensionistes de ca n'Oriol","c. Jaén, 22","08191","Rubí",,,,"687111644","avcanoriol@gmail.com",,"Associació","Registre d'associacions (Generalitat)","2013-01-23T00:00:00.000+01:00","818460009","Ajuntament de Rubí"
"370","G66141714","Associació Rubí d'Arrel","C. Historiador Serra, 2","08191","Rubí","4","2.0304454031","41.4867608043","685348226","rubidarrel@wordpress.com","https://rubidarrel.wordpress.com/","Associació","Registre d'associacions (Generalitat)","2012-11-17T00:00:00.000+01:00","818460009","Ajuntament de Rubí"
"371","G66153008","Associació Jazz Rubí","Mare de Deu de Fatima n.20, 5-3","08191","Rubí",,,,"651536444","associaciojazzrubi@hotmail.com",,"Associació","Registre d'associacions (Generalitat)","2013-10-19T00:00:00.000+02:00","818460009","Ajuntament de Rubí"
"372","G66240847","Societat de Blues de Rubí","Plaça Clavé, 4-6","08191","Rubí",,,,"655261907","administracio@societatbluesrubi.com","https://societatbluesrubi.com/","Associació","Registre d'associacions (Generalitat)","2013-09-06T00:00:00.000+02:00","818460009","Ajuntament de Rubí"
"373","G61369526","Fundació Gresol Projecte Home","Gran Via de les Corts Catalanes, 204 bis, local 7. 08004",,,,,,"934693225","info@projectehome.org","www.projectehome.cat","Fundació","Registre d'associacions (Generalitat)","1996-04-10T00:00:00.000+02:00","818460009","Ajuntament de Rubí"
"374","G66136235","Associació Numismàtica de Rubí 2013","c. Covadonga, 42 1r 1a","08191","Rubí",,,,"637223784","numismaticarubi2013@gmail.com",,"Associació","Registre d'associacions (Generalitat)","2013-09-20T00:00:00.000+02:00","818460009","Ajuntament de Rubí"
"375","G66262213","Associació Art Inquiets","c. Pintor Coello, 32 1r2a","08191","Rubí",,,,"656195598","artinquiets@gmail.com","www.artinquiets.wordpress.com","Associació","Registre d'associacions (Generalitat)","2013-12-05T00:00:00.000+01:00","818460009","Ajuntament de Rubí"
"376","G66302498","Associació de Veïns Can Ximelis Sector D-4","Antic camí de Ximelis, 15","08191","Rubí",,,,"617425528","jmanac@gmail.com",,"Associació","Registre d'associacions (Generalitat)","2013-10-18T00:00:00.000+02:00","818460009","Ajuntament de Rubí"
"377","G66061045","Associació Esportiva Els Quintos","Av. Estatut, 179 1r 2a","08191","Rubí",,,,"625449922","elskintus@gmail.com",,"Entitats esportives","Registre d'Entitats Esportives","2013-01-01T00:00:00.000+01:00","818460009","Ajuntament de Rubí"
"380","G66316225","Ass. Cultural senegambiana Kanbeng","c. Santa Llúcia, 7 5è 4a","08191","Rubí",,,,"666316225","dembosan2017@gmail.com",,"Associació","Registre d'associacions (Generalitat)","2013-11-11T00:00:00.000+01:00","818460009","Ajuntament de Rubí"
"381","G63521546","Asociación Oudiodial","Ronda O'Donnell, 6","08302","Mataró",,,,"632789391","oudiodialcatacasa@gmail.com; bassirsaly@gmail.com",,"Associació","Registre d'associacions (Generalitat)","2003-12-16T00:00:00.000+01:00","818460009","Ajuntament de Rubí"
"382","G65523508","Associació Vendanthangal Sangam","c. Sant Pere, 112 baixos","08911","Badalona",,,,"933 892 413","info@laiafoundation.org","www.laiafoundation.org","Associació","Registre d'associacions (Generalitat)","2011-02-25T00:00:00.000+01:00","818460009","Ajuntament de Rubí"
"384","G66364324","Club Esportiu Chen Taichi Vida","Av. Castellbisbal, 74","08191","Rubí",,,,"660676093","luchen_taijiquan@hotmail.com","www.chentaichivida.es","Entitats esportives","Registre d'Entitats Esportives","2009-10-13T00:00:00.000+02:00","818460009","Ajuntament de Rubí"
"385","G66397134","Asociación Agroecológica Can Feliu","Plaça Anselm Clavé, 4-6","08191","Rubí",,,,"675495701","ecobodum@gmail.com",,"Associació","Registre d'associacions (Generalitat)","2014-10-09T00:00:00.000+02:00","818460009","Ajuntament de Rubí"
"387","G66446824","Associació Juvenil Teatral Escena 13","c. Menta, 28","08191","Rubí",,,,"691356412","13escena@gmail.com",,"Associació","Registre d'associacions (Generalitat)","2014-07-28T00:00:00.000+02:00","818460009","Ajuntament de Rubí"
"389","G66452210","Vecinos por Rubí - Veïns per Rubí","Passeig Pau Claris, 62 4t 4a","08191","Rubí",,,,"651445502","veinsxrubi@gmail.com; vecinosxrubi@gmail.com","www.vecinosrubi.org","Associació","Registre d'associacions (Generalitat)","2014-12-01T00:00:00.000+01:00","818460009","Ajuntament de Rubí"
"390","G65443723","Ass. Comerciants i Serveis de Sant Jordi Park","Av. Josep Ferrer i Domingo, 10","08191","Rubí",,,,"646123797","aaccsantjordiparc@gmail.com","www.rubicomerç.cat/assoc_desc.php?assoc=1","Associació","Registre d'associacions (Generalitat)",,"818460009","Ajuntament de Rubí"
"391","G66488537","ACBAE -Associació Cultural Brasilera d'Arts i Esports","Avinguda de l?Estatut, 9, 5è 2a","08191","Rubí",,,,"640955702","stalyn0959@gmail.com",,"Associació","Registre d'associacions (Generalitat)","2015-01-26T00:00:00.000+01:00","818460009","Ajuntament de Rubí"
"392","R0800380H","Casa Colegio Regina carmeli Hnas. Carmelitas de San José","c. Sant Sebastià, 34","08191","Rubí",,,,"936990353","direccio@reginacarmeli.com","www.reginacarmeli.com","Entitats esportives","Registre d'Entitats Esportives",,"818460009","Ajuntament de Rubí"
"393","G66116351","Asociación de Residente de Mandegane en Barcelona","Av. Can Cabanyes, 4 4t 1a","08191","Rubí",,,,"602333813","badiane162@gmail.com",,,,"2013-08-18T00:00:00.000+02:00","818460009","Ajuntament de Rubí"
"394","G66513169","Ass. Hermandad Virgen de la Luna en Cataluña","c. Topazi, 51 4t","08191","Rubí",,,,"657614021","jarotesrocieros@hotmail.com",,"Associació","Registre d'associacions (Generalitat)","2014-11-11T00:00:00.000+01:00","818460009","Ajuntament de Rubí"
"395","G66539271","Associació Plataforma Rubí sense abocadors","c. Alcanar, 40","08191","Rubí",,,,"670276917","naaljl@gmail.com",,"Associació","Registre d'associacions (Generalitat)","2015-01-28T00:00:00.000+01:00","818460009","Ajuntament de Rubí"
"397","G65815045","Associació d'ajuda cívica i assistencial Casa de Provisió","c. Lope de Vega, 22 bxos.","08191","Rubí",,,,"685979081","esperanza_rivas@hotmail.com",,"Associació","Registre d'associacions (Generalitat)","2011-12-15T00:00:00.000+01:00","818460009","Ajuntament de Rubí"
"400","G66694282","Associació Juvenil Fata Morgana","c. Monturiol, 2 2n 4a","08191","Rubí",,,,"660254640","pol.borrell.falco.teatre@gmail.com","ciafatamorgana.wixsite.com/fata-morgana-teatre","Associació","Registre d'associacions (Generalitat)","2015-10-01T00:00:00.000+02:00","818460009","Ajuntament de Rubí"
"401","G66683780","Associació Casa de la Cultura de Catalunya","c. Espoz i Mina, 6-8","08191","Rubí",,,,"661628157","casadelaculturaecucat@gmail.com",,"Associació","Registre d'associacions (Generalitat)","2015-09-27T00:00:00.000+02:00","818460009","Ajuntament de Rubí"
"402","G65858169","Associació l'Estel-Ass. Pro persones en risc d'exclusió social","c. Sierra Nevada, 186 bxos. 5è","08191","Rubí",,,,"637770218","info@associacioestel.com","www.associacioestel.com",,,"2015-10-22T00:00:00.000+02:00","818460009","Ajuntament de Rubí"
"404","G65513947","Club boxeo Rubí","c. Cantallops, 10-12","08191","Rubí",,,,"686979692","boxeorubi@gmail.com","clubboxeorubi.wixsite.com/inicio/elclub","Entitats esportives","Registre d'Entitats Esportives","2013-02-06T00:00:00.000+01:00","818460009","Ajuntament de Rubí"
"405","G66261116","Societat Civil Catalana","c. Còrsega, 270 3r 5a","08008","Barcelona",,,,"935884776","secretaria@societatcivilcatalana.cat; sccrubi@gmail.com","www.societatcivilcatalana.cat","Associació","Registre d'associacions (Generalitat)","2015-11-07T00:00:00.000+01:00","818460009","Ajuntament de Rubí"
"406","G66726787","Associació Rubí Sociocultural i Integració (ARSI)","Passeig de la Riera, 122 2n 2a","08191","Rubí",,,,"699907830","rubisce@hotmail.com",,"Associació","Registre d'associacions (Generalitat)","2015-09-19T00:00:00.000+02:00","818460009","Ajuntament de Rubí"
"407","G62631932","Frater Nadal Servei Evangèlic","C. Colom, 4","08191","Rubí","4","2.0301070643","41.4888210496","618832318","esquerrabayo@gmail.com; fraternadal@gmail.com","www.esglesiarubi.org/esglesia/fraternadal","Associació","Registre d'associacions (Generalitat)","2016-02-18T00:00:00.000+01:00","818460009","Ajuntament de Rubí"
"409","G66923046","Ran de Terra, Associació per a la preservació de l'entorn natural i urbà","C. Llobateras, 59","08191","Rubí",,,,"687853101","casadorsdetrastets@gmail.com","caçadordetrastets.cat","Associació","Registre d'associacions (Generalitat)","2016-10-21T00:00:00.000+02:00","818460009","Ajuntament de Rubí"
"410","G66837592","Associació Cultural Mube","Av. Catalunya, 8 5è C","08191","Rubí",,,,"678087746","esplaimube@gmail.com","esplaimube.wixsite.com/mube/plants","Associació","Registre d'associacions (Generalitat)","2016-07-07T00:00:00.000+02:00","818460009","Ajuntament de Rubí"
"411","G66883083","Ass. De Comerciants, Serveis i Restauració de Rubí","Av. Barcelona, 57 entr. 2a","08191","Rubí",,,,"606036392","info@viurubi.com; cial@viurubi.com",,"Associació","Registre d'associacions (Generalitat)","2016-05-05T00:00:00.000+02:00","818460009","Ajuntament de Rubí"
"413","G66879800","Associació Cultural Aikido Soley","c. Sant Pere, 11 1r 1a","08191","Rubí",,,,"667206585","fidelkiaikido@gmail.com",,"Associació","Registre d'associacions (Generalitat)","2016-10-07T00:00:00.000+02:00","818460009","Ajuntament de Rubí"
"415","G66914409","Ass. Rubinenca per la kultura audiovisual i musical ARKAM","c. Magí Ramentol, 23 5è 2a","08191","Rubí",,,,"679783016","lalombardaproducciones@gmail.com","www.infest.es","Associació","Registre d'associacions (Generalitat)","2016-02-20T00:00:00.000+01:00","818460009","Ajuntament de Rubí"
"416","G66966623","Rubí Criquet Club","c. Lope de Vega, 29 1r 4a","08191","Rubí",,,,"672970922","zaryabguijar96@gmail.com",,"Entitats esportives","Registre d'Entitats Esportives","2015-02-09T00:00:00.000+01:00","818460009","Ajuntament de Rubí"
"417","G66857640","Associació catalana de drones i afins","c. Duran i Bas, 30 3r 1a","08191","Rubí",,,,"000000",,"www.xdron.org","Associació","Registre d'associacions (Generalitat)","2016-05-20T00:00:00.000+02:00","818460009","Ajuntament de Rubí"
"418","G66939992","Associació Noma, no al maltrato animal","c. Sant Jordi, 57 bxos. 3a","08191","Rubí",,,,"616500066","infonomatrato@gmail.com; amarig2@gmail.com",,"Associació","Registre d'associacions (Generalitat)","2016-01-30T00:00:00.000+01:00","818460009","Ajuntament de Rubí"
"419","G08509499","Associació Casino Español","C. Rafael Casanova, 1","08191","Rubí","4","2.031398095","41.4925671909","656976076","cesareoezpeleta@hotmail.com",,"Associació","Registre d'associacions (Generalitat)",,"818460009","Ajuntament de Rubí"
"420","G67000497","Associació 1 punt 5","Pl. Pep Rovira, 10 1r","08191","Rubí",,,,"611399085","associacio1punt5@gmail.com; esperanzaperez5@gmail.com","www.solucionesong.org/ong/associacio-1-punt-5/11076/view","Associació","Registre d'associacions (Generalitat)","2017-04-13T00:00:00.000+02:00","818460009","Ajuntament de Rubí"
"421","G67024059","Associació Juvenil Musical La Sonik","C. Sabadell, 18","08191","Rubí","4","2.0340006148","41.4945615312","637553321","lasonikrubi@gmail.com",,"Associació","Registre d'associacions (Generalitat)","2016-11-03T00:00:00.000+01:00","818460009","Ajuntament de Rubí"
"422","G66339987","Asociación Sí se Puede","c. General Castaños, 24","08191","Rubí",,,,"669914694","podemosrubi@gmail.com",,"Associació","Registre d'associacions (Generalitat)","2014-07-04T00:00:00.000+02:00","818460009","Ajuntament de Rubí"
"423","G66900531","Liga amateur de Snooker español","C. Orso, 11 1º 1ª","08191","Rubí",,,,"697519085","lasesnooker@gmail.com","www.laesnooker.com","Associació","Registro nacional de asociaciones (Ministeri Interior)","2016-10-24T00:00:00.000+02:00","818460009","Ajuntament de Rubí"
"424","G67008318","RubíTea, associació de famílies de persones amb autisme","c. Menorca, 7","08191","Rubí",,,,"617495032","info@rubitea.org","www.rubitea.org","Associació","Registre d'associacions (Generalitat)","2017-05-08T00:00:00.000+02:00","818460009","Ajuntament de Rubí"
"425","G67018010","Associació Aula d'Extensió Universitària per a la gent gran","C. Xile, 3","08191","Rubí","4","2.033040072","41.4925344084","935887473","aularubi@aularubi.cat","www.aularubi.cat","Associació","Registre d'associacions (Generalitat)","2017-05-15T00:00:00.000+02:00","818460009","Ajuntament de Rubí"
"426","G67001636","Associació d'animació Les Anades d'Olla de Rubí","c. Aribau, 10-A","08191","Rubí",,,,"647959853","lesanadesdolla@gmail.com","anadesdeolla.blogspot.com","Associació","Registre d'associacions (Generalitat)","2017-04-23T00:00:00.000+02:00","818460009","Ajuntament de Rubí"
"427","R0801934A","Càritas Diocesana de Terrassa","c. Duran i Sors, 11","08201","Sabadell",,,,"931433984","info@caritasdiocesanaterrassa.cat","www.caritasdiocesanaterrassa.cat","Entitats religiosa","Registro nacional de asociaciones (Ministeri Interior)","2014-01-27T00:00:00.000+01:00","818460009","Ajuntament de Rubí"
"428","G66984048","Associació Espai Artístic DC (Espai Artístic de Difusió Cultural)","c. Víctor Balaguer, 12-16","08191","Rubí",,,,"627201076","eadc2017@gmail.com; info@dinamiccrescendo.com",,"Associació","Registre d'associacions (Generalitat)","2017-03-04T00:00:00.000+01:00","818460009","Ajuntament de Rubí"
"429","G67126417","Associació Luar Oncologia Holística","Carrer Folch i Torres, 12, 1r 3a","08191","Rubí",,,,"677680815","carlos@luaronco.org",,"Associació","Registre d'associacions (Generalitat)","2017-06-01T00:00:00.000+02:00","818460009","Ajuntament de Rubí"
"430","G67054882","Associació Dones de Cor","Carrer Inventor Monturiol, 2-4. 2n 2a","08191","Rubí",,,,"626291200","donesdecor2012@gmail.com",,"Associació","Registre d'associacions (Generalitat)","2017-07-06T00:00:00.000+02:00","818460009","Ajuntament de Rubí"
"431","G66013970","Associació d'Arrel Dansa","Passeig Pau Claris, 33, 1r","08191","Rubí",,,,"662005625","gloriamasbatlles@hotmail.com",,"Associació","Registre d'associacions (Generalitat)","2013-03-23T00:00:00.000+01:00","818460009","Ajuntament de Rubí"
"432","G67173021","Associació Espai Socio Cultural l'Aurora","Plaça Anselm Clavé, 4","08191","Rubí",,,,"619547712","espaisocioculturalcgtrb@gmail.com","http://espaisociocultural.wixsite.com/misitio","Associació","Registre d'associacions (Generalitat)","2017-09-25T00:00:00.000+02:00","818460009","Ajuntament de Rubí"
"433","G67284042","Associació Cavallers Templers de Rubí","c. Sant Pere, 8","08191","Rubí",,,,"626892613","yogapbel@gmail.com",,"Associació","Registre d'associacions (Generalitat)","2018-02-24T00:00:00.000+01:00","818460009","Ajuntament de Rubí"
"434","G67101972","Asociación por la Innovación en Salud Mental y Educación (AISME)","c. Joan Maragall, 41 4t 4a","08191","Rubí",,,,"625982357","hola@perspectivamente.com","www.perspectivamente.com","Associació","Registre d'associacions (Generalitat)","2017-04-14T00:00:00.000+02:00","818460009","Ajuntament de Rubí"
"435","G66990847","Associació Ressò de Sant Muç","Av. Can Tapis,  91","08191","Rubí",,,,"645807837","comunicacio.resso@gmail.com",,"Associació","Registre d'associacions (Generalitat)","2017-03-24T00:00:00.000+01:00","818460009","Ajuntament de Rubí"
"436","G65698888","Associació de Voluntaris de Protecció Civil de Rubí","Ctra. Terrassa, 118","08191","Rubí","5","2.0350815818","41.503448015","629967997","avpcrubi@gmail.com",,"Associació","Registre d'associacions (Generalitat)","2017-03-24T00:00:00.000+01:00","818460009","Ajuntament de Rubí"
"437","G66898487","Shangrila Asociación de terapias","c. Milà i Fontanals, 18 local","08191","Rubí",,,,"615958400","shangrila.org@hotmail.com",,"Associació","Registre d'associacions (Generalitat)","2016-11-15T00:00:00.000+01:00","818460009","Ajuntament de Rubí"
"438","G59467076","Asociación Propietarios Parcelas Rubí Urbanitzación Can Ximelis","Passatge Xiprers, 3","08191","Rubí",,,,"630782776","rotia93@gmail.com",,"Associació","Registre d'associacions (Generalitat)","1982-04-25T00:00:00.000+02:00","818460009","Ajuntament de Rubí"
"439","G61095006","Associació El Far Servei Social Protestant","c. Pirineus, 2","08923","Santa Coloma de Gramenet",,,,"625957322","direccio@elfarsocial.cat","www.elfarsocial.cat","Associació","Registre d'associacions (Generalitat)",,"818460009","Ajuntament de Rubí"
"440","G66729948","Associació Ananda Rubí","Baixada Sant Joan, 18, 1r","08191","Rubí",,,,"629786044","xavixicota@gmail.com; info@anandarubi.com","www.anandarubi.com","Associació","Registre d'associacions (Generalitat)","2016-02-15T00:00:00.000+01:00","818460009","Ajuntament de Rubí"
"441","G67437962","Associació Catlovers Paradise","C Pontevedra, 8A","08191","Rubí",,,,"661203304","mercedescuesta2@gmail.com; shandyhepburn@gmail.com",,"Associació","Registre d'associacions (Generalitat)","2019-02-24T00:00:00.000+01:00","818460009","Ajuntament de Rubí"
"442","G65665226","Grup Eirene","Carrer Providència, 42","08015","Barcelona",,,,"620378104","grupeirene@gmail.com","www.grupeirene.org","Associació","Registre d'associacions (Generalitat)","2017-03-10T00:00:00.000+01:00","818460009","Ajuntament de Rubí"
"443","G67380261","Pistonets Racing Club Esportiu","Carrer Canari, 21","08191","Rubí",,,,"619970517","pistonetracingclub@gmail.com","pistonetsracing.club","Entitats esportives","Registre d'Entitats Esportives","2019-09-20T00:00:00.000+02:00","818460009","Ajuntament de Rubí"
"444","G66536350","Asociación Creativa Infantil Juguemos","c.Cal Guerrer, 2, 6è 3a","08191","Rubí",,,,"627326320","cedisvi.bll@gmail.com",,"Associació","Registre d'associacions (Generalitat)","2015-05-08T00:00:00.000+02:00","818460009","Ajuntament de Rubí"
"445","G66412909","Club Tiro con Arco Rubí","C. LOPE DE VEGA, 14","08191","RUBÍ",,,,"722172263","info.arquerosderubi@gmail.com","arquerosderubi.blogspot.com","Entitats esportives","Registre d'Entitats Esportives","2015-07-09T00:00:00.000+02:00","818460009","Ajuntament de Rubí"
"446","G67492629","Asociación SocioCultural Vestuarios Diferentes Mundos","PASEO DE LA RIERA 71-79","08191","RUBÍ",,,,"664798865","unimerco@hotmail.com",,"Associació","Registre d'associacions (Generalitat)","2019-07-25T00:00:00.000+02:00","818460009","Ajuntament de Rubí"
"447","G67563486","Associació de Veïns del Cami de les Martines","CAMI DE LES MARTINES 3","08191","RUBÍ",,,,"635484112","veinscamidelesmartines@gmail.com",,"Associació","Registre d'associacions (Generalitat)","2019-11-06T00:00:00.000+01:00","818460009","Ajuntament de Rubí"
"448","G67531418","Associació RubíAcull","C. Sant Joan, 1","08191","Rubí",,,,"630782776","coordinaciorubiacull@gmail.com",,"Associació","Registre d'associacions (Generalitat)","2020-01-20T00:00:00.000+01:00","818460009","Ajuntament de Rubí"
"450","G67392589","Associació No Limits Contra el Càncer Infantil","c. Mila i Fontanals, 11, 3r 1a","08191","Rubí",,,,"687699746","info@nolimitscontraelcancer.com","nolimitscontraelcancer","Associació","Registre d'associacions (Generalitat)","2019-02-12T00:00:00.000+01:00","818460009","Ajuntament de Rubí"
"451","G67616789","Associació de Veïns Terranova Can Roses de Rubí","C. Petanca, 5","08191","RUBÍ",,,,"625048752","associacioveinsterranova@gmail.com",,"Associació","Registre d'associacions (Generalitat)","2019-06-20T00:00:00.000+02:00","818460009","Ajuntament de Rubí"
"452","G67136879","Associació 4 Petjades Animals","C . Jacinto Benavente, 114","08191","Rubí",,,,"654730883","4petjades@gmail.com","https://4petjades.es","Associació","Registre d'associacions (Generalitat)","2017-11-19T00:00:00.000+01:00","818460009","Ajuntament de Rubí"
"453","G01685973","Associació Consell Local per la República Catalana de Rubí","C. Sant Joan, 1","08191","Rubí",,,,"607258350","rubi@consellrepublica.cat","consellrepublica.cat","Associació","Registre d'associacions (Generalitat)","2020-03-09T00:00:00.000+01:00","818460009","Ajuntament de Rubí"
"454","G66871054","Associació Nens de la Llauna","Camí del Recó, 1-9","08191","Rubí",,,,"609659595","xmas@nensdelallauna.org",,"Associació","Registre d'associacions (Generalitat)","2016-01-08T00:00:00.000+01:00","818460009","Ajuntament de Rubí"
"455","G61017042","SOM SUPORT FUNDACIÓ","c. Les Valls n. 28, 1-2","08108","Sabadell",,,,"93.727.70.55","monica@somsuport.cat; info@somsuport.cat","www.somsuport.cat","Fundació","Registre d'associacions (Generalitat)","2019-12-18T00:00:00.000+01:00","818460009","Ajuntament de Rubí"
"456","G65529661","Fundació APIP ACAM","C. PALOMA N. 21-23","08001","BARCELONA",,,,"682117562","fundacioapipacam@fundacioapipacam.org","https://fundacioapipacam.org/","Fundació","Registro nacional de asociaciones (Ministeri Interior)","2011-02-01T00:00:00.000+01:00","818460009","Ajuntament de Rubí"
"457","G16715757","ASSOCIACIÓ INFEST","C Cal Príncep, 25, 4t 3a","08191","Rubí",,,,"658485723","infest.rubi@gmail.com","www.infest.es","Associació","Registre d'associacions (Generalitat)","2021-02-06T00:00:00.000+01:00","818460009","Ajuntament de Rubí"
"458","G67436675","ASSOCIACIÓ DAUS VALLÉS","C. Escultor Clarà n.54","08224","Terrassa",,,,"629842774","associaciodaus@gmail.com",,"Acadèmia","Altres","2019-04-29T00:00:00.000+02:00","818460009","Ajuntament de Rubí"
"459","G67463349","Associació Sala Neus Català","C. Ulloa n.9","08191","Rubí",,,,"660.88.56.67","salaneuscatala@gmail.com",,"Associació","Altres","2018-11-30T00:00:00.000+01:00","818460009","Ajuntament de Rubí"
"461","G09830308","Asso. veïns i comerciants de la Zona Sud de Rubí, AV Progrés","Carrer de Marconi, 2, 1er, 2a","08191","Rubí",,,,"606634673","gfrancisco48@gmail.com",,"Associació","Altres","2021-12-29T00:00:00.000+01:00","818460009","Ajuntament de Rubí"
"462","G09909607","Mi mejor amigo es","Carretera de Rubí, 88","08174","Sant Cugat del Vallès",,,,"695041273","ambionatural@gmail.com",,"Associació","Altres","2021-12-07T00:00:00.000+01:00","818460009","Ajuntament de Rubí"
"463","G63721963","Associació Comissió Catalana D'Ajuda al Refugiat","C/Junta de Comerç 26, Baixos","08001","BARCELONA",,,,"933012539","ccar@ccar-cear.org",,"Associació","Altres","2018-10-19T00:00:00.000+02:00","818460009","Ajuntament de Rubí"
"464","G59734673","Associació de Músics Rock de Rubí","C. Xile, 3","08191","Rubí","4","2.033040072","41.4925344084","616588488","rubirock@rubirock.cat",,"Associació","Altres","2019-01-17T00:00:00.000+01:00","818460009","Ajuntament de Rubí"
"465","G09998477","Associació Gambia Costa Sonriente","C. Marconi n.10, Entresòl 4","08191","Rubí",,,,"632185084","SENSE MAIL",,"Associació","Altres",,"818460009","Ajuntament de Rubí"
"466","G01829894","Associació Fedde Kawral Aynabe Tamba","Plaça de la Vila, 5, 2n, 7a","08460","Santa Maria de Palautordera",,,,"632723871","djibisow980@gmail.com",,"Associació","Altres","2020-03-01T00:00:00.000+01:00","818460009","Ajuntament de Rubí"
"467","G67166702","ASSOCIACIÓ CULTURAL ULL PER ULL","C. MAXIMI FORNES, 56","08191","RUBÍ",,,,"685909376","carlesmercader@hotmail.com",,"Associació","Registre d'associacions (Generalitat)","2018-01-27T00:00:00.000+01:00","818460009","Ajuntament de Rubí"
"468","G72457096","Plataforma Social i Cultural de Rubí Assoc","Carrer Sant Joan, 28, local","08191","Rubí",,,,"632115081","fakharbosal081@gmail.com",,"Associació","Altres","2022-02-18T00:00:00.000+01:00","818460009","Ajuntament de Rubí"
"469","G66721838","Associació Propietaris Agroforestals de Castellbisbal, Rubí, Abrera i Ullastrell","C. Serra n.17","08231","Ullastrell",,,,"629706490","rafa@castelldebenviure.com",,"Associació","Altres","2016-05-24T00:00:00.000+02:00","818460009","Ajuntament de Rubí"
"470","G61964102","Associació Prohabitatge","CONCIL DE TRENTO 42, LOCAL 1","08018","Barcelona",,,,"934534019","cpallas@prohabitatge.org; prohabitatge@prohabitatge.org","www.prohabitatge.org","Associació","Altres","1999-04-13T00:00:00.000+02:00","818460009","Ajuntament de Rubí"
"471","G72846314","Associació Els Gats de Karen","Carrer d'Or, 8, 3r, 2a","08191","Rubí",,,,"658.60.04.14","losgatosdekarenasociacion@gmail.com",,"Associació","Altres","2022-09-15T00:00:00.000+02:00","818460009","Ajuntament de Rubí"
"472","G72961063","Associació Benèfica Camina Corre i Balla","Carrer Francesc Rovira i Riba, 46","08191","Rubí",,,,"619874051","caminacorreiballa@gmail.com","www.caminacorreiballa.com","Associació","Altres","2022-10-19T00:00:00.000+02:00","818460009","Ajuntament de Rubí"
"473","G67359869","Club de Boxeo Vega","C. Virgen de Fàtima n.10, local 1","08191","Rubí",,,,"635937057","maricarmen.romero83@gmail.com",,"Entitats esportives","Altres","2019-01-08T00:00:00.000+01:00","818460009","Ajuntament de Rubí"
"474","G72688518","ASSOCIACIO DYN4MIFIT","CAL GERRER 15, 1-3","08191","RUBÍ",,,,"635422844","loli.vaquero@hotmail.com",,"Associació","Registre d'associacions (Generalitat)","2022-06-01T00:00:00.000+02:00","818460009","Ajuntament de Rubí"
"475","G67778225","En Nuestra Casa de Madera","C JUSTICIA 13, BX","08191","RUBÍ",,,,"622238152","ennuestracasademadera@gmail.com",,"Associació","Registre d'associacions (Generalitat)","2021-09-03T00:00:00.000+02:00","818460009","Ajuntament de Rubí"
"476","G10906022","Club de Tennis de Taula Rubí","C. JUAN RAMON JIMENEZ 2, 1-3","08191","RUBÍ",,,,"619649766","ggmz12@gmail.com",,"Entitats esportives","Registre d'Entitats Esportives","2022-06-15T00:00:00.000+02:00","818460009","Ajuntament de Rubí"
"477","G13747407","Asociación Grupo de Estudio de Murciélagos y Aves de Rubí (AGEMAR)","Carrer Astúries, 12","08191","Rubí",,,,"626924034","agemar2023@gmail.com",,"Associació","Registre d'associacions (Generalitat)","2023-04-11T00:00:00.000+02:00","818460009","Ajuntament de Rubí"
"478","H59025684","Asociación de vecinos de Las Lomas","Avinguda Can Fatjó s/n","08191","Rubí",,,,"633027874","manuelventura190@gmail.com",,"Associació","Registre d'associacions (Generalitat)","2023-02-10T00:00:00.000+01:00","818460009","Ajuntament de Rubí"
"479","G09963364","Majnunat Assoc. Promoció i difusió dansa oriental, fusion...","Carrer Primer de Maig, 43, Escala A, 3r 2a","08191","Rubí",,,,"651179833","majnunatraqssharqi@gmail.com",,"Associació","Registre d'associacions (Generalitat)","2021-11-20T00:00:00.000+01:00","818460009","Ajuntament de Rubí"
"480","G72619349","Associació Club de Lectura Criminal de Rubí - CLC Rubí","Dr. Robert, 19, 1r","08191","Rubí",,,,"699211988","isabel.mercaderb@gmail.com",,"Associació","Registre d'associacions (Generalitat)","2022-07-04T00:00:00.000+02:00","818460009","Ajuntament de Rubí"
"481","G72544588","Associació Ball Esportiu The Community Dance Rubí","C. Dublin, 10","08191","Rubí",,,,"636981476","info@thecomunnitydancecenter.com",,"Associació","Registre d'Entitats Esportives","2022-09-15T00:00:00.000+02:00","818460009","Ajuntament de Rubí"
"482","G64154479","Associació CREART","C. d'en Cortines, 23, 4t 2a","08003","Barcelona",,,,"609807518","info@creart.org.es",,"Associació","Registre d'associacions (Generalitat)","2006-03-20T00:00:00.000+01:00","818460009","Ajuntament de Rubí"
"483","G62393616","Fundació privada Iniciatives Solidàries","C. Consell de Cent, 140 entlo 1","08010","Barcelona",,,,"934241441","iniciatives@iniciatives.org",,"Fundació","Registre d'associacions (Generalitat)","2000-04-12T00:00:00.000+02:00","818460009","Ajuntament de Rubí"
"484","G01796390","Associació Paz y Esperanza Cataluña","Ctra. Sabadell, 103 local 2","08191","Rubí",,,,"608664085","pamisa74@hotmail.com",,"Associació","Registre d'associacions (Generalitat)","2018-04-23T00:00:00.000+02:00","818460009","Ajuntament de Rubí"
"485","G56963325","AVIS Associació de Veïns i socis Districte 2 Urbanitzacions de Rubí","AV CASTELLNOU, 180","08191","RUBÍ",,,,"637170331","avisurbanitzacionsrubi@gmail.com",,"Associació","Registre d'associacions (Generalitat)","2023-09-09T00:00:00.000+02:00","818460009","Ajuntament de Rubí"
"486","F61969093","Integració Social de Menors, ISOM sccl","C. Valencia, 558, 5è 2a",,"Barcelona",,,,"934085977","isom@isom.cat",,"Associació","Registre d'associacions (Generalitat)","1999-02-05T00:00:00.000+01:00","818460009","Ajuntament de Rubí"
"487","G70636915","Associació Acció Cultural Rubí","Pasage Topacio, 10, 2 2a","08191","Rubí",,,,"626503021","accioculturalrubi@gmail.com",,"Associació","Registre d'associacions (Generalitat)","2023-10-09T00:00:00.000+02:00","818460009","Ajuntament de Rubí"
"488","G70962709","ASSOCIACIÓ RUBINENCA DEL VI","LLEIDA 35 1º 1ª","08191","RUBÍ",,,,"653684105","info@ruvi.cat","www.ruvi.cat","Associació","Registre d'associacions (Generalitat)","2024-03-10T00:00:00.000+01:00","818460009","Ajuntament de Rubí"
"489","G65609265","AFA TORRENT DELS ALOUS","Ptge. Marconi, 13-15","08191","Rubí",,,,"936998844","afa@instorrentdelsalous.cat",,"Associació","Registre d'associacions (Generalitat)","2023-10-17T00:00:00.000+02:00","818460009","Ajuntament de Rubí"
"490","G70692199","Associació de Veïns del Carrer Sant Miquel de Rubí","C. Sant Miquel, 31 bx","08191","Rubí",,,,"645535277","avsantmiquelrubi@gmail.com",,"Associació","Registre d'associacions (Generalitat)","2023-09-05T00:00:00.000+02:00","818460009","Ajuntament de Rubí"
"491","G44540425","Associació de Propietaris i Veïns de la Urbanització els Nius - Sector H de Rubí","C. Biscaia, 37 A puerta 25","08191","Rubí",,,,"663029026","aavvnius@hotmail.com",,"Associació","Registre d'associacions (Generalitat)","2022-10-20T00:00:00.000+02:00","818460009","Ajuntament de Rubí"
"492","G55443915","Associació Juvenil Addictes al Microteatre","C MENTA, 28","08191","RUBÍ",,,,"634461269","microteatrerubi@gmail.com",,"Associació","Registre d'associacions (Generalitat)","2023-11-10T00:00:00.000+01:00","818460009","Ajuntament de Rubí"
"493","G19415249","ASSOCIACIÓ VAMOS","c. Pitagoras, 3B 4r 1a","08191","Rubí",,,,"658633913","diegodimov@gmail.com",,"Associació","Registro nacional de asociaciones (Ministeri Interior)","2024-02-28T00:00:00.000+01:00","818460009","Ajuntament de Rubí"
"494","G66161761","CLUB CICLISTA NO LÍMITS VALLÈS","Ctra. Molins de Rei, 115","08191","Rubí",,,,"696093497","ismaga79@gmail.com",,"Associació","Registre d'Entitats Esportives",,"818460009","Ajuntament de Rubí"
"495","G61003273","Associació de Malalts i Trasplantats Hepàtics de Catalunya","C. Llacuna, 5","08191","Rubí",,,,"666829120","ATHC@ATH.CAT",,"Associació","Registre d'associacions (Generalitat)","1994-10-14T00:00:00.000+01:00","818460009","Ajuntament de Rubí"
"496","G19984137","Associació AMares Doules","C. Terrassa, 40, 2-5","08191","Rubí",,,,"679801692","amaresdoules@gmail.com",,"Associació","Registre d'associacions (Generalitat)","2023-11-15T00:00:00.000+01:00","818460009","Ajuntament de Rubí"
"497","G60605318","Associació de Cardiopaties Congènites (AACIC)","Carrer Mare de Déu de Fàtima, 45-47 5è 2a,","08191","Rubí",,,,"934586653","info@aacic.org",,"Associació","Registre d'associacions (Generalitat)","1994-05-25T00:00:00.000+02:00","818460009","Ajuntament de Rubí"
"498","G64925571","Fundació Coravant Cardiopaties Congènites","Carrer Mare de Déu de Fàtima, 45-47 5è 2a,","08191","Rubí",,,,"934586653","coravant@fundaciocoravant.org",,"Fundació","Registre d'associacions (Generalitat)","2008-10-01T00:00:00.000+02:00","818460009","Ajuntament de Rubí"
